Country,Year,Default,Debt_GDP,ExtDebt_GDP,DebtServ_XGDP,RealGDP_growth,GDP_per_capita_USD,Inflation,fiscal_balance,primary_balance,CurrentAccount_GDP,Reserves_months,ExchangeRate_change,Trade_openness,US_FedFundsRate,World_GDP_growth,Oil_price_index,VIX,ICRG_political,ElectionYear
Nigeria,1980,0,91.35162646,47.6185677,17.18807239,2.470156199,52258.64336,3.638548521,-11.67845629,-9.59866397,12.95423202,4.069993912,30.8007588,61.81516651,3.451559323,5.756658003,169.55174,32.81158324,45.93792675,0
Nigeria,1981,1,57.39225478,86.79563187,29.85734469,-2.845664701,46618.92789,88.66268475,-8.674211412,-10.88278778,11.27310851,2.65337916,-24.73000921,39.79002438,12.05653175,1.364647071,81.60370203,79.12146919,79.47095389,0
Nigeria,1982,0,59.88095794,87.05382598,17.73647923,6.888112246,5314.173233,86.26420072,-13.94680658,-16.73533988,14.58229961,1.836344424,17.7561088,148.3361501,7.198065902,2.261823532,134.4171841,70.79528819,61.76809482,0
Nigeria,1983,0,65.88460545,18.93138984,34.16460068,-0.934005227,53451.45911,99.78047879,-13.18472869,-13.81445617,9.984227463,1.077724341,99.2476721,117.0120163,9.154529613,3.712582867,80.07006716,67.79696022,93.11646195,0
Nigeria,1984,0,100.7680184,18.16487945,20.89947535,4.528827162,28464.49892,56.44422986,-8.915418018,-6.038768167,-15.17655136,9.172187351,-4.237572193,73.9222947,1.382301258,-0.131932723,92.75561376,45.07815843,72.02486175,0
Nigeria,1985,0,63.42649554,33.64259293,30.18454446,-8.089275847,44708.57005,73.87512183,-14.51176799,-16.84971463,0.662453059,3.212194488,-9.581034718,141.669136,3.07547375,-0.959336845,85.32219395,66.49612495,36.95172471,0
Nigeria,1986,0,115.2508766,88.72894563,8.760862575,-2.079513074,8660.342106,16.28055016,-8.864735198,-11.25442453,-2.230243168,0.778908764,-32.29911574,31.84525867,11.60036822,5.682166552,146.7507007,28.68087532,33.1846919,0
Nigeria,1987,0,72.58856012,21.60123266,34.61417149,9.664828729,40341.95568,65.09052591,1.374408077,2.881407141,-7.553936869,5.068612496,39.57135232,31.39595814,3.358626618,0.893538521,129.0093417,49.24546275,49.79074703,0
Nigeria,1988,0,28.88591604,74.79971224,30.75012954,6.16920579,14408.66325,63.22194912,-13.47232304,-14.59935287,13.36161639,6.049981427,-36.61595015,108.7186324,1.387947413,-2.985682561,158.1948719,37.50426429,47.75412322,0
Nigeria,1989,0,121.8887795,19.10490577,12.41008725,-6.801183953,26471.33956,89.62691726,-4.081583055,-2.777893352,-1.434431905,2.446147655,64.90120957,43.13636629,8.958049234,4.539464687,82.9915156,21.99393381,52.57054599,0
Nigeria,1990,0,57.1485822,66.08240684,10.08501034,-4.44471901,1306.713344,82.2332359,7.827719673,6.02778321,-17.58809595,1.006555866,87.88352715,139.228137,8.219047742,2.396977452,51.37228036,15.0829402,34.68728562,0
Nigeria,1991,1,76.25969435,42.04605692,16.07023221,-3.403683823,9351.155084,93.53897857,4.782120723,4.542552688,-9.001376651,2.674943056,89.78066668,129.2466927,9.118408935,-1.482972936,152.0764351,49.07528681,98.2578136,0
Nigeria,1992,0,109.1077048,81.00225667,39.16247051,3.00731121,5797.205439,86.22751463,-7.364062443,-8.772323176,-10.85515768,8.309681761,-33.81256207,59.82773913,9.274582445,-2.728742761,67.22809377,16.83473944,31.65678183,0
Nigeria,1993,0,63.21930043,31.03214039,13.98910511,5.13989519,14612.72712,86.21285896,8.12013698,7.829306269,15.49915539,1.445802288,33.7393896,135.5491457,7.502960188,-0.376658121,86.94578366,60.26021677,72.21190194,0
Nigeria,1994,0,27.3561353,67.52816465,20.96445231,4.990532176,6271.079974,1.690949302,-6.758837581,-5.144255026,5.897524026,6.882925851,-35.43352176,25.57539931,7.406608809,5.350983859,95.85292287,74.50279351,21.04553881,0
Nigeria,1995,0,68.60973611,31.21142811,6.0507079,0.197481126,41607.02859,83.82600503,-13.18711259,-11.61505295,2.415050635,2.183737861,35.80242122,91.32292086,13.86248348,5.40142053,162.0203138,21.34742768,52.55688307,0
Nigeria,1996,0,142.7783158,74.22942548,18.90296353,6.216410757,2033.682162,58.78523142,9.851398919,9.946032645,0.265969667,2.750425496,72.24708778,141.6231606,8.008225873,-0.200968623,143.8837716,42.9657005,44.73467193,0
Nigeria,1997,0,103.4254716,88.63102311,24.99620054,-1.258438345,37179.10789,34.94666744,6.75056318,9.320794242,6.004521102,5.020395658,30.66852435,131.1997873,9.259503036,4.523378935,77.63981548,61.71422151,50.56197102,1
Nigeria,1998,0,107.2922893,21.41216192,38.35936144,-7.522388694,8700.2575,0.934035561,-3.351680417,-4.768975803,10.19502187,1.659491365,80.80807392,66.28953209,4.004540879,0.976607909,139.6831716,30.07877627,59.84618758,0
Nigeria,1999,0,102.19668,87.99361197,23.08576157,1.288836833,56726.13899,66.15574635,1.659413105,0.101281212,2.175388233,2.491840282,70.25115323,43.77315658,13.06639801,2.889102742,156.2221993,74.45351637,68.03000012,0
Nigeria,2000,0,45.86897806,63.4217729,33.66875642,9.046027692,56005.71616,29.46118381,1.780701946,2.463540353,17.53141661,4.512952732,-8.517747509,47.37027649,0.36552139,0.009994883,108.3345804,72.19258912,66.68090758,0
Nigeria,2001,0,74.38340233,21.43994418,24.14946749,5.859873028,13762.53522,44.11650782,-10.13794423,-9.410162026,19.07336683,4.291193563,44.51534243,86.88602415,8.358401434,1.643753366,86.8929371,17.2628049,70.45709361,0
Nigeria,2002,0,117.6221738,48.47876698,6.42747547,1.574012954,36980.9515,66.58148589,-9.998784171,-12.71954393,19.81369266,9.116622085,-48.88818103,97.5804827,5.757754428,-0.355984981,151.8474159,11.91798401,87.5638146,0
Nigeria,2003,0,33.17847668,24.47742641,16.02528963,2.936113207,1971.917573,90.73632744,-3.260482416,-2.613816142,6.775644404,1.359996509,9.406287389,24.26586116,9.058562933,-2.449970739,141.63368,78.35209381,90.93737245,0
Nigeria,2004,0,56.12086089,73.03131,25.14423277,8.611240541,55927.77602,81.67087614,7.789328503,7.035945448,17.30481867,10.39518346,-14.30597483,73.7617027,5.402580747,-1.745596324,61.68682377,76.95325173,78.98002404,1
Nigeria,2005,0,55.9214841,78.2981321,38.27078881,-1.433144111,31522.3423,42.31269856,-14.75015563,-13.26550048,-3.820812188,9.886669964,90.56745189,127.950325,10.76531868,-0.38392955,150.001946,39.55999231,26.31537943,0
Nigeria,2006,0,76.16246059,19.52168682,35.06956259,-3.372117221,2880.42214,35.71723153,4.562640899,6.411274886,14.38369565,9.308903856,10.80835176,77.76276353,0.304971645,5.786284056,123.2776899,13.53943269,96.90339132,0
Nigeria,2007,0,147.4479363,55.55258674,12.9924465,9.5448313,20747.24958,20.17687258,-13.56183041,-13.24890749,16.36697195,4.057782168,48.10966426,41.99280082,6.088341582,5.691049352,163.0053435,53.32128869,95.79184691,0
Nigeria,2008,0,28.77533107,83.31625504,12.70384405,7.26886267,4887.912873,34.10480887,-3.044447128,-6.034216939,16.16561889,9.963140534,59.79724139,144.1318381,12.468954,4.448970082,78.60763128,30.53870752,76.93630356,1
Nigeria,2009,0,87.43112927,94.25467374,12.04105385,-3.539128308,23758.78303,6.659870666,0.946820827,1.765015688,13.23385132,2.602223923,65.9818808,54.61582019,3.753010767,-0.90744554,88.73246269,75.57060908,61.39512571,1
Nigeria,2010,0,43.31740866,56.21660801,37.28746137,-0.724388053,40294.60263,96.96607838,2.168981677,3.662269355,-3.736033534,1.930705867,60.3662788,123.7956745,0.791263176,0.974419265,131.4969109,65.62633475,40.04946867,1
Nigeria,2011,0,146.1879509,95.52513013,34.84331536,-1.69843742,28352.42751,55.26133162,-13.53801841,-15.04411881,-13.64370072,1.016997835,-6.625240852,45.19324162,7.447861118,0.958045546,122.2600292,55.47156489,80.50809116,0
Nigeria,2012,0,34.72945561,58.21200734,32.12092013,-7.018086427,23208.21383,8.419613493,-4.534909565,-4.747033559,-6.641745746,11.30206917,52.91015451,75.0124548,14.64800191,0.482759203,107.9548057,29.91526933,90.2288143,0
Nigeria,2013,0,72.46813031,45.47714451,18.745729,9.156386476,7413.675619,32.04463097,-0.404068487,2.390291253,10.69154277,4.042125324,32.35142234,83.75493017,0.962378423,-2.596077254,161.9049972,59.08880056,73.21500807,0
Nigeria,2014,1,115.925048,86.33828157,22.65332465,-1.913751376,14922.86103,52.43911008,-13.34886157,-14.56016825,-10.68457955,11.05260562,39.60589972,85.08258847,1.050847391,1.810746368,134.7127345,30.24177867,70.32581063,0
Nigeria,2015,0,111.5920756,54.36844394,21.25161107,7.506581653,6278.554278,50.95299185,-11.62263609,-13.28371658,-0.869117407,3.635055957,-49.8778074,87.14160285,8.926748474,-2.344692071,156.5407781,12.63416889,35.44037637,1
Nigeria,2016,0,74.9547228,52.47122595,13.86893376,-6.212875446,48507.67428,-1.272146285,1.591224738,-0.14364652,2.615980719,10.93700853,-11.26135986,49.24318029,3.751015693,4.217268126,72.98824435,45.59042113,48.62372183,0
Nigeria,2017,0,65.04814183,54.12812405,22.67598162,0.957416213,8373.817731,94.83830859,-1.959045085,-1.606240079,4.154342498,10.89518411,89.60255451,87.06901785,6.153468505,3.221764286,159.3482443,44.20791814,77.85089776,0
Nigeria,2018,0,71.68960921,86.21065017,6.067379175,-9.520772298,35843.78998,23.91444655,-10.95428347,-8.25556086,17.42902194,11.12227452,-6.488587504,82.622658,12.45760729,0.17463306,119.2292162,63.41041811,21.35189911,0
Nigeria,2019,0,54.35591421,84.87473875,9.613363072,5.284409677,20761.60269,-3.300609762,-1.619016577,-0.966875802,6.459720817,6.205764552,15.70232834,47.13353463,2.982730263,2.82422744,55.06519035,70.59717176,71.30114218,0
Nigeria,2020,0,46.69328203,46.31679932,36.03063587,1.618277965,13790.90956,3.02662094,7.817309336,6.637248058,11.45195264,10.4583823,-21.99890267,148.4649027,10.78949905,-0.902666941,85.1737331,34.81279421,81.33362408,0
Nigeria,2021,0,82.79516068,39.99698739,31.30879185,2.511791669,38476.26584,55.92046484,-14.61031038,-13.77889171,3.275133916,11.43380781,-29.20961721,132.5232411,7.567282699,-0.612749415,53.86345876,41.46311071,46.7763589,0
Nigeria,2022,0,54.90938829,54.27352216,19.80039432,-8.965582349,27583.03787,9.467479671,1.065844337,1.814898123,13.34321275,4.233094832,-18.6996547,135.3849256,13.57436539,-0.172798348,118.5311783,42.92802938,26.09342154,0
United Kingdom,1980,0,57.37001644,61.54952588,23.10026268,-5.779233396,24188.6844,-0.61889675,-13.15873913,-12.57718832,-9.453455477,5.317055665,33.04709933,109.1242365,3.451559323,5.756658003,169.55174,32.81158324,85.52955031,0
United Kingdom,1981,0,105.3782883,31.45034896,17.94996101,-8.513382553,35693.26469,34.86077897,-14.83876393,-16.88220668,-11.60489313,8.771262154,87.85429771,40.78661399,12.05653175,1.364647071,81.60370203,79.12146919,31.34694636,0
United Kingdom,1982,0,145.9098531,81.45595762,30.92729535,-4.221713684,29628.67742,60.3899252,-11.23363778,-10.42623699,17.05280195,3.95413795,-1.070123016,93.85196831,7.198065902,2.261823532,134.4171841,70.79528819,49.66408848,1
United Kingdom,1983,0,98.47283607,53.78344892,32.44655127,2.548780154,18418.00725,6.743179508,-4.427334204,-4.846347489,7.739235054,9.168807052,-1.488807169,126.7871521,9.154529613,3.712582867,80.07006716,67.79696022,76.58032841,0
United Kingdom,1984,0,30.00733072,40.06409936,31.71498166,1.323719686,33675.95888,27.89942238,5.058599975,2.170152326,6.861023082,1.34975967,34.62108803,25.03574353,1.382301258,-0.131932723,92.75561376,45.07815843,85.35887901,0
United Kingdom,1985,0,29.8258698,19.61388937,30.29141037,2.242996432,40269.06502,38.86487052,-7.955362585,-7.716775662,-1.308190455,6.520231419,3.511407654,84.45960343,3.07547375,-0.959336845,85.32219395,66.49612495,88.99055348,0
United Kingdom,1986,0,143.6850187,31.49606444,12.15765185,0.985025428,1893.581568,11.74331027,0.64183031,3.577430781,-4.932109628,1.906605067,86.5624072,71.4959744,11.60036822,5.682166552,146.7507007,28.68087532,62.43337533,0
United Kingdom,1987,1,58.64780274,95.43530546,16.82894927,-4.539424086,28112.54222,48.13775934,-4.721084051,-5.622646506,2.227647779,3.873219979,6.677206396,47.57621486,3.358626618,0.893538521,129.0093417,49.24546275,58.06973572,1
United Kingdom,1988,0,31.96870819,37.45897181,21.44459022,-5.109850053,3743.69209,3.947479125,-9.141705201,-6.348349891,-15.17734602,3.474192014,23.56633788,69.17250049,1.387947413,-2.985682561,158.1948719,37.50426429,87.86538216,1
United Kingdom,1989,0,97.87579633,25.19733604,16.5777547,-7.258806329,11428.40322,-0.115557884,-2.143822143,-4.566587693,-1.811497557,10.14771885,30.0083926,147.8546764,8.958049234,4.539464687,82.9915156,21.99393381,65.0461676,0
United Kingdom,1990,0,101.0743412,51.46055125,31.42290701,6.981417498,33762.37142,49.58271355,4.936612259,6.331312955,-1.785291821,2.725448437,67.31016927,114.0216324,8.219047742,2.396977452,51.37228036,15.0829402,66.29205827,0
United Kingdom,1991,0,104.3056266,37.6378969,16.52737335,2.329587171,52011.47824,21.02918214,5.812309251,3.498289219,1.533460518,9.797151082,34.58589091,58.9398204,9.118408935,-1.482972936,152.0764351,49.07528681,54.71786944,0
United Kingdom,1992,0,54.76226362,13.16433252,9.838123037,-6.26977975,53003.49905,5.014249829,6.162988297,4.804417738,5.387424575,9.630543978,-14.12673498,98.69615669,9.274582445,-2.728742761,67.22809377,16.83473944,49.82511775,0
United Kingdom,1993,0,21.96438895,39.08306956,18.96641582,-6.455812404,4475.657405,39.51082169,-6.536054686,-6.111009674,18.29273464,6.237155139,-31.40191901,52.06531124,7.502960188,-0.376658121,86.94578366,60.26021677,58.44326858,1
United Kingdom,1994,0,145.451998,58.96977615,39.29700515,7.460712031,25320.57365,91.08977765,4.836401618,5.393079782,6.086765084,3.189197439,90.666182,99.40970817,7.406608809,5.350983859,95.85292287,74.50279351,49.1877995,0
United Kingdom,1995,0,52.61609594,59.65411348,12.90584945,4.854617275,35105.48704,71.0402069,-9.695538622,-8.044270719,15.34900608,3.109307909,70.2344492,136.5016696,13.86248348,5.40142053,162.0203138,21.34742768,47.483716,0
United Kingdom,1996,0,107.8834174,42.09030291,26.42555306,3.187981598,9080.073302,80.63967111,3.460627531,4.152495974,2.252154459,5.846633442,-46.55521846,92.39398399,8.008225873,-0.200968623,143.8837716,42.9657005,99.49314736,0
United Kingdom,1997,0,111.8618831,50.25724806,20.15405674,-1.862717849,45996.30334,86.55096882,8.709610657,9.271298883,5.077115305,0.601303585,73.22934765,115.3341968,9.259503036,4.523378935,77.63981548,61.71422151,46.89707953,0
United Kingdom,1998,0,99.30096422,96.89661264,7.485859868,-4.760488714,44730.84493,97.12591285,-14.65640413,-12.18228561,-17.20652188,6.610533678,38.58966909,78.93406983,4.004540879,0.976607909,139.6831716,30.07877627,40.5106998,0
United Kingdom,1999,0,60.67796125,43.96136295,22.07568121,9.589015262,54229.45852,75.14089022,-3.990901721,-4.277937207,-14.66945108,11.45696455,27.83413526,88.1361093,13.06639801,2.889102742,156.2221993,74.45351637,48.31392719,1
United Kingdom,2000,0,55.24251299,33.24041319,29.5757515,5.9447915,806.6149214,58.8828318,1.19427471,-0.454130617,3.186817408,2.279129141,-48.16562315,110.3597602,0.36552139,0.009994883,108.3345804,72.19258912,67.26250725,0
United Kingdom,2001,0,97.69687675,31.91203397,22.96269915,-3.964415537,13236.04937,33.36971743,2.544394262,0.515125772,-4.171485202,7.093474647,67.12960846,125.6126507,8.358401434,1.643753366,86.8929371,17.2628049,92.87923893,1
United Kingdom,2002,0,132.5924324,51.19881514,35.52371223,6.951295926,49683.04684,14.07253984,-10.59780604,-11.19783846,11.95242079,11.56045492,-20.29024786,105.7286802,5.757754428,-0.355984981,151.8474159,11.91798401,83.02914002,0
United Kingdom,2003,0,143.0753848,78.35681338,15.11279558,5.178638972,40333.62903,67.09928677,9.304581881,10.58109841,1.727114995,10.3960046,59.19718198,147.0739592,9.058562933,-2.449970739,141.63368,78.35209381,87.37929113,0
United Kingdom,2004,0,33.76775457,28.53893658,8.018720996,-4.058389002,53695.07427,99.46974854,0.381634199,-2.363104891,15.29164156,10.27937134,-47.6197629,126.5769364,5.402580747,-1.745596324,61.68682377,76.95325173,88.72068885,0
United Kingdom,2005,0,40.12771964,73.83665144,37.77979641,-1.468942915,3713.625375,44.07266188,-10.89148497,-13.11716465,18.89326714,9.9512742,69.45304745,121.0308266,10.76531868,-0.38392955,150.001946,39.55999231,93.64227172,0
United Kingdom,2006,1,142.8157136,11.9034841,18.23687223,-6.280931092,35938.74875,70.98633365,-14.48693721,-16.85025645,-14.0945926,4.05377147,-46.54407975,129.8632053,0.304971645,5.786284056,123.2776899,13.53943269,38.80569863,0
United Kingdom,2007,0,115.7495797,47.70396802,25.1741943,-7.778951112,34272.08052,46.98470725,4.58160497,5.093105888,-4.206889934,10.74209356,-14.61606439,56.55742161,6.088341582,5.691049352,163.0053435,53.32128869,56.66928248,0
United Kingdom,2008,0,134.7891972,79.82785587,32.72010941,4.455240657,2429.762657,40.35300945,-13.00738151,-14.55019361,6.59924101,11.32541404,-9.758268123,76.16613001,12.468954,4.448970082,78.60763128,30.53870752,50.81581333,0
United Kingdom,2009,0,46.34224244,40.48596602,16.35097824,-4.649762853,30957.26799,38.08208942,-11.47372697,-13.4761704,-7.780449784,6.201612868,-26.37370428,93.38017939,3.753010767,-0.90744554,88.73246269,75.57060908,50.55015957,0
United Kingdom,2010,0,96.38616324,60.73633913,30.06575884,6.401187315,36688.36259,47.98559171,-0.629249329,-0.07262501,-9.318706491,4.577567043,22.15872943,80.1102214,0.791263176,0.974419265,131.4969109,65.62633475,72.18269214,0
United Kingdom,2011,0,111.1481473,28.44813095,9.739659744,9.91217423,11720.2025,33.5240445,0.087637586,1.655497079,12.54954243,5.263633679,-7.446806057,130.1695164,7.447861118,0.958045546,122.2600292,55.47156489,52.14424483,0
United Kingdom,2012,0,108.4145451,76.7795852,15.19528115,-8.467603721,16617.77611,73.62119879,2.172177965,1.165107464,19.21513876,4.343374081,98.99319636,23.5189073,14.64800191,0.482759203,107.9548057,29.91526933,69.30642447,0
United Kingdom,2013,0,73.05971981,14.70511929,10.06487226,-0.539297498,38528.73657,86.79856279,-5.162149683,-4.692922049,10.95213325,2.942812083,36.995319,47.19280424,0.962378423,-2.596077254,161.9049972,59.08880056,50.5823491,0
United Kingdom,2014,0,22.00133592,86.72883804,33.39306954,6.041251186,28257.56657,87.7029572,4.347466724,1.936213203,0.947064912,7.612157408,34.97167376,134.6218503,1.050847391,1.810746368,134.7127345,30.24177867,44.89025462,0
United Kingdom,2015,0,95.78038738,27.83767478,12.79272323,5.779017931,51523.41536,18.90836491,9.35896499,11.97011117,-2.299550722,6.969864192,-16.86955548,27.6830179,8.926748474,-2.344692071,156.5407781,12.63416889,48.24617428,0
United Kingdom,2016,0,52.90320009,88.69582285,30.10912444,5.199943167,20740.19143,89.07045957,-8.222626423,-9.201249311,1.585908821,5.819728317,11.30341581,49.50847947,3.751015693,4.217268126,72.98824435,45.59042113,84.30056448,1
United Kingdom,2017,0,78.533052,41.72763172,38.0154439,-3.020101294,16219.58161,30.86287934,2.575715413,5.560749572,-1.486411912,1.602221947,-31.40330085,65.66254295,6.153468505,3.221764286,159.3482443,44.20791814,68.0840829,1
United Kingdom,2018,0,144.485532,75.0415217,23.47202732,-0.922934886,59096.49664,27.47730488,8.21171631,11.08324284,0.115522271,9.664269094,64.37938784,117.5962729,12.45760729,0.17463306,119.2292162,63.41041811,97.91981864,0
United Kingdom,2019,0,71.87459129,38.7302768,23.90102173,1.899367147,54694.80548,71.30938603,2.157169065,3.830109761,-11.86187798,2.511735972,-0.326113077,92.8234905,2.982730263,2.82422744,55.06519035,70.59717176,86.61249811,1
United Kingdom,2020,0,129.1742089,91.53205041,21.13617488,9.478811671,2030.866876,26.99311571,2.027737466,-0.851859961,16.14967797,1.817463499,62.79487501,144.0986114,10.78949905,-0.902666941,85.1737331,34.81279421,58.86244867,1
United Kingdom,2021,0,44.51027875,21.3973413,16.40615502,-3.449054581,46312.49833,0.561472589,-9.405685773,-9.144836251,10.18140006,7.665321048,5.754399989,49.62375196,7.567282699,-0.612749415,53.86345876,41.46311071,39.39010681,0
United Kingdom,2022,0,107.4198647,26.06678103,21.64792608,8.462877754,6886.985997,34.22986609,-1.621744992,-4.100726469,7.239096908,5.084410154,98.31358602,133.3756526,13.57436539,-0.172798348,118.5311783,42.92802938,73.91272892,0
Algeria,1980,0,147.0109041,54.37271126,26.09826363,-4.612861636,1940.866131,70.75388804,-0.93692891,1.433899246,17.99699884,1.187797467,-24.33175666,56.77875367,3.451559323,5.756658003,169.55174,32.81158324,78.13168218,0
Algeria,1981,0,33.24610311,17.37445951,39.50970503,9.781489309,16639.6223,29.33063413,2.503239061,4.241056577,-8.624226723,4.589036082,-49.77141592,51.91477369,12.05653175,1.364647071,81.60370203,79.12146919,57.13407838,0
Algeria,1982,0,21.08159249,27.63821662,37.82175958,3.405273737,16379.94898,61.10370088,9.920536247,12.75457851,-16.75362356,9.375474051,39.22383121,84.78877575,7.198065902,2.261823532,134.4171841,70.79528819,38.39377059,0
Algeria,1983,0,76.36576304,94.9389744,35.17535354,-0.729770393,49213.33011,64.31254165,-14.15890444,-13.50860672,13.04554641,7.57536586,92.94298001,29.25658568,9.154529613,3.712582867,80.07006716,67.79696022,64.57906543,0
Algeria,1984,0,32.0413128,97.8840695,36.11956875,2.267808561,42726.83458,72.04228123,-13.36918347,-13.23614664,19.93667855,4.672039264,47.05810824,69.95991169,1.382301258,-0.131932723,92.75561376,45.07815843,40.30634019,0
Algeria,1985,0,117.2899655,43.86333964,21.37472142,-4.549376619,58902.08281,89.19869896,-13.05124826,-12.93740513,3.137297521,2.705755104,-37.14147159,66.23787585,3.07547375,-0.959336845,85.32219395,66.49612495,95.19986541,0
Algeria,1986,0,138.8913263,93.09574189,28.01055145,-4.51652285,42777.32015,40.41927242,3.574478362,2.893168609,-17.64762448,7.765649639,31.07205737,40.81320224,11.60036822,5.682166552,146.7507007,28.68087532,70.31073984,0
Algeria,1987,0,76.42272645,59.03422081,36.3273353,-7.728909123,25269.85653,12.47536805,-11.59115512,-11.77901472,11.21872161,10.70688596,86.42304042,131.9033299,3.358626618,0.893538521,129.0093417,49.24546275,43.35447693,0
Algeria,1988,0,53.63251348,34.27682193,18.75327677,-7.718994046,42025.98136,28.48720012,0.561296862,1.373772361,-17.05003805,7.932136257,-49.02408982,70.16565368,1.387947413,-2.985682561,158.1948719,37.50426429,37.25845507,0
Algeria,1989,0,76.47243147,73.2158849,38.66168674,-3.046565171,59967.70631,40.37756179,-6.883278053,-4.285592407,1.60055945,9.848394328,-24.96316807,147.6496233,8.958049234,4.539464687,82.9915156,21.99393381,77.33786267,1
Algeria,1990,0,114.0482163,69.30116259,19.55251217,5.257109558,42695.47039,69.95860428,-3.567001095,-2.991695065,-8.898701032,6.497570143,72.18423342,136.9620334,8.219047742,2.396977452,51.37228036,15.0829402,76.62346242,0
Algeria,1991,0,21.17704101,99.02127872,26.03789329,2.159423352,45772.37695,-3.622176816,-9.608421005,-7.465725351,16.60107122,8.756667728,84.08606599,45.32539094,9.118408935,-1.482972936,152.0764351,49.07528681,67.77057852,0
Algeria,1992,0,96.62901863,33.85425587,29.84316496,-7.948308793,56320.39141,28.15746526,6.652664033,8.8293435,-1.94675147,10.8066079,56.07409313,85.6658824,9.274582445,-2.728742761,67.22809377,16.83473944,69.14408201,0
Algeria,1993,0,99.72791904,70.48535524,38.27072046,7.0447305,7084.9803,76.88347101,-0.346241896,-0.233245841,15.93853394,9.39155825,98.73402455,98.23453799,7.502960188,-0.376658121,86.94578366,60.26021677,68.30952023,1
Algeria,1994,0,102.8994721,14.68213795,13.56156959,2.02735254,42375.62232,65.44005885,8.61408159,7.698899439,-8.03675659,10.96332046,-36.46761056,126.4648654,7.406608809,5.350983859,95.85292287,74.50279351,48.80827574,0
Algeria,1995,0,51.4628704,20.22814348,31.11458424,9.217111536,51093.11569,71.83269723,-0.635093757,0.202349483,-4.505496647,5.458105424,31.85147738,135.1335575,13.86248348,5.40142053,162.0203138,21.34742768,94.9931528,0
Algeria,1996,0,112.826854,10.35265375,23.22854552,3.403709348,57276.40243,80.24013079,-11.90229924,-12.22703518,17.88476753,10.89853293,52.7492084,101.1223428,8.008225873,-0.200968623,143.8837716,42.9657005,58.34227714,1
Algeria,1997,0,31.88089322,99.9514613,14.39949992,-6.496502726,12894.8666,77.23975048,-10.72823915,-13.23959395,-11.94742196,7.648023197,55.39670806,24.56744641,9.259503036,4.523378935,77.63981548,61.71422151,21.62623201,0
Algeria,1998,0,45.90514374,82.20463274,32.18123939,-0.524332754,30384.56176,66.62923245,9.726849409,8.993704012,3.140046066,10.50556081,69.0226923,82.56593844,4.004540879,0.976607909,139.6831716,30.07877627,47.86890739,0
Algeria,1999,0,134.0711061,80.80507133,24.32777981,2.969951951,40929.1244,41.1644609,3.139129933,6.103562762,-4.459586858,0.9528301,87.64390676,135.0244597,13.06639801,2.889102742,156.2221993,74.45351637,30.42260629,0
Algeria,2000,0,116.0340096,55.87534678,28.13408372,-9.434705979,15073.82345,98.27782453,-13.76803125,-16.47696003,10.9666754,8.065302392,4.246216843,112.8316483,0.36552139,0.009994883,108.3345804,72.19258912,49.07070328,0
Algeria,2001,0,21.78692202,37.00603746,16.3015374,-9.701794717,36148.22994,54.75268554,2.594525126,3.774526597,-14.82814515,10.25171341,-43.55549108,133.1184524,8.358401434,1.643753366,86.8929371,17.2628049,68.6609988,0
Algeria,2002,0,52.28891385,23.6137856,21.84458831,-7.411939988,15677.45332,16.29076698,-4.69567383,-2.648541599,-2.51140124,2.503323387,4.366287172,107.6303727,5.757754428,-0.355984981,151.8474159,11.91798401,21.81315796,1
Algeria,2003,0,47.87284279,35.6207265,26.60739878,-4.966711299,20207.38413,25.74534979,-7.319790329,-6.427434909,7.957305074,8.110549735,50.74221451,25.72455128,9.058562933,-2.449970739,141.63368,78.35209381,89.6160425,0
Algeria,2004,0,55.20482264,43.83740997,19.1718785,-1.40901753,26658.66618,67.82405788,-11.14848016,-10.72999077,-3.7193506,9.986979213,-17.9815869,145.8408653,5.402580747,-1.745596324,61.68682377,76.95325173,68.82472948,0
Algeria,2005,0,52.18277014,78.06790873,11.94303889,-0.251190525,31892.6489,92.09765435,5.997598864,7.242925366,-17.65873043,3.811417751,71.49594273,139.3424103,10.76531868,-0.38392955,150.001946,39.55999231,43.6297501,0
Algeria,2006,0,28.12841845,58.569561,38.65741723,-7.239447821,27127.14254,13.76561357,-13.40396553,-13.8279091,8.204490453,5.160332771,-17.03533134,36.45534019,0.304971645,5.786284056,123.2776899,13.53943269,44.89641391,0
Algeria,2007,0,79.66226716,16.97352639,22.9013639,3.467831582,29743.77253,3.646382053,-7.754113441,-10.20594302,0.127933107,7.049453763,-48.49048964,34.64985169,6.088341582,5.691049352,163.0053435,53.32128869,57.25345412,0
Algeria,2008,0,115.2553517,11.62261081,30.68721296,1.922761234,18125.74875,87.56076004,-7.340427654,-4.566197129,-19.54765253,6.470428422,26.21211613,90.08020506,12.468954,4.448970082,78.60763128,30.53870752,39.84734448,0
Algeria,2009,0,98.87512421,19.20989616,19.38665177,-4.110718023,9790.216113,91.10418779,-10.9773679,-11.38356328,4.506235809,0.95067802,58.96923571,118.4166085,3.753010767,-0.90744554,88.73246269,75.57060908,20.34735422,0
Algeria,2010,0,107.4733169,46.94488423,17.42961174,-9.726802331,3126.793646,24.01983126,-2.295377918,-1.303042495,16.7952409,1.634729128,2.448301081,69.68251755,0.791263176,0.974419265,131.4969109,65.62633475,22.12459585,0
Algeria,2011,0,30.54939321,93.98736253,19.25075045,-8.447041693,11999.92973,34.61500106,-14.70743433,-14.51957171,-15.55896207,1.655365662,62.33436993,37.72968126,7.447861118,0.958045546,122.2600292,55.47156489,48.61925376,1
Algeria,2012,0,143.6937923,67.36622331,19.32188253,-2.16610449,35042.0354,64.31973974,-7.475612115,-10.14757368,3.6268494,3.516080913,15.76065012,86.37229284,14.64800191,0.482759203,107.9548057,29.91526933,29.93773413,1
Algeria,2013,0,129.0039384,82.16433099,24.04630406,-6.920512977,47231.09223,29.64265219,8.340736101,11.05721571,9.146755271,3.327437297,-24.2428074,63.88359771,0.962378423,-2.596077254,161.9049972,59.08880056,21.78909397,0
Algeria,2014,0,124.6617414,51.97371351,24.02144545,-2.463607877,10404.08157,87.10166437,-7.236760766,-5.48153741,-17.16905319,9.035557414,-36.41624093,65.73035422,1.050847391,1.810746368,134.7127345,30.24177867,88.7415416,0
Algeria,2015,0,126.9878947,42.54994749,22.40038356,2.56365209,6780.754859,6.295763785,-5.988515322,-8.093927956,-19.09538167,7.086560439,56.58807474,103.8481198,8.926748474,-2.344692071,156.5407781,12.63416889,41.93098509,0
Algeria,2016,0,141.2523661,19.75603354,9.717502472,0.944748558,45032.63452,-1.011866799,-3.170873794,-0.280980536,-1.432165334,9.285724973,7.85721814,135.1290529,3.751015693,4.217268126,72.98824435,45.59042113,60.24980617,0
Algeria,2017,0,90.75301559,88.833972,22.36264175,-5.376482337,18517.95233,16.89105171,-0.957665629,0.463742604,11.64746749,1.30380466,86.91606519,92.61692501,6.153468505,3.221764286,159.3482443,44.20791814,34.35272674,0
Algeria,2018,0,46.03666232,80.48440261,10.91863651,-3.123550175,57104.51652,25.03921671,5.217716121,5.051646023,-13.5712236,6.079963731,31.03825879,109.3883264,12.45760729,0.17463306,119.2292162,63.41041811,23.73799778,0
Algeria,2019,0,100.181869,25.13062878,9.41475252,2.280623969,42944.78285,6.857292085,-10.24196942,-9.573749082,13.46549089,4.223419162,2.264862733,105.7931089,2.982730263,2.82422744,55.06519035,70.59717176,79.58930396,0
Algeria,2020,0,116.5745942,56.10345075,37.64260011,7.217100561,19807.33602,1.897495081,6.79365943,4.434079522,6.263090217,10.27430207,2.348639048,91.64900503,10.78949905,-0.902666941,85.1737331,34.81279421,29.99654837,0
Algeria,2021,0,115.9292611,53.86373271,26.17325046,5.064268775,17585.70204,74.33880992,3.938733929,4.301202989,-6.713068488,8.639575304,-30.28432033,60.39855893,7.567282699,-0.612749415,53.86345876,41.46311071,22.05735219,0
Algeria,2022,0,87.78837314,66.25823974,28.08215203,1.068000537,31564.79366,12.24903942,3.066258367,0.508224799,0.63303194,10.49647241,39.06837304,69.11324404,13.57436539,-0.172798348,118.5311783,42.92802938,66.97842626,0
Argentina,1980,0,28.89963351,95.15682046,19.06277846,-2.754140034,5024.936696,90.9618309,-12.82988566,-12.56075411,18.62299919,1.033911908,37.32507031,61.0414938,3.451559323,5.756658003,169.55174,32.81158324,21.07740579,0
Argentina,1981,0,68.244682,62.17942976,36.81433122,-2.698974449,7325.287805,33.63996445,-14.45898275,-14.14280862,-11.34252117,8.78947013,69.99905379,139.2747525,12.05653175,1.364647071,81.60370203,79.12146919,54.90287558,0
Argentina,1982,0,139.6996591,58.61955401,27.32756714,7.588346205,10798.71551,65.41361002,-0.149682477,2.096950234,-0.01858409,6.71009605,-19.82045563,127.4604272,7.198065902,2.261823532,134.4171841,70.79528819,43.10688388,1
Argentina,1983,0,95.97835827,14.52906396,31.92094543,-9.215128479,46550.99852,18.66722205,6.578349063,7.928694065,4.979462244,9.987500334,-6.381553629,95.31515847,9.154529613,3.712582867,80.07006716,67.79696022,45.5534388,0
Argentina,1984,0,89.98315262,15.66167284,17.89968642,9.759652888,30977.28435,20.23389069,-0.388963396,-1.891649043,-14.47941578,6.332346796,-35.41430464,138.5916512,1.382301258,-0.131932723,92.75561376,45.07815843,20.31192345,1
Argentina,1985,0,54.95095687,26.86121122,38.60041583,3.287508217,930.8572296,55.3444663,-9.669128364,-7.338571511,-18.25911646,6.712404396,-5.69866966,135.2331301,3.07547375,-0.959336845,85.32219395,66.49612495,97.14768643,0
Argentina,1986,0,67.89835959,12.92236945,33.71614516,3.622753981,40508.93669,53.86750714,-12.73700255,-12.29754656,-19.46160188,1.095324881,14.21531736,140.600272,11.60036822,5.682166552,146.7507007,28.68087532,61.3570482,0
Argentina,1987,0,136.3949916,76.9017606,34.88819621,-9.240043254,25594.30367,75.71656894,2.48991132,3.128188192,-7.012285736,8.188012948,94.60426089,48.8306015,3.358626618,0.893538521,129.0093417,49.24546275,65.80097064,0
Argentina,1988,0,106.6401962,75.09972736,11.02679936,2.110585498,30797.88619,74.5703971,3.044256933,1.058145148,-17.04210822,3.641108569,47.95990043,113.2753949,1.387947413,-2.985682561,158.1948719,37.50426429,73.28979879,1
Argentina,1989,0,122.3603135,22.2450611,14.48371228,-0.304438798,13082.73973,65.42221529,-10.68670748,-8.540065907,12.1507981,0.726480105,67.43108947,99.19918499,8.958049234,4.539464687,82.9915156,21.99393381,83.80174328,0
Argentina,1990,1,79.064905,85.24710107,14.99693099,-7.884421862,33241.39904,42.15870942,-14.29524211,-11.70945142,19.89278109,1.264027369,-1.173517217,115.3979829,8.219047742,2.396977452,51.37228036,15.0829402,68.6327293,1
Argentina,1991,1,101.9321385,23.93074314,14.48182281,-4.441559785,58755.44841,88.51724056,-4.792912169,-3.142968272,-17.54784713,11.5087845,-28.32307808,54.23931731,9.118408935,-1.482972936,152.0764351,49.07528681,80.97584844,0
Argentina,1992,0,52.28986914,37.10580283,34.93928567,7.806289124,4684.648053,60.37074147,-0.432032447,2.212482269,-2.690948963,4.47988883,-11.49200871,110.3251793,9.274582445,-2.728742761,67.22809377,16.83473944,55.89882355,0
Argentina,1993,0,111.7099079,32.40792092,6.115967832,0.999768317,17249.86876,98.9708415,2.650060239,1.463859664,-18.97071508,10.48286973,-11.52984635,73.27770698,7.502960188,-0.376658121,86.94578366,60.26021677,49.70201123,0
Argentina,1994,0,75.58817338,43.50763887,7.663499614,-1.731668497,14806.95629,81.03383088,5.248625229,7.415340239,-14.64036437,11.53628819,37.46729924,128.4319335,7.406608809,5.350983859,95.85292287,74.50279351,85.8507126,0
Argentina,1995,0,77.53091693,32.91973893,14.58702047,-8.546356883,15138.39385,-0.34746982,0.263435683,0.19679454,-7.083097564,11.34757267,1.220669868,123.3975443,13.86248348,5.40142053,162.0203138,21.34742768,89.22484193,1
Argentina,1996,0,104.4119022,54.00558338,11.99555411,4.282430548,22908.76955,28.66236024,-12.22798479,-14.24448157,-4.252071478,10.63984027,78.60982965,47.47648941,8.008225873,-0.200968623,143.8837716,42.9657005,31.02453358,0
Argentina,1997,0,141.7164808,46.66670932,13.11508649,4.057016468,49141.15415,55.04695023,2.064541804,3.077345398,17.59131786,10.79070499,98.28167789,43.90118593,9.259503036,4.523378935,77.63981548,61.71422151,63.41281496,0
Argentina,1998,0,28.32082506,98.79125417,32.92801162,2.280872139,54797.66379,70.75430148,9.604416072,10.7091377,-4.16652765,3.82359251,1.49476079,113.3051238,4.004540879,0.976607909,139.6831716,30.07877627,74.69139444,0
Argentina,1999,0,127.2166209,15.03337151,24.70943079,0.205252924,12372.24072,52.78533227,7.639614615,6.361161697,-0.148893638,2.241903738,55.75904105,91.56173631,13.06639801,2.889102742,156.2221993,74.45351637,26.68789893,0
Argentina,2000,0,58.00980435,22.79632387,5.201973145,-1.324311956,32714.1113,77.54369436,6.791722732,3.956682722,-10.17666527,7.851519464,48.62298729,92.43676839,0.36552139,0.009994883,108.3345804,72.19258912,94.36774534,0
Argentina,2001,0,77.70952909,14.75433045,20.0262968,1.86542186,38322.86864,24.67884354,-7.445746166,-9.246662612,-19.99499445,6.113214306,-20.83062684,117.826992,8.358401434,1.643753366,86.8929371,17.2628049,61.60878182,0
Argentina,2002,0,22.84873274,66.32570755,19.27597244,-5.332090965,31453.10022,14.31076538,3.769704411,3.168369697,15.97337827,1.635587265,87.70128922,131.1462031,5.757754428,-0.355984981,151.8474159,11.91798401,71.63659339,0
Argentina,2003,0,59.13599012,14.90583497,8.988084431,8.825181284,26214.36073,0.661251798,6.277586149,4.282963615,-16.73140972,8.291725134,-20.08361192,51.06530708,9.058562933,-2.449970739,141.63368,78.35209381,34.25941985,0
Argentina,2004,0,85.34206154,85.27957636,28.6649626,1.775890584,11760.9377,55.19794318,1.958155116,0.122334805,18.56995364,6.972890086,60.54356975,92.22014108,5.402580747,-1.745596324,61.68682377,76.95325173,41.1547752,0
Argentina,2005,1,27.30289006,56.07447676,29.57340159,-3.776151113,29446.69574,67.30294967,-8.735956086,-9.3876121,-14.76623584,10.42527511,2.141446341,127.7641122,10.76531868,-0.38392955,150.001946,39.55999231,29.68009733,1
Argentina,2006,0,83.84244482,57.43068621,30.23126267,-1.006402982,24252.52521,29.2457203,8.845849297,11.61656898,4.19513923,7.50561365,5.062235051,133.4632423,0.304971645,5.786284056,123.2776899,13.53943269,41.11989775,1
Argentina,2007,0,140.5243818,60.54350569,30.49648309,6.113695778,47795.13274,59.42633941,-3.729514714,-2.144053621,19.97642351,7.100381067,18.31735793,57.36322048,6.088341582,5.691049352,163.0053435,53.32128869,59.39174122,1
Argentina,2008,0,33.70111835,25.37323357,5.001848943,-6.767678785,45887.18024,0.47650924,-11.75486103,-12.83637063,-14.46141616,5.568644818,79.67619671,33.54000136,12.468954,4.448970082,78.60763128,30.53870752,86.69036796,0
Argentina,2009,0,119.3772946,27.79212728,38.38722813,-4.143287551,8299.721268,5.425801361,-12.25555262,-9.54592821,-3.042276602,5.822051304,-28.96220877,50.267023,3.753010767,-0.90744554,88.73246269,75.57060908,62.6978732,0
Argentina,2010,0,73.25723694,38.69355906,33.49730685,3.590160455,5584.587438,68.68425109,1.187974682,2.061855436,11.21694676,11.47538411,-41.81456332,142.9149368,0.791263176,0.974419265,131.4969109,65.62633475,39.55708786,0
Argentina,2011,0,105.1725829,63.41467742,36.63935938,-3.69021587,54516.79041,33.64731905,-4.05725884,-4.324560972,-18.71239401,2.092129108,10.30612284,80.12236262,7.447861118,0.958045546,122.2600292,55.47156489,23.56968599,1
Argentina,2012,0,53.83075774,28.91059983,5.547515336,5.850033637,32269.85082,65.49007327,-12.63790312,-12.82810193,7.591310046,5.631516414,-41.66223513,74.41459277,14.64800191,0.482759203,107.9548057,29.91526933,69.75758687,0
Argentina,2013,0,40.73399413,20.46985544,37.68505785,-7.390930256,51510.71596,82.33071763,3.509114304,2.973581111,-16.78506648,8.04201319,53.14013246,21.70096534,0.962378423,-2.596077254,161.9049972,59.08880056,53.61279179,0
Argentina,2014,0,40.86013986,97.31051978,33.3425985,5.253723409,3771.621898,84.52535593,4.983129181,3.381081497,-10.53919431,5.479622424,64.04876125,26.63190878,1.050847391,1.810746368,134.7127345,30.24177867,98.74830935,0
Argentina,2015,0,29.16395293,11.97836333,34.30267,-8.632965703,31732.98231,13.07760277,3.13539077,2.455183923,-13.5969535,3.756979711,78.20685921,106.9304708,8.926748474,-2.344692071,156.5407781,12.63416889,82.38079083,0
Argentina,2016,0,44.13407164,82.24276648,8.265058465,-9.748147747,32503.76292,46.0599851,-9.943478058,-9.776099754,16.29345727,3.804609764,61.57633682,96.67751893,3.751015693,4.217268126,72.98824435,45.59042113,84.66902554,0
Argentina,2017,0,106.34852,80.92316346,30.85723101,7.964470377,51683.91134,72.06230598,2.2443864,2.412550504,-12.78173133,3.187044532,87.45270905,94.8186788,6.153468505,3.221764286,159.3482443,44.20791814,20.97880183,0
Argentina,2018,0,134.6197795,36.74927025,38.59708414,1.626784339,6127.316894,76.26796261,-14.73192993,-13.16150851,-18.38263618,4.454886807,62.24516841,34.34197388,12.45760729,0.17463306,119.2292162,63.41041811,82.22362663,0
Argentina,2019,0,125.8363391,22.20639544,28.74915695,-2.963462058,14654.60015,77.39097798,-7.372196508,-8.219409365,3.505027138,10.52425992,90.41134598,65.76795204,2.982730263,2.82422744,55.06519035,70.59717176,35.56906485,1
Argentina,2020,0,109.0674603,23.1065782,24.96964916,-5.348107261,24570.33734,18.95757011,-5.029461715,-3.728673539,-6.152762984,6.310082329,-21.03338087,125.606558,10.78949905,-0.902666941,85.1737331,34.81279421,66.86366978,0
Argentina,2021,0,34.35614224,72.76884555,38.09703872,2.337715665,51990.73608,15.21615586,5.881173722,6.349724755,-3.771751174,3.262745373,24.97946993,42.73845911,7.567282699,-0.612749415,53.86345876,41.46311071,55.79372579,0
Argentina,2022,0,57.59436802,67.8525932,20.50279926,0.180043671,56351.33391,56.95130917,-5.240140673,-2.469068246,-15.23749021,4.922057246,99.08958996,134.7493426,13.57436539,-0.172798348,118.5311783,42.92802938,65.72830805,0
Greece,1980,0,60.27489379,80.44711068,25.97527482,9.831955511,59565.65979,72.81400876,-14.71826385,-15.40655429,9.929379657,1.717049739,52.23672738,35.79217905,3.451559323,5.756658003,169.55174,32.81158324,30.67548235,1
Greece,1981,0,52.49440303,94.37330552,21.67184027,9.664319733,57563.85114,28.50964913,-6.191339704,-3.784040919,4.062145986,10.89641101,81.7961677,41.98941292,12.05653175,1.364647071,81.60370203,79.12146919,56.55133451,1
Greece,1982,0,86.95073576,72.27346269,37.64961775,2.700491323,654.7228239,5.994041471,-2.526897541,-0.603042257,-5.43131821,5.194275069,-45.44093093,82.10749495,7.198065902,2.261823532,134.4171841,70.79528819,22.95557488,1
Greece,1983,0,89.62199593,24.02663829,7.662965437,-1.142589878,3148.187985,70.25837021,8.725119667,9.551105374,-13.13700225,11.77449885,80.76368479,142.8889876,9.154529613,3.712582867,80.07006716,67.79696022,23.27994785,0
Greece,1984,0,66.39517677,31.90983551,22.53918953,-0.177180617,9112.127104,26.46827229,8.525857595,9.452944395,3.738069567,4.496695893,54.65698519,62.84119816,1.382301258,-0.131932723,92.75561376,45.07815843,72.61905046,1
Greece,1985,0,65.99259064,85.79743578,29.04333545,3.649581325,21127.06718,12.46808605,-10.47814904,-12.97024944,11.14389118,10.11809454,-24.3866849,105.5683392,3.07547375,-0.959336845,85.32219395,66.49612495,96.13586988,0
Greece,1986,0,127.7122277,28.83754683,32.71672884,-7.968509115,49846.10645,10.51097048,-10.37133646,-7.669988823,-7.504108645,3.448431103,-46.14785654,96.52726328,11.60036822,5.682166552,146.7507007,28.68087532,82.1914335,0
Greece,1987,0,122.6080703,16.52700853,25.40565266,-3.432958524,53591.57486,28.06550249,-10.91546359,-13.27384721,-18.96558466,1.375758274,-11.01101328,39.45094275,3.358626618,0.893538521,129.0093417,49.24546275,57.53246245,0
Greece,1988,0,60.01345812,73.29520486,36.81212104,-8.49455518,11454.01406,57.23119692,4.72304831,5.102448163,-11.42624061,0.864933659,87.36600385,52.26169718,1.387947413,-2.985682561,158.1948719,37.50426429,24.46965921,0
Greece,1989,0,138.7924977,46.22737199,37.96970064,-8.53278481,37293.94985,32.63223506,-14.84944899,-15.86902419,7.295912756,7.470936906,50.21994081,140.9198604,8.958049234,4.539464687,82.9915156,21.99393381,23.60161196,0
Greece,1990,0,143.8659522,92.80360473,7.251172812,-6.083215162,55066.51051,-2.830505583,-11.82057005,-12.24145818,19.5638551,4.083097224,87.92036564,44.02785107,8.219047742,2.396977452,51.37228036,15.0829402,32.63138089,0
Greece,1991,0,62.47653046,68.5229564,19.08296888,-0.294934908,27984.78464,5.175385641,-1.551009209,-0.889911144,-19.46495042,5.600478625,16.92261737,110.3512857,9.118408935,-1.482972936,152.0764351,49.07528681,98.06484031,0
Greece,1992,0,66.07524334,18.137708,5.82106576,5.695486423,6481.551246,25.50284096,-8.810948328,-6.357840061,-7.753857515,9.914440909,90.49406429,145.4102827,9.274582445,-2.728742761,67.22809377,16.83473944,51.89288532,0
Greece,1993,0,85.73243994,95.30709105,16.52958301,-0.290082177,27631.47491,64.26897063,-12.69108854,-12.9456858,-17.51916518,3.353242985,19.44397232,35.53577899,7.502960188,-0.376658121,86.94578366,60.26021677,87.47258335,0
Greece,1994,0,142.3457056,33.27015373,23.79038763,-3.290467789,22734.95567,5.344082714,-6.003049692,-3.07667236,-7.346028489,4.049503482,-19.36179134,71.89365872,7.406608809,5.350983859,95.85292287,74.50279351,76.41139512,0
Greece,1995,0,133.9215263,40.34912414,36.87782257,-8.352940193,34786.18237,53.86896962,-8.144809873,-7.587937481,-3.763426275,10.22136613,-27.29098037,49.11117878,13.86248348,5.40142053,162.0203138,21.34742768,68.43429274,0
Greece,1996,0,33.33383514,46.20343723,34.62940129,1.005910464,26487.92346,7.588016437,-2.222392337,-4.259068681,16.83448368,6.166766143,99.07177196,48.80299726,8.008225873,-0.200968623,143.8837716,42.9657005,95.82608893,0
Greece,1997,0,71.05499663,14.61018668,9.462490434,-4.57462827,1335.551833,17.21960937,9.480839846,7.620895615,-16.77756802,10.01814942,0.079399221,35.46815972,9.259503036,4.523378935,77.63981548,61.71422151,38.43292565,0
Greece,1998,0,91.93825467,54.686388,8.256063116,2.298683558,59641.66468,13.07979539,-11.89238408,-10.59571787,11.08536212,4.80647404,-25.9920462,104.4416539,4.004540879,0.976607909,139.6831716,30.07877627,56.391173,1
Greece,1999,0,85.40722143,21.0986642,25.62435686,9.543754783,32749.35219,2.059006735,-5.681832379,-8.379445614,-4.178624157,5.08125478,-48.73873537,117.0246563,13.06639801,2.889102742,156.2221993,74.45351637,89.17783725,1
Greece,2000,0,45.20219883,46.0873294,23.62412904,-7.77371357,28575.7561,65.48963083,8.299625447,8.181674904,12.45051399,2.42209116,-7.164565021,107.9832083,0.36552139,0.009994883,108.3345804,72.19258912,64.14090461,0
Greece,2001,0,131.6461803,41.56388092,14.32321745,-5.757492026,57290.65708,43.65737248,6.921826087,4.811140746,0.536087413,11.03797732,83.36742154,140.2053395,8.358401434,1.643753366,86.8929371,17.2628049,39.71561117,0
Greece,2002,0,108.0023018,79.55560751,36.48085796,-0.538109238,9604.863945,82.26061129,-5.14322413,-5.543912319,-18.42871845,10.81301248,30.1013981,38.93824513,5.757754428,-0.355984981,151.8474159,11.91798401,36.71331335,0
Greece,2003,0,128.9280887,82.28534605,37.45782433,9.372276307,11597.48487,5.383538198,2.473831613,3.973336145,17.84823539,11.81849567,44.86525773,61.57989854,9.058562933,-2.449970739,141.63368,78.35209381,80.23048008,0
Greece,2004,0,131.6393563,23.80715942,19.09140034,5.436195525,48538.48052,10.196958,-12.80357466,-13.05069709,-16.69063746,5.128141962,88.35866558,64.79446526,5.402580747,-1.745596324,61.68682377,76.95325173,21.02311154,0
Greece,2005,0,117.286261,42.98960686,36.1605895,7.964583863,15871.61548,27.17806179,2.813526389,0.794233042,3.907340101,9.91407183,26.92598772,50.1706735,10.76531868,-0.38392955,150.001946,39.55999231,93.13536619,0
Greece,2006,0,77.09737816,43.60178449,18.4382113,-3.32570303,48013.85825,75.41592863,9.321443237,7.832995459,15.10671052,5.271967914,75.74197688,38.48664274,0.304971645,5.786284056,123.2776899,13.53943269,21.47343905,0
Greece,2007,0,99.37107815,23.62693995,30.78858911,9.840769476,16510.54893,27.10467643,-1.562796179,-2.357558647,-16.80920809,5.724436073,-1.425008289,83.27145187,6.088341582,5.691049352,163.0053435,53.32128869,70.47912375,0
Greece,2008,0,40.8475028,81.86081545,21.65797761,-7.943343679,2281.301524,37.88396429,-2.537744324,-5.120377223,2.155735537,10.04499303,96.56527943,128.4771516,12.468954,4.448970082,78.60763128,30.53870752,68.37983692,0
Greece,2009,0,107.5739043,73.65054955,9.290410478,-8.940541879,31165.77902,26.66837446,-10.31703451,-9.811008691,12.97159502,2.539717865,-38.17791897,144.0901643,3.753010767,-0.90744554,88.73246269,75.57060908,66.27289208,1
Greece,2010,0,43.30292325,27.13436077,37.47769704,7.112052541,12042.18012,3.423550639,0.844704973,1.48990772,19.45298835,3.033575746,58.72442883,36.81428219,0.791263176,0.974419265,131.4969109,65.62633475,57.94744407,1
Greece,2011,0,110.2134468,43.00497177,20.89338077,8.545297404,45543.42369,93.6405304,-0.239067981,-2.866156418,8.973096033,4.119374765,49.08494301,127.0104396,7.447861118,0.958045546,122.2600292,55.47156489,88.19442662,1
Greece,2012,0,49.8477609,19.52245224,30.70704641,-8.188292849,38579.6181,52.59659417,1.298326487,0.712194414,-8.866624981,9.564058874,-21.24927412,127.195546,14.64800191,0.482759203,107.9548057,29.91526933,72.74662962,1
Greece,2013,0,35.28166902,66.53859374,17.85108351,-7.731451465,55439.07928,77.72248476,-14.34791783,-14.86391374,7.982813194,4.785492818,8.326599827,70.5671558,0.962378423,-2.596077254,161.9049972,59.08880056,82.54898252,0
Greece,2014,0,41.48698372,20.92347321,5.66083075,-9.336516845,47044.40493,64.12749468,-1.281912791,-2.27899538,8.230670772,4.618934395,-3.075632483,34.30385114,1.050847391,1.810746368,134.7127345,30.24177867,29.24174448,0
Greece,2015,0,20.25897758,98.73407518,8.518562554,-7.909848747,11092.3245,48.9966993,-0.126628913,0.219809529,7.998640484,11.98638797,-35.82606975,148.7010409,8.926748474,-2.344692071,156.5407781,12.63416889,23.991891,0
Greece,2016,0,113.4361503,80.26138672,22.36768178,-5.811603664,48069.44673,4.416216949,-9.811746615,-10.73600167,14.17041748,4.913770646,37.71820344,105.227094,3.751015693,4.217268126,72.98824435,45.59042113,22.28228071,1
Greece,2017,0,115.2121364,45.12146946,29.1487525,9.401532378,38611.70158,62.48702225,-9.791678563,-10.29322289,-16.5047975,3.349361168,99.05047683,147.6854404,6.153468505,3.221764286,159.3482443,44.20791814,31.77647884,1
Greece,2018,0,86.94133549,62.07075391,16.71573643,3.357204445,40236.41301,11.31388737,-8.094545787,-6.309404503,-15.66320618,7.666957299,33.93822116,82.87521704,12.45760729,0.17463306,119.2292162,63.41041811,73.36063122,0
Greece,2019,0,40.97716414,92.02076346,29.34209607,5.57106051,49986.09429,38.51023278,2.793039793,0.765695926,5.624684969,9.721619447,31.78898603,71.37508999,2.982730263,2.82422744,55.06519035,70.59717176,59.52174046,0
Greece,2020,0,30.86206388,59.86893524,29.45224563,5.522788074,34557.29693,61.05688007,0.156651588,0.87133976,18.15524384,1.300490088,-43.9529439,52.13411188,10.78949905,-0.902666941,85.1737331,34.81279421,80.18018049,0
Greece,2021,0,22.48676564,25.70486378,29.63775676,0.701474996,28120.40981,77.13404505,6.144066153,6.177632563,-1.366454443,7.617260658,-29.1169665,147.8643602,7.567282699,-0.612749415,53.86345876,41.46311071,35.33842694,0
Greece,2022,0,41.54726301,44.083302,22.23826489,5.949779554,38307.46981,66.92974345,-7.608535704,-8.778105879,18.42250807,0.910957743,26.98286337,52.92344503,13.57436539,-0.172798348,118.5311783,42.92802938,49.35704336,1
Russia,1980,0,135.8112195,85.88303785,37.02101525,1.916150648,18088.05851,65.51102055,7.801701497,9.166909436,17.52341038,6.552822036,97.77678463,23.08915831,3.451559323,5.756658003,169.55174,32.81158324,91.07980388,1
Russia,1981,0,51.39978942,67.97917144,22.12187813,-3.709078048,11201.04873,10.64943196,3.59265405,3.899784207,16.11638953,3.455402983,81.49116032,86.62089377,12.05653175,1.364647071,81.60370203,79.12146919,94.85716368,0
Russia,1982,0,66.05527254,68.56519459,20.75928177,1.222202175,37110.29393,31.34349671,-5.12470825,-5.260539088,16.39403899,4.026379523,1.031368206,69.0165641,7.198065902,2.261823532,134.4171841,70.79528819,93.7383324,0
Russia,1983,0,33.69491298,88.01393371,11.97832867,0.670171723,14260.74763,-0.494211371,-12.61844836,-11.61243247,15.93275173,5.871603586,31.45063813,53.97972545,9.154529613,3.712582867,80.07006716,67.79696022,85.46440354,0
Russia,1984,0,48.90696962,90.45757517,15.76792806,6.469061075,5070.932028,70.54507378,-8.575408438,-6.76166659,12.79557534,11.1617358,32.90533334,102.4990551,1.382301258,-0.131932723,92.75561376,45.07815843,75.05887029,1
Russia,1985,0,87.4991942,92.78133146,6.481707238,9.634544348,333.0848197,95.02152804,8.91920543,11.75521817,7.799158344,8.672674026,52.80409191,67.35491994,3.07547375,-0.959336845,85.32219395,66.49612495,93.09423152,1
Russia,1986,0,99.0078488,18.53642739,27.17373528,-1.779148692,36616.66826,22.73159097,-7.240915603,-6.464813393,-19.02367286,11.27372436,53.16730619,72.29261548,11.60036822,5.682166552,146.7507007,28.68087532,77.13452735,0
Russia,1987,0,51.89580084,58.97134018,13.69875104,5.267813569,21920.28237,4.208154462,-6.752475996,-4.505836084,-14.70985631,8.089666552,68.46887326,22.99592851,3.358626618,0.893538521,129.0093417,49.24546275,96.3148999,0
Russia,1988,0,27.5051807,76.64585691,15.64543391,-8.004739919,45212.96495,44.93485806,-10.26027672,-13.25372748,-14.63071782,0.581739092,-46.25434627,96.57922071,1.387947413,-2.985682561,158.1948719,37.50426429,21.98306656,0
Russia,1989,0,70.83427299,78.12341606,31.97850826,5.536627389,22698.03098,84.95331343,5.171265028,5.352679185,-19.05838863,3.554229769,91.5520286,35.86923388,8.958049234,4.539464687,82.9915156,21.99393381,93.73136687,0
Russia,1990,0,50.44643822,64.60445818,16.45274141,-2.57166176,29314.40586,52.9572905,-8.108894244,-9.821008951,-15.33192926,10.91638464,-39.4906931,47.79463166,8.219047742,2.396977452,51.37228036,15.0829402,64.45924289,1
Russia,1991,1,48.54201002,25.01086017,13.47685622,-9.212196742,24602.97288,-0.08839923,-6.743543791,-9.178389048,16.78985734,7.899623491,21.42401672,113.2253167,9.118408935,-1.482972936,152.0764351,49.07528681,28.94382015,0
Russia,1992,0,144.7821644,81.76784985,10.91702122,-2.735076429,39139.31503,97.29858526,-4.641297289,-4.449471187,6.552171476,11.78894322,87.93689145,60.7215544,9.274582445,-2.728742761,67.22809377,16.83473944,37.19290158,0
Russia,1993,0,100.1190632,74.81002002,32.12004408,2.212855018,21561.50797,82.00824055,-4.156793006,-2.675833969,-7.517079268,2.293586221,23.15032438,41.21732567,7.502960188,-0.376658121,86.94578366,60.26021677,88.17274271,0
Russia,1994,0,92.39419761,17.75221944,9.53971903,-7.614996646,57836.9287,8.81737809,-4.71648024,-5.242845105,11.73440049,3.912600081,-40.45447487,95.06513912,7.406608809,5.350983859,95.85292287,74.50279351,60.48935639,0
Russia,1995,0,74.05076346,51.74288422,20.88138161,8.480689849,56187.9751,91.78876443,-2.406407616,-1.38576292,-0.465220522,4.667228084,-15.61399703,47.93758434,13.86248348,5.40142053,162.0203138,21.34742768,98.62541788,0
Russia,1996,0,75.76276335,25.65796596,22.74255406,-8.446551735,50927.26579,42.3222703,5.36282199,5.301137513,-14.31491852,4.255414909,36.80001331,55.22716781,8.008225873,-0.200968623,143.8837716,42.9657005,29.40248876,0
Russia,1997,0,90.3176505,40.37293411,29.05864694,8.600134397,55241.92615,34.04928901,5.482126019,5.104641214,15.38008325,3.397902597,-36.82075732,100.7741103,9.259503036,4.523378935,77.63981548,61.71422151,53.00027711,1
Russia,1998,0,110.5358749,11.6272983,27.16492188,4.142750359,27113.6394,43.41059971,4.957828344,3.699368187,-6.453522151,5.599855731,13.55168965,116.1820316,4.004540879,0.976607909,139.6831716,30.07877627,46.54995545,0
Russia,1999,0,111.2789925,46.02968816,33.37522355,-3.405756492,32324.89469,82.63005547,-12.47187902,-13.17631794,7.954369221,7.886428419,-0.636010071,116.1557591,13.06639801,2.889102742,156.2221993,74.45351637,61.29083489,0
Russia,2000,0,42.320208,59.4889229,6.566300187,-2.184993046,44602.92778,64.24536622,4.991970082,4.090743867,-8.37623358,4.079454613,72.28114417,82.69164354,0.36552139,0.009994883,108.3345804,72.19258912,70.67502551,0
Russia,2001,0,85.01465777,65.76243335,15.37542537,4.816187295,41859.91172,1.221087502,-11.99370566,-11.11658256,0.002850027,1.416549118,-33.48020925,79.05859843,8.358401434,1.643753366,86.8929371,17.2628049,72.93035755,0
Russia,2002,0,73.55455235,69.71413106,14.80469416,2.029422018,53473.51216,95.54845897,-11.88190575,-14.18579468,12.65010846,8.648124059,52.41976752,122.393874,5.757754428,-0.355984981,151.8474159,11.91798401,20.10367039,0
Russia,2003,0,133.1685056,85.26621818,10.1105917,3.432858429,43064.96233,10.51733402,8.696569291,6.252387503,-13.72890614,5.778690391,10.98836063,45.09451426,9.058562933,-2.449970739,141.63368,78.35209381,27.1168347,0
Russia,2004,0,102.0844598,29.39166165,15.12123888,-2.21670767,59873.71708,73.28463493,5.484946118,6.445024083,19.09005581,6.89954652,38.16260207,39.78631818,5.402580747,-1.745596324,61.68682377,76.95325173,22.80510669,1
Russia,2005,0,89.22552863,20.84336402,15.841786,-0.243730364,21105.79625,61.79433569,-1.189738328,-0.911949909,-17.19136309,5.737107557,-19.17023421,106.4103586,10.76531868,-0.38392955,150.001946,39.55999231,89.16793171,1
Russia,2006,1,35.00130348,86.63834547,23.26595617,9.797349681,50029.96521,14.69044503,6.874255112,6.455455692,1.36035639,10.73911129,41.45555271,73.23590147,0.304971645,5.786284056,123.2776899,13.53943269,45.06338025,0
Russia,2007,0,98.73292561,24.09515334,28.22965676,-5.72154259,41948.79892,12.92686799,9.734116064,7.64877337,16.64102077,6.925567467,51.09665911,112.2997999,6.088341582,5.691049352,163.0053435,53.32128869,49.36507535,1
Russia,2008,0,35.23650774,97.72840732,18.33851798,-1.64287627,41575.77078,86.38439734,0.266051666,-0.267785663,17.8277554,11.11768366,-39.4652653,53.35802905,12.468954,4.448970082,78.60763128,30.53870752,56.02969992,0
Russia,2009,0,63.83685482,85.82844065,30.1814581,-4.163536249,19752.38501,39.06796697,0.322460925,2.060851504,-10.71564148,6.371616428,73.65164014,62.23334454,3.753010767,-0.90744554,88.73246269,75.57060908,87.94435178,1
Russia,2010,0,38.56945543,55.07889453,16.76578685,5.302230209,47200.42701,63.73053399,3.860675729,6.198403144,-14.24060075,3.864763866,79.18811693,136.5680944,0.791263176,0.974419265,131.4969109,65.62633475,21.13330088,0
Russia,2011,0,109.9695741,98.32792824,15.15992871,5.280252513,54052.44853,47.9274554,-9.196526191,-7.981066771,8.976120013,4.587589753,-40.46689165,74.81534849,7.447861118,0.958045546,122.2600292,55.47156489,29.48946195,0
Russia,2012,1,46.8127748,18.76390562,23.94158195,-4.15109078,13347.34315,71.37211929,-10.82187846,-13.46240541,-18.32105727,6.504486876,40.47812321,96.82395106,14.64800191,0.482759203,107.9548057,29.91526933,74.81304977,0
Russia,2013,1,70.94171851,37.27591851,5.830072611,-8.372193667,37642.16118,45.32044938,3.98951875,5.01197741,-0.590441239,6.594878535,39.10172455,33.86868524,0.962378423,-2.596077254,161.9049972,59.08880056,97.11140182,0
Russia,2014,0,136.4377211,67.44019735,7.792619327,-9.771346467,23710.4493,25.1748911,-6.377380125,-7.931466588,11.85420907,8.404383568,-48.13123822,43.24779239,1.050847391,1.810746368,134.7127345,30.24177867,71.4229137,0
Russia,2015,0,46.56112984,41.50061816,19.62893403,-1.450989335,59376.02272,33.15525395,-11.62324109,-12.73173363,2.410188981,3.08169103,1.351962093,24.66540475,8.926748474,-2.344692071,156.5407781,12.63416889,40.88987748,0
Russia,2016,0,86.01465831,93.55352968,38.0019449,-1.793248113,28886.31911,85.20315792,-7.128056852,-8.952817604,-12.47946937,8.07669335,95.33886741,75.16820553,3.751015693,4.217268126,72.98824435,45.59042113,61.5891543,0
Russia,2017,0,74.50531595,15.90634794,30.25291229,9.767797573,13930.71438,44.14364276,-6.034078303,-4.379543559,-0.518228021,9.453762096,33.31761284,148.5596006,6.153468505,3.221764286,159.3482443,44.20791814,97.99843805,0
Russia,2018,0,22.35612534,59.44706489,8.084429933,-0.603958486,23096.90023,17.41217989,9.130691488,10.02230422,16.85098866,8.280807879,89.98177041,133.6035098,12.45760729,0.17463306,119.2292162,63.41041811,62.24612373,0
Russia,2019,0,123.0585548,63.17796407,34.62113045,-4.871632608,39334.15187,93.13356575,2.448992777,3.120003105,4.688519122,6.041023263,51.34669538,102.2781589,2.982730263,2.82422744,55.06519035,70.59717176,49.88061038,0
Russia,2020,0,28.97596782,68.74553114,30.63052697,7.824588821,4842.53547,78.64304793,-1.728592065,-0.720756407,8.859625103,11.90432749,-45.74142227,131.942544,10.78949905,-0.902666941,85.1737331,34.81279421,50.67404439,1
Russia,2021,0,81.65315273,33.0099601,26.3831284,-0.178641007,36335.03464,0.844945336,9.221828467,7.642462035,-6.549444813,5.15535133,-38.34302029,97.24201633,7.567282699,-0.612749415,53.86345876,41.46311071,97.36268069,0
Russia,2022,0,92.88817834,42.81097848,33.71025362,1.983512704,55894.11812,99.88901101,7.578493512,7.246359998,-12.46064899,1.725792068,58.32684331,67.93995444,13.57436539,-0.172798348,118.5311783,42.92802938,77.51332214,1
Pakistan,1980,0,101.6954394,85.93124767,19.14384467,-8.086625791,51066.65842,67.96730313,-2.199978585,-1.400456255,-9.774310804,9.947298477,33.18516856,42.56103214,3.451559323,5.756658003,169.55174,32.81158324,74.97382845,0
Pakistan,1981,0,109.5221118,27.54484921,12.75253678,-2.341671853,4340.110138,11.8279929,7.641990884,8.46155505,1.32710375,2.940314017,-30.92725031,104.8963364,12.05653175,1.364647071,81.60370203,79.12146919,38.56434574,0
Pakistan,1982,0,52.92540986,84.41810625,22.92081862,8.884473489,59605.37576,19.90260654,-4.892383548,-3.141272372,-8.791193856,8.702784088,42.10940175,45.09666593,7.198065902,2.261823532,134.4171841,70.79528819,64.75877102,0
Pakistan,1983,1,21.29724097,60.63898806,24.20946145,1.790107684,42013.99735,67.70677553,-9.239483366,-10.51685957,1.678591497,2.558227251,71.54310409,74.26569424,9.154529613,3.712582867,80.07006716,67.79696022,48.53961588,0
Pakistan,1984,0,114.0476761,78.59687601,23.84142302,-3.109962897,9988.165212,76.8749108,-9.183045579,-7.561028849,8.311677095,0.694089995,62.94736452,127.3542395,1.382301258,-0.131932723,92.75561376,45.07815843,39.21612207,0
Pakistan,1985,0,89.63535792,74.22466296,24.7775827,2.513343613,1041.240523,20.09877403,1.557888111,1.198994995,9.375835047,2.337683944,-13.075631,36.79980933,3.07547375,-0.959336845,85.32219395,66.49612495,91.64418288,0
Pakistan,1986,0,128.6953014,28.67603458,38.20467214,8.208221792,10525.57339,21.98172966,-2.473241982,-1.45220583,-13.41260241,4.835370011,-11.270755,36.77278448,11.60036822,5.682166552,146.7507007,28.68087532,50.6524647,0
Pakistan,1987,0,126.7804872,61.19314628,36.57859681,-4.520187991,50339.10246,27.24767296,1.473771175,1.208087456,10.01723395,1.726109842,95.17567077,49.17231403,3.358626618,0.893538521,129.0093417,49.24546275,42.622973,1
Pakistan,1988,0,129.6324018,88.09508375,35.65009628,0.102334369,1591.867699,57.79192831,2.151899107,4.843560125,6.907525584,2.773309469,83.11072032,91.74924993,1.387947413,-2.985682561,158.1948719,37.50426429,94.53763173,1
Pakistan,1989,0,83.0623058,48.89046131,33.04958838,9.173813078,14218.89403,13.04069872,-14.44192818,-16.36611459,-19.51979467,9.293202193,-2.249402835,52.72405217,8.958049234,4.539464687,82.9915156,21.99393381,35.78771172,0
Pakistan,1990,0,63.37169146,96.99316932,38.01998375,-6.552077134,45511.14404,5.945535883,-13.64901019,-12.59897966,-17.645113,9.353661492,73.60817345,85.41573184,8.219047742,2.396977452,51.37228036,15.0829402,79.64038278,0
Pakistan,1991,0,122.9025663,50.69935901,8.447312459,4.393278512,35290.79899,66.28072935,-1.683056835,-1.223846831,5.849980074,9.901114613,-25.73922054,59.25773944,9.118408935,-1.482972936,152.0764351,49.07528681,72.21977156,1
Pakistan,1992,0,78.66823469,22.8507073,14.27931415,2.289620164,47029.32191,76.80528368,-10.22411306,-12.18772681,-4.651844017,10.17328522,-20.4738348,85.81148664,9.274582445,-2.728742761,67.22809377,16.83473944,93.63875427,1
Pakistan,1993,0,43.84748553,45.04912121,22.3269581,3.593502623,44845.18508,47.59758746,0.81334422,-1.790617765,-14.15584002,5.335012788,-22.82059192,56.09208837,7.502960188,-0.376658121,86.94578366,60.26021677,86.56377101,1
Pakistan,1994,0,131.1466225,95.65321658,34.62870726,-2.975607387,3320.902811,33.20243458,-1.195356521,0.599509813,-18.22413763,10.4768211,-36.84188375,147.4016088,7.406608809,5.350983859,95.85292287,74.50279351,76.42361744,0
Pakistan,1995,0,134.732784,38.77487644,22.6807999,-3.72241253,53582.93172,40.36448492,-0.355991041,-2.411283039,-13.62406637,6.548274063,78.20171742,84.05332715,13.86248348,5.40142053,162.0203138,21.34742768,45.16573286,0
Pakistan,1996,0,80.6202683,88.12883439,31.18121588,3.684193412,13853.80051,35.78282256,-7.438615504,-9.319575408,18.30055857,5.911866845,36.82103473,116.6736464,8.008225873,-0.200968623,143.8837716,42.9657005,59.6455209,1
Pakistan,1997,0,29.84096455,89.31256135,9.863596684,-5.689134298,33337.52868,95.79841536,0.996087657,3.866693001,9.102625663,8.763167783,-11.15658613,111.0710527,9.259503036,4.523378935,77.63981548,61.71422151,95.55966091,0
Pakistan,1998,0,70.41739169,41.51678719,13.83448345,-1.606905103,38764.00294,75.64944005,5.737315912,7.040881021,1.108216837,2.958911731,77.29825491,83.77271873,4.004540879,0.976607909,139.6831716,30.07877627,21.85621045,0
Pakistan,1999,0,124.4598957,17.49318922,30.61216333,-6.236507079,10367.10419,16.84915756,9.95178134,8.454702389,17.66162,9.579219834,70.39701391,51.05206802,13.06639801,2.889102742,156.2221993,74.45351637,83.54654591,0
Pakistan,2000,0,137.2306237,75.21021182,10.76569031,-9.833903178,58581.00603,35.33986097,5.961109654,6.506803415,4.764417507,5.438857006,-34.85727228,86.39337613,0.36552139,0.009994883,108.3345804,72.19258912,40.14482804,0
Pakistan,2001,0,46.45145652,38.03610691,17.29745771,9.401147201,29442.91058,52.12129059,-1.062531008,-0.857859978,9.025807531,1.963897261,46.62090606,108.5263111,8.358401434,1.643753366,86.8929371,17.2628049,34.80135546,0
Pakistan,2002,0,28.70656956,80.46312528,14.27031902,-1.365940427,3741.268927,59.36351552,-10.16426021,-8.097420603,-8.69392726,1.872087005,58.27504023,79.78950517,5.757754428,-0.355984981,151.8474159,11.91798401,38.57796915,1
Pakistan,2003,0,134.0555589,49.83893634,17.2451593,9.386992288,56254.54407,44.15930908,2.036146903,3.41207139,3.559273744,2.396427554,57.37410055,30.65026396,9.058562933,-2.449970739,141.63368,78.35209381,24.78007932,0
Pakistan,2004,0,70.62264207,53.67400681,29.79134172,-7.193529605,35300.19024,80.06329668,8.441344639,10.43167139,-14.26091023,10.74158644,58.47140618,22.33781984,5.402580747,-1.745596324,61.68682377,76.95325173,99.35838594,0
Pakistan,2005,0,90.42892535,80.01184661,17.87465134,1.747335589,42041.83392,75.59863204,-9.703336507,-11.43429698,-3.820674192,11.89578496,-24.58133215,62.6239851,10.76531868,-0.38392955,150.001946,39.55999231,89.58953146,0
Pakistan,2006,0,145.8485556,44.4126998,24.43421629,-5.980519344,31652.99466,48.04158146,-8.600109487,-7.758794261,-18.670387,4.605198691,-2.73703186,39.52911039,0.304971645,5.786284056,123.2776899,13.53943269,61.68447749,1
Pakistan,2007,0,28.65341463,49.88146108,8.497615697,5.801482539,50133.8559,84.71508561,-11.27478641,-14.03334126,-11.3348765,3.8596543,76.62677628,137.804732,6.088341582,5.691049352,163.0053435,53.32128869,77.20825428,0
Pakistan,2008,0,104.281341,43.85714219,33.17561926,5.674059775,2278.067693,73.8644007,3.418041091,0.831684764,-17.00525482,3.015866185,84.75876253,42.85824711,12.468954,4.448970082,78.60763128,30.53870752,64.52762903,0
Pakistan,2009,0,29.63370493,43.06064637,17.9461019,-7.747857019,16322.18841,76.75109412,-4.835962414,-3.554800218,-4.48884722,9.973889487,-8.121667015,71.25675282,3.753010767,-0.90744554,88.73246269,75.57060908,84.92631556,0
Pakistan,2010,0,68.8109607,57.33519192,27.69869557,8.241289058,28338.00688,95.42208184,-13.43260903,-16.28608841,13.72140659,2.905886048,-46.54707257,112.5700766,0.791263176,0.974419265,131.4969109,65.62633475,87.58121532,1
Pakistan,2011,0,124.4958909,82.79195001,30.38863606,-6.107407056,4873.235894,22.97902883,6.873749787,7.352339841,-4.882635746,11.12703649,78.96504207,126.0048158,7.447861118,0.958045546,122.2600292,55.47156489,38.62323425,0
Pakistan,2012,0,76.35139026,42.55914807,12.33813227,2.259546832,42442.62816,23.10305705,-1.058202382,0.984228208,13.26558504,8.174529358,6.563775674,82.10270991,14.64800191,0.482759203,107.9548057,29.91526933,56.77982165,1
Pakistan,2013,0,149.633706,57.18292485,35.96362447,9.712672402,23801.70582,88.33998685,-6.7226427,-7.442991849,6.259932503,10.8169696,-0.580466606,43.54755125,0.962378423,-2.596077254,161.9049972,59.08880056,70.78781874,0
Pakistan,2014,0,92.67770704,70.36545929,26.56784881,7.647930695,16578.27902,76.08376921,-6.400425598,-9.131382977,0.381177865,6.871113326,2.049951953,55.21637906,1.050847391,1.810746368,134.7127345,30.24177867,98.27526645,0
Pakistan,2015,0,61.75107984,34.24955017,20.00537996,9.131278571,501.7171545,92.28728185,-7.743719495,-6.460634797,-10.52433227,8.442818415,12.3544636,74.46589819,8.926748474,-2.344692071,156.5407781,12.63416889,74.61515033,0
Pakistan,2016,0,48.61447237,34.97705244,11.38173143,-3.148024576,43273.86961,1.628666834,-3.61299569,-1.034876975,16.88624371,7.623768158,6.739993248,67.39729661,3.751015693,4.217268126,72.98824435,45.59042113,91.81080086,0
Pakistan,2017,0,65.56766946,94.00718143,37.98053283,-7.888487156,50078.41574,60.91449311,-6.573957788,-5.270929435,-17.83196765,10.05874775,34.96463487,65.32745843,6.153468505,3.221764286,159.3482443,44.20791814,87.68896408,0
Pakistan,2018,0,68.42932559,75.1181116,31.42738714,-6.233062534,23883.91998,10.1859755,-1.301342398,-0.83065894,7.556520708,10.11239933,-38.15895823,37.14099423,12.45760729,0.17463306,119.2292162,63.41041811,66.56504509,0
Pakistan,2019,0,28.9327781,61.94680086,12.2808597,0.009897902,33983.81323,47.90920582,4.337931307,2.718104286,4.849595712,7.282619498,95.73102915,138.7303328,2.982730263,2.82422744,55.06519035,70.59717176,91.4924288,0
Pakistan,2020,0,68.04464593,68.2948049,16.81987712,5.864593565,13892.89157,11.35342784,1.861532086,-1.04621417,-2.35833911,7.773837967,90.46765517,23.86835883,10.78949905,-0.902666941,85.1737331,34.81279421,50.19373823,0
Pakistan,2021,0,80.35100757,12.63694988,33.33859903,-6.996927116,37445.19948,8.448243443,-7.638577681,-6.47054503,-10.38716179,11.10157309,90.16099699,77.20027662,7.567282699,-0.612749415,53.86345876,41.46311071,50.34268244,1
Pakistan,2022,0,113.9559078,65.6292669,29.34871821,3.194630645,1024.606261,-3.722323735,-1.781474712,-3.395317656,-2.772162526,11.19346457,81.89164361,147.441794,13.57436539,-0.172798348,118.5311783,42.92802938,82.47725146,1
Venezuela,1980,0,105.374833,55.85579859,31.80245025,-3.528447919,29472.04066,61.1750753,6.003153998,8.152130061,14.91090902,8.138872515,49.04894533,105.764112,3.451559323,5.756658003,169.55174,32.81158324,30.76349325,0
Venezuela,1981,0,112.1395352,59.11747118,20.44203858,-3.175958552,38759.06727,32.69737475,-13.29484413,-13.49665942,13.47064441,0.589174199,-16.83371559,66.20338629,12.05653175,1.364647071,81.60370203,79.12146919,44.4660174,1
Venezuela,1982,0,21.08727864,42.34814441,30.07666919,3.238354603,55116.04886,6.044769912,-13.04256833,-12.85875483,17.65525,1.70072897,-42.57747693,38.99268598,7.198065902,2.261823532,134.4171841,70.79528819,68.68579607,0
Venezuela,1983,0,48.29676195,17.33265079,18.5272803,-0.660011609,23065.74828,28.89796666,-1.095748299,0.427870967,-7.688271735,10.36633912,-35.10184028,145.3034387,9.154529613,3.712582867,80.07006716,67.79696022,53.60524791,0
Venezuela,1984,1,106.0189575,27.40053103,12.39420209,6.240665861,45981.85512,12.7391296,0.97787821,2.654461857,-4.515833665,1.474212338,-1.40112493,21.81822704,1.382301258,-0.131932723,92.75561376,45.07815843,95.25789679,0
Venezuela,1985,0,82.91861786,95.56702419,27.14369622,-6.881629807,35981.91569,93.87795731,-9.714674606,-8.858769607,-19.25095389,2.95547058,25.58245382,108.5803842,3.07547375,-0.959336845,85.32219395,66.49612495,96.68048557,0
Venezuela,1986,0,20.69075184,46.7829606,39.1604874,5.798965395,55642.62314,28.600513,3.630503167,6.26109406,17.71799979,3.151286823,98.98796068,134.4178713,11.60036822,5.682166552,146.7507007,28.68087532,60.20650471,0
Venezuela,1987,0,124.5843035,52.00148402,15.871034,-8.715295039,24083.14724,30.06511995,1.156584426,4.050375044,-6.824396327,7.402699852,15.31652377,23.27086369,3.358626618,0.893538521,129.0093417,49.24546275,63.12495123,1
Venezuela,1988,0,120.4652445,14.74388109,21.13393573,-6.118922395,19349.99179,83.18509036,8.082231706,10.76354437,-3.833447139,7.131277176,28.69691357,114.2727323,1.387947413,-2.985682561,158.1948719,37.50426429,77.97016735,1
Venezuela,1989,0,91.29449119,13.38096066,28.59004799,3.12299429,53262.37732,63.01435494,-10.77614495,-8.831069841,16.31218446,3.828301519,54.27358708,149.848909,8.958049234,4.539464687,82.9915156,21.99393381,56.58119402,0
Venezuela,1990,0,28.64023235,74.54633023,23.95271987,7.09851313,3239.890764,69.56801878,3.784356634,5.018107955,1.063937207,2.887530704,-22.88990443,103.1535209,8.219047742,2.396977452,51.37228036,15.0829402,35.20787744,0
Venezuela,1991,0,119.6469564,58.42851977,34.51997285,-4.946407445,8442.207958,61.78018942,-12.90892274,-11.92896759,2.64698167,9.292118343,89.92405023,73.90826322,9.118408935,-1.482972936,152.0764351,49.07528681,79.75753349,0
Venezuela,1992,1,95.88276641,55.78353858,31.66099473,-3.456167883,5219.544745,94.35060981,-0.867689762,-3.245188701,-12.95068647,11.25774579,29.35519088,133.6720935,9.274582445,-2.728742761,67.22809377,16.83473944,79.02287115,1
Venezuela,1993,0,121.654797,31.88120774,7.040402135,0.742414966,50633.66441,16.73508731,-1.202621513,-2.573715432,-0.053599167,1.107265319,-8.56154816,92.04330203,7.502960188,-0.376658121,86.94578366,60.26021677,39.59848827,0
Venezuela,1994,0,117.727109,77.02756585,39.94474319,-5.76854387,933.2631752,98.84912038,-5.290373884,-8.256244543,16.72834404,2.031575321,90.26634795,117.4273101,7.406608809,5.350983859,95.85292287,74.50279351,86.63332158,0
Venezuela,1995,0,124.3902694,25.14129212,31.33408588,6.223125232,51740.93218,82.25039864,6.114278692,3.938737913,2.348723524,7.88488587,43.81759278,96.41126894,13.86248348,5.40142053,162.0203138,21.34742768,69.09193571,1
Venezuela,1996,0,87.34104863,27.09412693,35.23661607,5.4727329,27240.68738,56.84212183,-14.89073388,-15.25535702,-9.795345414,9.751076694,22.55345969,24.97784202,8.008225873,-0.200968623,143.8837716,42.9657005,38.90412883,1
Venezuela,1997,0,38.24218737,51.46409542,27.79191992,-7.094165761,540.3091476,64.54902056,-1.995514953,-4.116295648,-18.75276543,9.598669691,37.02338649,47.70884847,9.259503036,4.523378935,77.63981548,61.71422151,72.16313153,0
Venezuela,1998,0,107.2504715,35.76518759,34.96997948,-0.723405364,24278.21708,63.12671703,-9.571161254,-7.161180766,-6.547929062,8.77635626,62.24533284,30.23926462,4.004540879,0.976607909,139.6831716,30.07877627,38.6887621,0
Venezuela,1999,0,100.6615921,32.27166831,8.933404123,5.496555333,11452.01021,1.131603526,3.587465478,5.42166059,2.903636563,10.70542148,-26.81929945,33.86940911,13.06639801,2.889102742,156.2221993,74.45351637,41.21863633,0
Venezuela,2000,0,116.4929143,68.07138801,17.17082424,-3.253409378,37576.7091,17.89173235,-13.92331434,-16.49364287,-18.29546847,2.999512115,79.72456461,22.00271417,0.36552139,0.009994883,108.3345804,72.19258912,87.84074454,1
Venezuela,2001,0,42.08453079,68.58745707,35.67473303,2.662136454,40857.71976,95.95444288,5.788867205,4.282349497,4.391703092,1.733845885,93.92602154,74.75144727,8.358401434,1.643753366,86.8929371,17.2628049,94.35932554,0
Venezuela,2002,0,45.34677599,84.20653628,12.05793239,-8.995737571,29405.39595,51.10826503,5.952305668,7.866736975,0.936553085,7.576674156,35.04994776,43.22471213,5.757754428,-0.355984981,151.8474159,11.91798401,40.55061267,1
Venezuela,2003,1,135.7532372,47.59377103,7.73847345,2.173775211,2719.015669,34.72712834,5.82165031,7.639927069,11.33741877,9.956172753,52.34062702,131.2405477,9.058562933,-2.449970739,141.63368,78.35209381,94.24408297,0
Venezuela,2004,0,117.4971138,16.57765819,32.5841629,-6.9469404,39470.88962,75.01403866,-11.18578683,-8.513083531,-18.84447311,7.193501153,78.97502213,117.5048799,5.402580747,-1.745596324,61.68682377,76.95325173,39.10390772,0
Venezuela,2005,0,138.0697035,34.62997464,34.24201545,6.611666502,50569.71538,50.07448898,0.760162964,3.745449534,11.23389379,11.57447111,6.221594712,94.51300933,10.76531868,-0.38392955,150.001946,39.55999231,29.38138924,0
Venezuela,2006,0,118.6329918,98.20049169,10.69282764,-2.891010728,43303.35936,-3.617909,-14.64081602,-11.78319564,0.83508183,9.648991306,98.92476923,83.5727749,0.304971645,5.786284056,123.2776899,13.53943269,24.65791025,0
Venezuela,2007,0,97.63018978,63.66327177,34.9021094,-4.368922745,49848.48776,72.30494766,6.199064782,5.659892697,-5.178826689,8.55910571,52.0752054,53.26292327,6.088341582,5.691049352,163.0053435,53.32128869,39.36905927,0
Venezuela,2008,0,105.0372558,73.87633763,29.03687285,6.817779534,12270.41856,71.88284381,3.074379838,1.576350501,18.61531905,1.192958845,13.59980475,81.74369056,12.468954,4.448970082,78.60763128,30.53870752,50.81972325,0
Venezuela,2009,0,135.5866301,10.66220467,23.20289391,-8.997119539,53366.61,12.34061477,-1.721156728,-0.170695585,-13.59521811,1.739035745,51.60069625,103.3598059,3.753010767,-0.90744554,88.73246269,75.57060908,94.20387041,1
Venezuela,2010,0,95.24487809,56.6385159,34.05875675,-2.067824013,19534.949,95.44930928,3.264785827,2.060423184,1.653004764,9.525632775,28.25200488,121.6897518,0.791263176,0.974419265,131.4969109,65.62633475,39.37263998,0
Venezuela,2011,0,102.2108722,13.37757918,19.67372373,-2.599929188,1100.267411,18.51035381,-12.64189758,-10.80349542,-7.160741056,2.779736144,-33.25376427,30.61866861,7.447861118,0.958045546,122.2600292,55.47156489,49.2372276,0
Venezuela,2012,0,40.34197308,61.23071909,11.78978847,-4.303992515,50650.48129,43.06368358,-1.783604196,-1.579875813,1.099455152,0.831604525,69.37979572,112.1004095,14.64800191,0.482759203,107.9548057,29.91526933,78.73246998,0
Venezuela,2013,0,81.60975862,92.86937647,14.96984368,8.23508664,56526.72976,7.047275932,-7.718087705,-5.954524053,2.091018103,10.97374789,34.65633704,116.554884,0.962378423,-2.596077254,161.9049972,59.08880056,44.16592704,0
Venezuela,2014,0,113.1316246,97.15772175,22.68074064,5.01856787,39436.82439,58.34464354,9.315486581,7.970765859,-16.42207006,10.7442618,69.37683368,92.66638612,1.050847391,1.810746368,134.7127345,30.24177867,74.74945213,1
Venezuela,2015,0,55.22255078,58.64974079,23.59657774,-8.721536716,14116.76684,34.42236761,6.427948766,6.476112659,6.445405877,3.012564013,-26.76320894,47.86149544,8.926748474,-2.344692071,156.5407781,12.63416889,54.56622554,0
Venezuela,2016,0,46.29304347,51.23843247,33.19532893,4.293748989,15329.14452,32.08321353,3.331892396,3.716035157,5.379259837,9.472371968,30.75357352,90.09399638,3.751015693,4.217268126,72.98824435,45.59042113,35.71559621,0
Venezuela,2017,0,60.79748507,95.05153848,32.69734533,0.545982663,28155.59454,81.83257211,8.343690881,11.00233929,10.77869099,1.051766104,64.99364083,85.35163464,6.153468505,3.221764286,159.3482443,44.20791814,78.72471208,0
Venezuela,2018,0,51.39508164,70.62488488,25.3478295,8.017357888,53900.51545,-3.996020151,-6.328917386,-7.729331925,-16.37366025,3.778167044,98.24568514,81.84231253,12.45760729,0.17463306,119.2292162,63.41041811,22.16310667,0
Venezuela,2019,0,47.93864281,15.84093516,32.32749192,-3.741087653,9230.980072,78.78441094,7.521997475,10.14212691,-8.109658124,7.672169445,82.65959146,79.88318901,2.982730263,2.82422744,55.06519035,70.59717176,43.38678601,0
Venezuela,2020,0,75.23060957,51.91530199,11.71207104,1.483239992,49610.62807,55.0020994,-6.869044197,-5.039890705,6.004423989,9.276558456,79.65244406,34.40732362,10.78949905,-0.902666941,85.1737331,34.81279421,48.49452313,1
Venezuela,2021,0,138.0190068,31.62205166,6.752258448,0.015105495,17690.77768,98.54034392,3.319917992,4.705282317,-14.53076696,0.619590671,-12.88097928,43.77602303,7.567282699,-0.612749415,53.86345876,41.46311071,56.6574604,0
Venezuela,2022,0,85.91775408,52.28238893,35.57718379,-0.208781875,48572.59431,56.89153816,3.410422794,5.13164441,7.103928432,4.251399053,75.69769026,32.6531715,13.57436539,-0.172798348,118.5311783,42.92802938,74.38953856,0
Zambia,1980,0,44.42964951,50.99190148,7.644407282,-0.87789201,55240.1905,0.814809086,-14.54125309,-13.90870281,-17.63893157,2.964973941,-24.60780837,51.5221176,3.451559323,5.756658003,169.55174,32.81158324,56.75239953,0
Zambia,1981,0,30.00631702,62.39303225,13.63409504,-5.887410489,25821.38416,0.317759277,-5.973507543,-7.50902748,-6.602737882,11.98597467,-20.28385032,54.25198175,12.05653175,1.364647071,81.60370203,79.12146919,67.54592898,0
Zambia,1982,0,110.5002989,42.10934413,29.33616324,5.11419845,22093.52405,87.73106357,-14.51418319,-16.37721338,13.86844489,8.216295672,-33.48248844,51.85986199,7.198065902,2.261823532,134.4171841,70.79528819,67.66232627,0
Zambia,1983,0,69.76383938,24.78434045,19.33067782,-0.973279345,48192.61274,83.32748528,9.92730044,12.12534906,10.97165162,5.165221708,78.63947961,47.42077886,9.154529613,3.712582867,80.07006716,67.79696022,49.86173199,0
Zambia,1984,0,126.8380231,55.33474911,35.67098895,9.1703255,31910.12808,31.31845794,-11.94508095,-10.59424454,5.790428609,1.370004923,-33.76182553,115.6048659,1.382301258,-0.131932723,92.75561376,45.07815843,94.71770126,0
Zambia,1985,0,105.7363999,84.71825959,15.42929281,-4.783831456,41161.60819,59.89341084,-1.429727609,-3.150501912,14.81833667,7.384707961,-29.28327804,126.4135019,3.07547375,-0.959336845,85.32219395,66.49612495,96.46830647,1
Zambia,1986,0,123.5113886,69.76110053,5.415497133,3.654876793,37482.90545,46.40709249,4.763905969,5.454466164,8.370781767,7.879566916,-13.11692749,62.52419815,11.60036822,5.682166552,146.7507007,28.68087532,66.54807073,1
Zambia,1987,0,55.35298512,40.45310793,15.52294742,8.814341593,9427.464085,96.55222579,-9.968409943,-10.28313105,0.775004208,9.888668166,35.89936137,59.66675592,3.358626618,0.893538521,129.0093417,49.24546275,25.73527042,0
Zambia,1988,0,110.0066599,94.19707205,25.23262672,3.26916646,50733.98451,94.74589459,-2.873683298,-4.921752278,19.18870002,3.818633809,82.0270278,129.7242055,1.387947413,-2.985682561,158.1948719,37.50426429,59.29020514,0
Zambia,1989,0,54.32805801,92.09868141,18.15784314,7.425458152,11987.77415,98.3030959,0.185719023,0.376861679,7.794243192,11.78642293,12.73422329,101.1101072,8.958049234,4.539464687,82.9915156,21.99393381,34.75354614,1
Zambia,1990,0,142.0789023,28.84135594,23.72054645,6.549619195,55957.244,85.97712197,-10.99488114,-12.30576659,4.054687073,5.553856002,31.94289238,58.14698222,8.219047742,2.396977452,51.37228036,15.0829402,58.65716175,0
Zambia,1991,0,102.7286566,13.54758266,35.68093416,-2.79764569,15259.1061,90.50291703,4.463886498,2.041351243,-3.645177562,3.903353179,-25.02659001,112.769598,9.118408935,-1.482972936,152.0764351,49.07528681,35.07865236,1
Zambia,1992,0,62.18653402,76.71778375,36.9369769,2.002478799,44112.6941,17.81427177,-7.51658857,-7.714838779,16.09649994,4.507167341,-10.10812162,64.79706533,9.274582445,-2.728742761,67.22809377,16.83473944,76.30841965,0
Zambia,1993,0,55.0365421,84.48492352,14.30909226,-6.874773204,17293.92699,82.25571284,-9.724423092,-9.183771779,-8.171636176,6.475239609,-29.91113563,96.25222986,7.502960188,-0.376658121,86.94578366,60.26021677,26.43432961,0
Zambia,1994,0,44.82045606,97.10781094,21.17491656,0.710517654,19271.78889,69.42999689,-1.042781339,-3.761342877,-19.63121623,11.27206799,11.48782673,149.0424239,7.406608809,5.350983859,95.85292287,74.50279351,96.26432611,0
Zambia,1995,0,110.3033247,90.08527547,24.22004053,-5.391560564,18807.11061,96.09258343,-4.742159309,-5.329602812,-12.1303791,8.954326176,38.5503488,59.20726878,13.86248348,5.40142053,162.0203138,21.34742768,35.63007115,0
Zambia,1996,0,48.43302969,64.04812914,38.21893599,4.874736299,44949.16757,54.98249199,8.007148616,6.553120135,-15.61930032,7.136760969,-7.397070495,140.9683801,8.008225873,-0.200968623,143.8837716,42.9657005,72.85250688,0
Zambia,1997,0,97.38942457,57.70471053,39.95160617,0.561168438,33541.86254,3.942552505,7.001567455,4.185470999,-7.240249033,2.372319462,76.89937834,61.68481386,9.259503036,4.523378935,77.63981548,61.71422151,93.35698806,0
Zambia,1998,0,54.4025535,12.50569461,13.23925371,-1.775452747,53012.26161,57.72688357,-2.916233415,-5.162258118,13.0351471,2.217563075,97.18575265,90.23727157,4.004540879,0.976607909,139.6831716,30.07877627,39.83090512,0
Zambia,1999,0,106.0559628,32.19908022,30.4442955,-4.624058077,18650.15134,67.09099744,-6.018405632,-8.184200679,6.061187415,6.275264509,-31.97677215,79.79789265,13.06639801,2.889102742,156.2221993,74.45351637,94.74375192,0
Zambia,2000,0,125.9421647,51.36532766,18.23108718,9.973969637,41611.95357,18.13370801,-6.862050459,-8.764804971,-13.24077643,8.880150103,-47.3209916,121.8107431,0.36552139,0.009994883,108.3345804,72.19258912,51.09397325,0
Zambia,2001,0,121.1432816,66.56535101,5.283786891,-8.565789582,45251.0314,36.38190527,-8.310909423,-6.490643994,11.55286884,9.136639987,68.46653611,27.94205093,8.358401434,1.643753366,86.8929371,17.2628049,96.84246538,0
Zambia,2002,1,118.910673,60.152665,5.323838285,-9.128786389,9343.482148,57.84285848,-1.386303657,-1.749352458,0.168794644,3.098015415,-21.40359833,101.5258995,5.757754428,-0.355984981,151.8474159,11.91798401,97.70910865,0
Zambia,2003,0,44.40391274,76.83723907,21.11981026,-5.65485199,24215.18463,34.28110242,5.124465118,3.006981072,0.508584965,1.651144398,2.971988899,118.8867028,9.058562933,-2.449970739,141.63368,78.35209381,35.04639241,0
Zambia,2004,0,31.49004311,35.17902378,22.09172196,9.421449173,29124.20441,34.36951031,-7.231084795,-9.629302993,-5.515512761,4.921301376,9.134682741,81.37883068,5.402580747,-1.745596324,61.68682377,76.95325173,86.48698695,0
Zambia,2005,0,110.8633477,60.84573469,5.78993938,9.584763366,21534.53718,8.974097113,-10.24764776,-11.46000501,14.58465459,11.05898425,87.48990834,33.68803885,10.76531868,-0.38392955,150.001946,39.55999231,35.47368103,0
Zambia,2006,0,67.88513779,17.93280191,29.04245959,3.098554695,19530.12198,93.77840592,-3.112904845,-1.324811733,-7.266907846,6.771723406,48.82573236,51.82465175,0.304971645,5.786284056,123.2776899,13.53943269,38.11524963,0
Zambia,2007,0,76.20500943,47.22989712,15.2901186,7.602133344,41279.26767,73.80191037,-13.27413958,-14.08738049,-16.23440957,4.181147319,-43.90857645,108.3574081,6.088341582,5.691049352,163.0053435,53.32128869,26.73012032,1
Zambia,2008,0,24.04938206,77.51447497,24.59625855,-5.720765383,13187.22394,-4.869438919,2.531975153,0.491359315,-7.890840241,4.221833186,-47.77846389,136.4068601,12.468954,4.448970082,78.60763128,30.53870752,32.52295572,0
Zambia,2009,0,53.74493841,72.40607681,15.53216756,9.440841884,42650.62749,75.38939482,-2.041043342,-2.616346253,8.614141851,2.01900102,-20.06478537,74.80911891,3.753010767,-0.90744554,88.73246269,75.57060908,70.57751746,0
Zambia,2010,0,24.3779325,99.15784635,10.84970102,-7.144302997,56122.13852,72.67847423,-2.590629801,-2.258760457,6.303275472,5.942072965,-2.274208869,92.85356456,0.791263176,0.974419265,131.4969109,65.62633475,55.9402184,0
Zambia,2011,0,134.2941504,35.01020134,19.25108085,-7.977496236,34042.29201,-3.978249184,-7.488865511,-10.31136041,-12.47931386,9.600670803,22.67857511,49.69005477,7.447861118,0.958045546,122.2600292,55.47156489,83.27553897,0
Zambia,2012,0,51.64156882,54.83703693,13.12956777,-7.755769215,36802.62393,33.80845125,7.616835938,8.382686747,-15.52862804,11.63842495,75.67591185,73.58773082,14.64800191,0.482759203,107.9548057,29.91526933,46.55974519,0
Zambia,2013,0,92.45383204,39.65773724,23.71803419,1.462558465,4415.282317,58.70850748,-12.7378427,-13.36723819,6.434630336,6.2683425,-2.777336595,63.78267501,0.962378423,-2.596077254,161.9049972,59.08880056,97.48996538,0
Zambia,2014,0,25.06731169,49.65428027,11.95899856,5.619488014,51909.27115,42.53881845,6.745600222,3.803955473,7.055073426,2.422971532,6.480582891,105.2183212,1.050847391,1.810746368,134.7127345,30.24177867,23.98980327,0
Zambia,2015,0,106.6901609,87.12551169,22.79420918,-2.666656443,17341.2329,76.68854247,-5.58236994,-4.539033546,-5.354014512,8.353929598,-0.599310499,148.0108637,8.926748474,-2.344692071,156.5407781,12.63416889,25.03487635,0
Zambia,2016,0,61.99355495,71.57881677,10.50824802,9.557919756,37018.55458,39.67312493,7.015587899,8.289913713,13.71205534,9.203100442,-48.6551996,125.7294488,3.751015693,4.217268126,72.98824435,45.59042113,76.10999191,0
Zambia,2017,0,136.7294943,89.41970722,28.48411483,-1.311597238,58752.99653,11.15561179,3.219036458,3.99207519,19.12820815,1.324547118,93.28023087,44.98139604,6.153468505,3.221764286,159.3482443,44.20791814,91.0031108,0
Zambia,2018,0,135.4553646,28.31599975,31.38781896,-6.991028985,35851.50525,97.52364055,-12.39573183,-13.34415053,-11.77419106,10.27659999,-29.15061738,95.09821713,12.45760729,0.17463306,119.2292162,63.41041811,83.64001533,0
Zambia,2019,0,62.28778039,88.60250061,8.863798199,-0.680665036,43565.1564,20.41419924,5.788407163,5.966036287,3.082748628,10.03720748,-6.84987827,28.63352294,2.982730263,2.82422744,55.06519035,70.59717176,59.18536703,0
Zambia,2020,0,137.1249164,15.37860468,21.37308442,3.580743308,26885.58121,70.35769261,2.054420842,1.377367079,-19.78614684,5.934222121,-30.60450469,52.09901329,10.78949905,-0.902666941,85.1737331,34.81279421,41.5713089,0
Zambia,2021,0,149.5004976,89.97393524,7.480509523,6.64451561,3903.840858,10.03141272,-14.19245218,-12.9887218,8.522175841,6.944858964,23.58147342,42.38829789,7.567282699,-0.612749415,53.86345876,41.46311071,21.07612234,0
Zambia,2022,0,127.3040363,39.61664015,25.93638559,-0.824634201,47916.68116,29.54632445,-11.65743295,-11.15595183,-3.428715457,8.704192733,89.82491724,63.62091989,13.57436539,-0.172798348,118.5311783,42.92802938,60.75611631,0
Sri Lanka,1980,0,129.8332752,38.31288701,14.25415043,1.872136521,2389.430823,41.41289889,0.890701396,-1.618503921,-12.26923092,8.282603438,-34.89489236,108.245816,3.451559323,5.756658003,169.55174,32.81158324,58.05089578,0
Sri Lanka,1981,0,52.37113569,56.0879719,23.46685599,-4.653105757,42129.27238,15.18436048,1.565012572,2.423573921,10.08887687,0.690163749,16.13453854,84.9211312,12.05653175,1.364647071,81.60370203,79.12146919,47.53967196,0
Sri Lanka,1982,0,94.97131185,94.6621169,23.11113533,2.918330528,1668.417917,42.24575552,3.666285821,4.789716307,12.4259519,1.908005994,-46.64377313,141.2782038,7.198065902,2.261823532,134.4171841,70.79528819,66.24582304,1
Sri Lanka,1983,1,28.74326882,14.30032282,37.35240212,9.719438879,51779.62262,11.50209641,3.006135019,2.230348103,-15.55333995,2.369791391,65.63473321,47.65734918,9.154529613,3.712582867,80.07006716,67.79696022,78.30517579,0
Sri Lanka,1984,0,32.33933179,41.70078776,24.21791279,-9.018928548,9710.871339,53.69568659,1.487998867,3.742713553,-18.36016953,9.190272724,46.18392153,67.34718901,1.382301258,-0.131932723,92.75561376,45.07815843,76.0710589,0
Sri Lanka,1985,0,149.8560396,87.09147898,25.40494679,7.730613414,31002.00828,64.68989151,4.155972544,6.214058673,-6.636862333,5.560960973,54.95479956,62.88083498,3.07547375,-0.959336845,85.32219395,66.49612495,41.06022734,0
Sri Lanka,1986,0,62.46310243,45.64490297,19.0578594,1.245650055,35949.89706,1.555599823,-0.622857353,-2.571858209,5.03961863,6.773280203,20.85045413,50.67527137,11.60036822,5.682166552,146.7507007,28.68087532,66.82429509,0
Sri Lanka,1987,0,117.2639086,27.92412078,38.21778611,-4.958026809,27615.46082,86.46887271,-8.480215362,-6.054617511,11.73678109,9.385905524,86.14495443,149.1122,3.358626618,0.893538521,129.0093417,49.24546275,31.90195829,1
Sri Lanka,1988,0,124.8664569,48.23147632,32.20150683,9.0977942,20643.58031,14.43979293,7.809415343,7.454649572,1.842499865,4.421296094,11.43361763,70.33932091,1.387947413,-2.985682561,158.1948719,37.50426429,29.72814751,1
Sri Lanka,1989,0,131.5430252,44.69972513,14.98918516,-0.332913939,28228.51348,18.66305466,-14.54464923,-13.20215131,3.229951052,9.112237614,27.11276122,142.2661675,8.958049234,4.539464687,82.9915156,21.99393381,82.8684669,0
Sri Lanka,1990,0,149.6916787,92.38745813,34.5473355,-3.366194967,18891.52051,64.44173321,-5.835957003,-3.951374961,11.99432887,5.586441658,54.29338334,70.7615516,8.219047742,2.396977452,51.37228036,15.0829402,75.49967217,0
Sri Lanka,1991,0,51.39454308,78.57409382,20.13387261,-6.370047435,26455.90412,44.21886135,3.221757327,3.252431854,1.153734969,4.837572159,28.08409616,46.53191824,9.118408935,-1.482972936,152.0764351,49.07528681,81.43431205,0
Sri Lanka,1992,0,25.24560749,55.46040002,34.00335002,-5.110955795,21727.10556,47.43653791,-4.321098971,-4.926487335,4.446179609,4.329928537,-21.59965281,35.49682299,9.274582445,-2.728742761,67.22809377,16.83473944,32.19698194,1
Sri Lanka,1993,0,73.45489734,98.953351,33.80108239,6.656980832,34102.42796,8.456273379,-14.37913981,-11.8864316,0.648693599,11.59686538,-2.439407293,131.2232151,7.502960188,-0.376658121,86.94578366,60.26021677,93.16948715,1
Sri Lanka,1994,0,36.91048708,51.87497781,11.61045654,2.288200186,14504.07249,79.6022613,-13.35047742,-14.9653561,15.21832933,9.377694223,-36.15582978,24.17269326,7.406608809,5.350983859,95.85292287,74.50279351,30.64892906,0
Sri Lanka,1995,0,22.91536559,15.24140477,29.5399396,8.26491239,59322.79633,59.79069584,1.215934228,-0.242245305,-10.57933526,0.732253319,14.89202458,145.3712965,13.86248348,5.40142053,162.0203138,21.34742768,89.60295746,0
Sri Lanka,1996,0,66.85548753,33.60468896,15.17250393,-5.360630957,30201.93622,9.215114547,9.121614985,8.291336869,-9.440256618,11.51027809,41.40881396,74.36485753,8.008225873,-0.200968623,143.8837716,42.9657005,48.1903433,0
Sri Lanka,1997,0,121.8859726,49.24634322,15.41224345,-7.577228523,11891.47602,34.26993354,-1.203409104,0.953385564,-14.88154154,9.417555742,-32.22050836,52.15866564,9.259503036,4.523378935,77.63981548,61.71422151,28.43472744,0
Sri Lanka,1998,0,93.60348986,24.12123617,15.37218269,-9.87824938,28780.88495,80.09304294,-2.331054549,0.301675036,12.77867006,2.215509216,44.58806822,100.2679972,4.004540879,0.976607909,139.6831716,30.07877627,42.94151685,0
Sri Lanka,1999,0,60.6611386,95.28086137,30.39488866,0.157240752,52024.98323,54.67727983,-7.041869674,-8.721463385,-3.528908378,1.377888442,83.93082096,37.27868894,13.06639801,2.889102742,156.2221993,74.45351637,34.51584114,0
Sri Lanka,2000,0,105.0644607,79.0164008,13.04391146,9.966138608,1601.86555,6.408121809,-8.582733153,-6.399512268,-6.084242365,4.044232077,0.658559948,29.37892456,0.36552139,0.009994883,108.3345804,72.19258912,59.2535775,0
Sri Lanka,2001,0,50.16236344,34.14584804,5.031704234,3.899305376,40869.38091,34.14158981,-14.47537546,-15.9261577,19.25394868,7.678087587,-16.69503557,127.6118357,8.358401434,1.643753366,86.8929371,17.2628049,95.97962784,1
Sri Lanka,2002,0,21.86958799,63.17240802,30.03328987,-3.832108161,33013.67747,20.48291184,-8.176128309,-5.352280828,17.07213466,7.590286925,83.95090958,75.2072007,5.757754428,-0.355984981,151.8474159,11.91798401,46.22969293,1
Sri Lanka,2003,0,119.3659402,74.93042414,10.99146603,7.537171661,10422.61226,49.33388313,-3.772238978,-3.187791626,18.87950728,3.672276439,53.79178538,87.37313857,9.058562933,-2.449970739,141.63368,78.35209381,68.96791885,0
Sri Lanka,2004,1,101.086601,94.7151036,8.656883836,5.63444532,49103.34343,83.55291853,-10.05125542,-13.00873662,-14.30804013,5.625262255,-34.19076979,42.97048115,5.402580747,-1.745596324,61.68682377,76.95325173,91.33767006,0
Sri Lanka,2005,1,119.0993412,89.34718143,13.31306422,-9.691696678,22322.41196,40.80804915,-12.81630029,-15.61152086,15.65007253,2.936736791,11.21679281,27.98515179,10.76531868,-0.38392955,150.001946,39.55999231,70.40591438,0
Sri Lanka,2006,0,25.06194217,56.36730035,18.29651828,6.337209611,17839.98112,40.50091319,2.943196681,0.828103866,-6.851616025,1.081654879,51.11343996,67.81089724,0.304971645,5.786284056,123.2776899,13.53943269,48.97593127,0
Sri Lanka,2007,0,128.8255516,79.71873578,21.65672146,-3.989464855,49739.07395,90.06184474,7.365506727,5.490945674,-19.49372919,6.445160375,36.15758125,85.79901281,6.088341582,5.691049352,163.0053435,53.32128869,99.26713017,0
Sri Lanka,2008,0,100.538406,60.59302784,6.559951425,-7.006530708,38419.94526,55.49946831,8.419301742,10.02501648,-4.348066561,4.490398044,42.7820679,119.5059808,12.468954,4.448970082,78.60763128,30.53870752,34.99308812,0
Sri Lanka,2009,0,93.24139559,59.7433501,38.97006664,-5.473383205,53926.0673,54.45006418,0.449968212,-1.213436529,0.367854126,6.743147971,35.0702761,85.13676003,3.753010767,-0.90744554,88.73246269,75.57060908,61.86048119,1
Sri Lanka,2010,0,101.1998263,20.32677625,30.06220687,-0.628403912,37904.05711,22.50053865,-13.68063544,-10.86578571,-15.67118306,11.38483421,69.7092048,121.7259123,0.791263176,0.974419265,131.4969109,65.62633475,83.7364399,0
Sri Lanka,2011,0,132.3763221,21.35238922,16.31179229,-1.502641459,44526.81418,58.81088852,3.521565749,4.338238092,1.507104675,2.148758584,-1.93595648,35.00626136,7.447861118,0.958045546,122.2600292,55.47156489,20.05190957,0
Sri Lanka,2012,0,96.30174585,57.65802535,16.154404,-4.222254013,50235.82001,55.47059908,-12.24761737,-11.09251231,12.77854337,0.522563211,56.26935218,28.31516037,14.64800191,0.482759203,107.9548057,29.91526933,76.16346017,0
Sri Lanka,2013,0,95.52354939,34.19753905,20.69898923,-6.555633556,3567.956264,36.66940439,1.743702942,0.050602058,-4.893961966,1.384099453,98.66191637,40.65192534,0.962378423,-2.596077254,161.9049972,59.08880056,41.31991174,0
Sri Lanka,2014,0,148.7882904,11.89332122,26.9185688,5.244615793,46630.12284,99.02303442,4.484145894,6.840383778,-5.894207739,5.821145405,8.493828667,120.3615765,1.050847391,1.810746368,134.7127345,30.24177867,33.57813782,0
Sri Lanka,2015,0,118.3749217,75.05552835,10.12305733,9.802195675,36938.27697,87.59855132,3.146617771,4.153505208,-6.447583191,8.629718343,68.65724718,118.71293,8.926748474,-2.344692071,156.5407781,12.63416889,41.93555707,0
Sri Lanka,2016,0,77.49819471,12.9237937,11.61254348,5.555831608,4449.615452,73.70656046,8.797095144,10.98352889,16.92377784,7.178781438,-13.08361443,38.37781459,3.751015693,4.217268126,72.98824435,45.59042113,97.34531407,0
Sri Lanka,2017,0,111.96161,63.5749157,35.0802104,-4.081260647,30662.10194,51.42128678,3.453657112,6.192543695,-18.04967605,6.191287985,-7.715493157,24.02852557,6.153468505,3.221764286,159.3482443,44.20791814,91.35482074,0
Sri Lanka,2018,0,70.59996132,58.52744147,13.96892234,-5.103820772,5222.747256,43.5162792,2.33024445,0.084090312,-2.19695432,4.570576008,90.22958113,109.0866517,12.45760729,0.17463306,119.2292162,63.41041811,37.10035652,0
Sri Lanka,2019,0,49.75381012,97.19332215,18.30682493,-5.646682479,44236.04794,14.4142265,-8.456420695,-10.87689731,-9.416021834,4.064702973,-46.10924656,131.1866318,2.982730263,2.82422744,55.06519035,70.59717176,29.36214185,0
Sri Lanka,2020,0,97.590744,53.57918254,35.49451478,-7.26609851,32926.15232,27.10243477,8.119217161,9.93966412,15.75228102,4.827291014,-17.38589827,118.0340004,10.78949905,-0.902666941,85.1737331,34.81279421,49.13220836,0
Sri Lanka,2021,0,140.6636728,15.72412927,28.21017403,1.026610994,57228.34018,76.26588398,-10.51140323,-8.314646876,-16.15790946,7.533801971,22.43810467,46.36386748,7.567282699,-0.612749415,53.86345876,41.46311071,67.38691841,0
Sri Lanka,2022,0,140.7881376,59.6519171,16.95991578,2.108007439,11233.18168,42.64364016,7.622415287,8.124983812,-3.542289333,2.429170492,10.27714326,95.88982664,13.57436539,-0.172798348,118.5311783,42.92802938,89.37157029,0
Sudan,1980,0,64.44768615,85.69865536,28.9294841,4.110053213,36480.19712,87.63829924,-7.183436416,-7.98743313,-3.727353919,9.370663955,44.37545969,118.4575437,3.451559323,5.756658003,169.55174,32.81158324,97.28721,0
Sudan,1981,0,88.59807061,99.71643559,5.688912538,3.604267419,12931.45343,10.53066932,-11.74591015,-10.83013234,15.5357767,7.115412261,-21.09169245,53.25773159,12.05653175,1.364647071,81.60370203,79.12146919,80.09226945,0
Sudan,1982,0,47.51266681,48.73088563,30.7474931,-4.153333774,36959.67959,48.37644508,5.667075682,4.501060117,-11.3802622,3.595298343,-39.41794934,88.60370418,7.198065902,2.261823532,134.4171841,70.79528819,67.92057702,0
Sudan,1983,0,149.4320442,38.82688682,22.04556142,-3.393779892,43442.18723,62.93139682,-14.93761366,-16.50729951,5.795816412,6.263259072,5.400009671,60.87985252,9.154529613,3.712582867,80.07006716,67.79696022,31.38656209,0
Sudan,1984,0,147.545328,91.59879673,33.46137515,3.630290709,43421.56846,49.26908791,5.802207942,5.731079199,-14.62375492,11.57195491,28.65328632,49.32480425,1.382301258,-0.131932723,92.75561376,45.07815843,25.92227011,0
Sudan,1985,0,104.4361609,27.21179162,38.41231782,-3.011047184,48959.91724,88.36882362,-8.442203949,-10.14528098,18.15902856,0.735652585,34.30027556,146.0466125,3.07547375,-0.959336845,85.32219395,66.49612495,67.68215028,0
Sudan,1986,0,124.5738278,65.38860235,37.40259923,-5.747536208,51256.94861,98.90414459,7.118031819,7.020253469,3.720598371,2.79451037,40.22402853,138.6356549,11.60036822,5.682166552,146.7507007,28.68087532,63.12512846,0
Sudan,1987,0,112.963021,46.51429818,36.82427652,-2.513276926,4913.122058,7.162639126,2.286979556,5.026618589,5.050269213,5.656372759,32.29929936,77.93680502,3.358626618,0.893538521,129.0093417,49.24546275,87.68704862,0
Sudan,1988,0,97.11056848,13.69741285,22.92594846,-4.558316848,20793.04928,8.645264928,1.654583321,3.693287535,-2.649063934,7.8420568,-13.13720435,37.78114794,1.387947413,-2.985682561,158.1948719,37.50426429,45.80846807,1
Sudan,1989,0,26.93523961,41.25596269,17.60497399,-8.233745576,41321.21447,8.684031924,-5.867010921,-3.217225404,-6.308691493,2.940625062,64.6824604,114.6279494,8.958049234,4.539464687,82.9915156,21.99393381,23.17526859,0
Sudan,1990,0,79.11936453,33.87056703,21.27623637,6.602778046,30065.60136,66.52359509,-13.51492565,-11.6769518,-11.49294282,11.21114541,-36.83296074,53.24114692,8.219047742,2.396977452,51.37228036,15.0829402,53.89666153,1
Sudan,1991,1,107.7222193,71.74820385,29.14636012,7.062227783,11683.35402,34.13099003,5.751827455,4.880333071,4.159510153,7.889578143,-20.24691807,41.90731476,9.118408935,-1.482972936,152.0764351,49.07528681,97.53458432,0
Sudan,1992,0,108.0791098,95.39114479,35.93992219,-5.604993997,33296.76134,71.99803943,-10.72740512,-8.855133689,18.18246981,10.59046741,60.90670135,69.59877231,9.274582445,-2.728742761,67.22809377,16.83473944,83.64599239,0
Sudan,1993,0,68.50594039,34.12424686,12.24452061,-8.704556009,24623.90847,37.57450465,-5.693533953,-3.156039491,-5.608361836,4.287156198,-8.041079884,88.88047519,7.502960188,-0.376658121,86.94578366,60.26021677,22.70177389,1
Sudan,1994,0,142.4199583,83.03193452,37.13676055,4.776548747,23585.28518,60.89870574,0.008867138,2.691081865,15.32627555,10.03297024,24.02101624,32.66724288,7.406608809,5.350983859,95.85292287,74.50279351,89.97431231,1
Sudan,1995,0,41.75641419,14.98238352,33.53130812,-5.769427483,48642.29693,75.8350906,-2.943656536,-1.844469432,-14.04894749,4.849520994,-0.920338872,94.3270415,13.86248348,5.40142053,162.0203138,21.34742768,57.73515917,0
Sudan,1996,1,85.04672801,58.4308909,39.25996053,-2.131290211,24633.62053,52.56267062,-10.03348412,-11.76528426,17.44504084,3.406645383,26.04718174,21.99528872,8.008225873,-0.200968623,143.8837716,42.9657005,49.18144255,0
Sudan,1997,0,109.814917,16.34950573,35.80881206,-8.717294955,1879.333977,51.647877,-11.48459108,-14.24621616,-5.980548644,10.9840364,1.998369992,135.9429779,9.259503036,4.523378935,77.63981548,61.71422151,47.73916326,0
Sudan,1998,0,110.6276548,94.0629692,14.79780654,-5.474608305,3766.381332,4.264604155,-11.91884319,-14.03564182,-4.810911536,1.56051247,99.13119849,139.6964196,4.004540879,0.976607909,139.6831716,30.07877627,67.61154024,1
Sudan,1999,0,104.3230644,78.97161525,8.708456897,5.858045567,51417.76929,38.13208301,6.575197037,9.368478545,-1.486309719,11.34322115,3.621638404,115.2992006,13.06639801,2.889102742,156.2221993,74.45351637,62.44795348,0
Sudan,2000,0,55.78746775,69.21549201,8.92843752,6.087928938,57647.86836,52.30660109,-14.21101127,-14.43843033,8.729770798,5.772924867,44.05741261,80.65142311,0.36552139,0.009994883,108.3345804,72.19258912,72.53017953,0
Sudan,2001,0,40.30685393,84.15067435,15.19281615,-5.858303502,41398.03739,43.50798669,9.42535649,11.55527258,8.786137348,11.91519295,83.25148265,53.13651517,8.358401434,1.643753366,86.8929371,17.2628049,65.8913172,0
Sudan,2002,0,102.6722425,68.2767816,26.49643034,-3.281723098,22052.78716,89.58211002,-10.03678274,-10.24651782,-0.816456611,6.705338518,45.69024915,116.7345718,5.757754428,-0.355984981,151.8474159,11.91798401,31.51556599,0
Sudan,2003,0,97.9092751,97.20499575,33.15121141,-7.315231618,56334.43885,90.18571637,-12.24194258,-11.27703708,0.926115973,9.211113979,34.87858827,141.1336363,9.058562933,-2.449970739,141.63368,78.35209381,40.5788807,0
Sudan,2004,0,43.31628134,74.25621531,36.47376074,-8.516547394,39869.34426,81.30132496,-0.575708631,-3.430863968,-18.79958049,0.581316688,35.38441821,40.60938164,5.402580747,-1.745596324,61.68682377,76.95325173,87.28236577,0
Sudan,2005,0,111.6680889,93.21927486,26.83136845,9.843434289,50706.71289,34.40629791,-13.00035105,-14.5011614,-7.828131938,6.21166843,24.46910664,80.55685861,10.76531868,-0.38392955,150.001946,39.55999231,73.06068118,0
Sudan,2006,0,79.17235893,56.54187028,5.197095946,3.111879025,46021.38255,70.31641093,0.061331579,-0.321052741,-6.159317031,8.980714924,71.13706021,60.98401268,0.304971645,5.786284056,123.2776899,13.53943269,55.87205003,0
Sudan,2007,0,106.8088769,20.53579717,11.52108718,0.841930184,22934.61715,36.50528841,6.26566612,7.049452403,2.349090749,9.50251073,-42.43638825,66.37643258,6.088341582,5.691049352,163.0053435,53.32128869,34.60811455,1
Sudan,2008,0,128.8577204,57.53599493,8.490417135,5.309970008,28878.52139,19.42232789,-13.80254946,-15.77342233,2.331990695,2.3175587,82.76948619,72.74851157,12.468954,4.448970082,78.60763128,30.53870752,20.61528288,0
Sudan,2009,0,42.06469572,21.41855453,17.71635664,6.801543194,11412.08962,31.00477757,4.996715113,6.584023899,8.395991909,5.318165929,37.94383304,143.7335248,3.753010767,-0.90744554,88.73246269,75.57060908,44.95099226,0
Sudan,2010,0,22.48883284,63.32441313,22.54728478,6.134295361,17733.2418,2.451286495,-5.138063975,-5.951635739,8.681091849,5.319327518,77.33098319,53.62283182,0.791263176,0.974419265,131.4969109,65.62633475,24.38775655,0
Sudan,2011,0,121.2833362,53.42437545,6.51890125,-9.669211014,46754.10198,29.83663845,-11.01273415,-9.108122539,-10.59157103,1.691869298,-48.44109462,84.04785908,7.447861118,0.958045546,122.2600292,55.47156489,58.58273065,0
Sudan,2012,0,99.26066527,66.0317858,17.19672915,-6.263842036,53670.51,43.37793281,-10.59758799,-13.00977345,10.80748604,5.595023338,80.39146059,143.6933713,14.64800191,0.482759203,107.9548057,29.91526933,85.74411622,1
Sudan,2013,0,110.9531441,10.90422829,11.27128861,3.098106042,43550.28727,95.32549395,7.969113592,9.047653118,-19.21585728,9.781569025,-31.97937212,81.88739573,0.962378423,-2.596077254,161.9049972,59.08880056,42.83189291,0
Sudan,2014,1,128.9601467,27.53564425,27.64745582,-2.484813044,28070.86969,27.90811155,-12.2348562,-13.4748862,8.646475384,3.952078483,58.18270096,132.2679378,1.050847391,1.810746368,134.7127345,30.24177867,87.82033292,0
Sudan,2015,0,124.3654215,54.21973887,21.24953293,9.649653021,5464.603356,89.75762162,6.669569678,8.441868723,-15.91755586,5.474607002,12.47820893,27.63942066,8.926748474,-2.344692071,156.5407781,12.63416889,76.36515169,0
Sudan,2016,0,144.9196191,95.54532054,22.33611764,3.308095853,3699.792537,19.03011896,-1.393884475,-1.980861913,9.185928337,11.55102488,52.16085866,143.8939544,3.751015693,4.217268126,72.98824435,45.59042113,30.02098635,0
Sudan,2017,0,89.67156025,44.52481363,19.96921258,9.130978175,22647.23621,15.05173426,-14.02359553,-13.03149774,1.084723623,0.864642873,44.22846065,44.37904911,6.153468505,3.221764286,159.3482443,44.20791814,71.5649513,0
Sudan,2018,0,83.50443225,48.19348234,38.46068987,-5.971070367,27990.15661,49.49452293,-3.388096357,-0.782264745,-2.509819973,7.302500331,-25.49051794,147.3915545,12.45760729,0.17463306,119.2292162,63.41041811,32.13438458,1
Sudan,2019,1,72.24533599,74.32264801,12.51572938,7.279140562,36664.50115,65.61369378,5.436237862,2.559997654,7.62665559,9.049515055,27.19206467,42.82499248,2.982730263,2.82422744,55.06519035,70.59717176,72.38327362,0
Sudan,2020,0,39.97983557,64.34134816,23.08324909,-3.572953884,687.4244268,-0.345113666,3.155069691,0.221770385,-18.54516665,9.250147991,-8.415429021,77.76757321,10.78949905,-0.902666941,85.1737331,34.81279421,31.41715878,0
Sudan,2021,1,94.43894027,36.90335351,30.76060789,9.791296165,59386.45656,18.21191583,-2.780439558,-1.158764045,-11.06118697,8.733287286,34.06552643,60.1198839,7.567282699,-0.612749415,53.86345876,41.46311071,51.40090928,0
Sudan,2022,0,56.01162816,46.9734756,24.48955446,-6.846226559,22027.15134,42.84678498,6.501246992,7.379605301,4.657605699,8.8541916,60.70049246,76.32008474,13.57436539,-0.172798348,118.5311783,42.92802938,65.32754162,0
Nicaragua,1980,0,139.7699766,29.5929819,37.515731,0.326796377,50931.25143,29.75545528,-11.99088096,-13.23300263,13.88861627,1.178645655,-37.81123781,52.56821619,3.451559323,5.756658003,169.55174,32.81158324,24.02993371,1
Nicaragua,1981,0,95.81480456,96.94193132,18.22889245,5.856890677,32237.51233,69.82521333,7.748526335,7.714906551,-4.755694522,6.64257112,27.36436353,145.4912636,12.05653175,1.364647071,81.60370203,79.12146919,32.26466759,0
Nicaragua,1982,1,97.06922347,21.75709434,21.2286532,-1.347150388,8087.235436,48.67186258,6.161030212,3.412644206,-9.649541095,9.504144324,42.64447311,59.74424793,7.198065902,2.261823532,134.4171841,70.79528819,45.632706,0
Nicaragua,1983,0,66.14020591,43.46531061,8.098281033,-0.638318796,47914.66349,11.83770609,2.706920641,0.861594274,0.749457432,1.581748064,-5.69488196,104.9257386,9.154529613,3.712582867,80.07006716,67.79696022,56.98560686,0
Nicaragua,1984,0,26.75861576,12.3255075,26.31496889,9.72711591,42676.67637,88.91886483,5.447193553,4.9941718,4.892610095,0.638574107,92.95052242,37.86817365,1.382301258,-0.131932723,92.75561376,45.07815843,88.67898351,1
Nicaragua,1985,1,24.1266895,29.96015427,15.0874189,-1.493836994,31787.93427,25.75509593,-1.404612329,0.599654168,-3.195878744,9.867461063,28.04542383,127.170373,3.07547375,-0.959336845,85.32219395,66.49612495,34.98184707,0
Nicaragua,1986,0,75.03356874,80.24240245,10.61081638,2.081442012,31018.81955,71.76876644,1.879060727,1.757063825,15.06842731,8.691385457,-22.62243652,90.52603266,11.60036822,5.682166552,146.7507007,28.68087532,47.79767604,0
Nicaragua,1987,0,30.99349915,28.10577091,24.05859525,-8.909206786,5522.532463,76.89115681,-0.985048232,-0.466873205,0.937548354,5.240373795,-33.83176073,147.3279962,3.358626618,0.893538521,129.0093417,49.24546275,58.0620989,1
Nicaragua,1988,0,98.89010422,17.20570623,23.63085922,6.844201604,39454.18223,96.13155853,-6.114286737,-3.871763985,-18.5670565,11.31455897,31.24893237,75.04228819,1.387947413,-2.985682561,158.1948719,37.50426429,43.66228448,0
Nicaragua,1989,0,134.5264907,52.70078619,7.655507443,2.96336098,54701.3358,47.34328399,-0.778480066,-1.925566584,-11.07784181,9.315878088,6.285757169,45.40822375,8.958049234,4.539464687,82.9915156,21.99393381,70.0598223,0
Nicaragua,1990,0,134.7789261,10.89723113,29.43754087,-1.919597943,5866.721678,59.66272912,-8.563366687,-7.35917076,-1.974118763,11.63040083,-21.11793533,64.98246993,8.219047742,2.396977452,51.37228036,15.0829402,40.52819478,1
Nicaragua,1991,0,105.6759033,17.6289539,26.83202667,-9.676609201,16031.6336,30.16201082,-3.993020729,-1.823017177,7.909020761,11.18712548,-45.39522698,115.8055288,9.118408935,-1.482972936,152.0764351,49.07528681,81.78803369,1
Nicaragua,1992,0,47.46013809,82.68632826,11.6156049,1.833376412,54167.78601,66.20882581,-7.980614818,-9.764920614,-11.20991025,6.034876434,34.99001201,105.6838477,9.274582445,-2.728742761,67.22809377,16.83473944,60.41232759,0
Nicaragua,1993,0,132.1895881,79.43260104,21.43022018,-9.74684343,17275.33142,43.65526602,-11.92780526,-12.78893627,19.05029759,9.179153254,39.79003553,121.185163,7.502960188,-0.376658121,86.94578366,60.26021677,26.90439068,0
Nicaragua,1994,0,135.1921466,92.36249384,30.21130208,-9.975927722,39340.43723,40.9534983,-6.95345359,-4.074592547,-7.257669672,8.195700971,-28.72960982,29.55113799,7.406608809,5.350983859,95.85292287,74.50279351,70.15991162,0
Nicaragua,1995,1,45.56496604,86.90638923,23.53025092,2.321971243,32228.64445,84.82409056,6.299680455,9.198991843,1.299208274,9.831619916,40.26070747,95.44794079,13.86248348,5.40142053,162.0203138,21.34742768,65.5394803,0
Nicaragua,1996,0,115.8653912,71.48580069,18.84211767,-6.219658653,35900.75802,0.267728567,-5.472980734,-7.133601152,-19.24134461,9.558416626,92.79591321,141.181928,8.008225873,-0.200968623,143.8837716,42.9657005,47.08778834,0
Nicaragua,1997,0,57.24754136,14.70995716,16.28184603,-6.162249006,25122.59742,87.60605492,3.700091224,1.098766258,15.39562886,2.262167655,96.7443415,34.02724953,9.259503036,4.523378935,77.63981548,61.71422151,20.89256627,0
Nicaragua,1998,0,124.3432406,80.45637562,26.36378533,3.065431317,18209.49079,84.46733297,-10.62005364,-11.99452398,11.55338614,3.187958616,83.27394048,32.26358366,4.004540879,0.976607909,139.6831716,30.07877627,36.05612337,0
Nicaragua,1999,0,149.640927,86.09597298,37.86880444,-8.926056241,3197.447009,48.16845662,-4.389521021,-5.003129277,-12.18167983,3.555913138,71.06178713,113.1585674,13.06639801,2.889102742,156.2221993,74.45351637,52.45676231,0
Nicaragua,2000,0,23.90338069,81.91739312,28.51106942,-3.731888771,44733.57208,46.47129969,-12.12859827,-12.48256466,17.32946765,9.912733431,-18.59482449,60.97371926,0.36552139,0.009994883,108.3345804,72.19258912,35.9931227,0
Nicaragua,2001,0,136.6575626,55.76311318,7.616106627,-7.011361957,44841.77969,32.98977364,-11.53447342,-10.82163557,-7.366409448,9.823529595,-26.53472263,105.6152973,8.358401434,1.643753366,86.8929371,17.2628049,66.19928968,0
Nicaragua,2002,0,100.9419694,30.96116548,21.12397407,1.603527396,40342.32668,99.38824813,0.435909497,2.832926058,7.687451535,6.19635649,16.74214034,90.8999867,5.757754428,-0.355984981,151.8474159,11.91798401,76.98599151,0
Nicaragua,2003,0,146.5397405,86.07969781,36.1788446,3.235303095,38724.93715,6.672779939,0.187045436,-0.830866492,12.75905272,7.179570981,42.9447627,148.1886656,9.058562933,-2.449970739,141.63368,78.35209381,88.48141254,1
Nicaragua,2004,0,80.45123728,75.44465288,8.306184903,4.422717072,14849.91279,56.97259974,-9.665702316,-7.565795103,9.636578449,10.00960476,77.6018026,135.5773342,5.402580747,-1.745596324,61.68682377,76.95325173,71.75860949,0
Nicaragua,2005,1,130.160431,98.26850569,39.61064992,-4.895375662,1633.992546,66.57656696,-3.139420143,-5.578546617,16.70331136,4.094826408,-15.20554383,108.1494616,10.76531868,-0.38392955,150.001946,39.55999231,75.1207377,0
Nicaragua,2006,1,28.11122892,24.0123338,38.21742878,-8.215004967,48580.30919,93.10465086,6.582654174,3.833902368,14.57099041,1.077055935,21.94718508,54.01770139,0.304971645,5.786284056,123.2776899,13.53943269,68.67534922,0
Nicaragua,2007,0,63.58627651,30.30981247,7.739606826,-8.426326861,29620.97058,76.92136717,-10.64496228,-10.62069118,19.78446056,6.04985904,47.11603629,54.04806108,6.088341582,5.691049352,163.0053435,53.32128869,98.83888461,0
Nicaragua,2008,0,28.71214991,29.06183349,37.66946622,-1.476969031,18618.2364,62.6039563,-14.51973667,-17.16176333,-12.6955435,11.00774715,16.83907818,134.6916941,12.468954,4.448970082,78.60763128,30.53870752,40.88004553,0
Nicaragua,2009,0,146.7946074,81.32857909,17.70964066,8.916888181,6385.334835,7.265293265,1.299878517,0.654817324,-7.809527951,9.590385001,18.12905156,96.09433849,3.753010767,-0.90744554,88.73246269,75.57060908,41.30069444,0
Nicaragua,2010,0,126.2066079,26.82165668,34.56482085,-5.645419315,4044.478977,34.24201927,-13.6625448,-11.2818761,5.449034697,4.716098986,-16.23242585,122.6066317,0.791263176,0.974419265,131.4969109,65.62633475,30.10669131,0
Nicaragua,2011,0,130.8311648,15.99938468,19.64341682,-4.865167973,21127.34329,9.578372468,9.498505964,7.947404182,9.321887436,1.244870646,97.99913574,78.48234685,7.447861118,0.958045546,122.2600292,55.47156489,58.85474607,1
Nicaragua,2012,0,141.9354801,99.87047259,20.42992894,-7.982223958,48342.80277,87.52733691,0.240507095,1.476361746,1.384202182,7.824574312,21.27899251,33.39957276,14.64800191,0.482759203,107.9548057,29.91526933,27.69293629,0
Nicaragua,2013,0,31.0634532,12.23354903,27.19850818,2.111405478,55147.80784,73.71022133,-3.240091179,-4.425898825,-17.0428654,10.09664415,29.91129181,63.24923957,0.962378423,-2.596077254,161.9049972,59.08880056,41.61172775,0
Nicaragua,2014,0,70.12768703,85.17196541,32.10670967,3.597457479,53836.05647,74.54136261,-4.250186499,-6.980666168,13.66380907,8.146908514,-17.21610631,40.94939526,1.050847391,1.810746368,134.7127345,30.24177867,58.6144743,0
Nicaragua,2015,0,29.23453558,42.88301574,6.182620283,2.858624163,55224.04983,63.48693437,-0.673233537,-0.333090049,18.43497424,5.388358645,27.12050775,121.6382661,8.926748474,-2.344692071,156.5407781,12.63416889,96.60764927,0
Nicaragua,2016,0,47.4031032,85.74539138,25.76045984,7.222604861,54491.20298,48.23957138,-12.73438908,-10.72526814,-3.779326247,1.918566552,-11.69756622,111.0665587,3.751015693,4.217268126,72.98824435,45.59042113,97.10503951,0
Nicaragua,2017,0,49.81755101,59.91584421,11.53565479,-0.271483299,31775.31767,10.74696124,8.25047647,7.707287161,-11.00750073,10.97390381,-19.64956229,31.49367991,6.153468505,3.221764286,159.3482443,44.20791814,79.49921873,1
Nicaragua,2018,0,80.98393744,91.14681065,17.10823313,-7.310859185,13399.11362,29.6179631,0.641051714,1.344814673,-19.2274498,3.673520746,-8.641662359,100.7801018,12.45760729,0.17463306,119.2292162,63.41041811,51.14001293,0
Nicaragua,2019,0,54.91308177,93.35736878,17.17890332,-4.211897386,47943.381,9.37615821,-10.40053756,-8.000395974,-10.50803856,3.07930092,-49.58605272,133.6376159,2.982730263,2.82422744,55.06519035,70.59717176,89.21290187,0
Nicaragua,2020,0,33.12715389,10.81883632,21.41711191,3.248599468,13058.6646,71.11588,-0.935473656,0.802693421,7.996750994,9.883731655,35.5226668,110.6573584,10.78949905,-0.902666941,85.1737331,34.81279421,90.03646415,0
Nicaragua,2021,0,41.77384158,16.78709584,16.69477442,2.262439475,16252.27442,11.82402148,-11.66858735,-13.50532896,16.46357551,11.7840293,8.122000828,86.44454869,7.567282699,-0.612749415,53.86345876,41.46311071,92.81579046,0
Nicaragua,2022,0,39.14582326,32.53228566,8.757639146,0.620062595,14225.28301,68.72192277,-14.56118206,-13.1608783,-16.25947734,8.091842976,84.80335288,60.54222704,13.57436539,-0.172798348,118.5311783,42.92802938,71.20200386,0
Guyana,1980,0,146.4999837,70.23838747,10.09700585,3.659288374,31044.4495,67.68681591,0.76292463,0.774282781,2.130367486,7.685320624,-43.89392396,135.3225774,3.451559323,5.756658003,169.55174,32.81158324,36.14342365,0
Guyana,1981,0,118.7080259,89.94449769,6.170329495,2.747817007,19513.10224,43.22697029,1.212083547,2.687884394,7.82124994,4.173454996,-43.51995487,74.96463468,12.05653175,1.364647071,81.60370203,79.12146919,27.28646182,0
Guyana,1982,1,145.8089905,51.39477562,21.45871799,7.626497789,9503.116163,9.199008682,-0.40758543,-0.440492127,-8.944767156,0.734754683,82.8810276,131.2011654,7.198065902,2.261823532,134.4171841,70.79528819,93.18204032,0
Guyana,1983,0,77.16626325,64.62758046,38.40566932,1.72032755,27354.45269,28.05408674,-10.41291989,-12.64517091,2.795881567,2.705675457,-31.00330367,121.789979,9.154529613,3.712582867,80.07006716,67.79696022,24.44368865,0
Guyana,1984,0,56.18790262,26.96498675,9.048632828,5.572027174,52472.26216,28.60977645,0.085746462,0.505203143,8.60993704,7.22095002,-49.67598438,126.1095055,1.382301258,-0.131932723,92.75561376,45.07815843,43.67120476,0
Guyana,1985,0,123.7781156,82.44701505,38.11925726,-5.025856881,34362.00544,68.54043898,-13.58722648,-13.63442252,13.50876973,2.240139311,-23.16292044,148.6736776,3.07547375,-0.959336845,85.32219395,66.49612495,58.95694136,0
Guyana,1986,1,62.41300935,97.05953002,30.66765302,3.563651692,52736.63567,6.943017038,0.230958889,0.338489291,-1.900005967,10.66411178,73.58142626,117.3386071,11.60036822,5.682166552,146.7507007,28.68087532,21.75813543,0
Guyana,1987,0,58.91983858,34.17390396,27.3124581,8.043882368,11993.56945,82.05220785,-1.149574522,1.1238402,9.914288757,2.66366391,70.40711241,24.42532164,3.358626618,0.893538521,129.0093417,49.24546275,92.55298069,0
Guyana,1988,0,50.22577899,54.53433564,27.58472144,-2.285353442,10268.34026,74.90576547,1.381370771,3.750393051,-7.92868113,6.50420121,1.019831627,46.70641155,1.387947413,-2.985682561,158.1948719,37.50426429,42.96967959,0
Guyana,1989,0,36.85826717,17.75044995,33.93546769,5.582083747,34661.9544,14.56222641,7.386890144,7.108112784,-11.47813013,6.388152326,50.20463759,24.57536954,8.958049234,4.539464687,82.9915156,21.99393381,22.28038391,0
Guyana,1990,0,53.34019793,60.32229908,8.742195253,4.495786024,27960.73542,70.51226009,6.258952631,5.993344879,-12.50745016,7.445374746,26.0874561,44.68876409,8.219047742,2.396977452,51.37228036,15.0829402,99.48719978,0
Guyana,1991,0,66.1915673,55.25050977,22.66640132,-8.809476063,39712.30671,65.19388405,9.516354789,9.607476542,-5.645090727,4.265491802,85.71024848,27.98713639,9.118408935,-1.482972936,152.0764351,49.07528681,44.91145447,0
Guyana,1992,0,107.6192471,22.99928357,29.39818984,1.630166192,47739.21942,73.55268401,9.406025823,9.523561493,-18.56481273,10.54564331,-41.53647869,85.21021535,9.274582445,-2.728742761,67.22809377,16.83473944,90.1411926,0
Guyana,1993,0,28.13342949,49.78595918,25.53871558,-7.396213016,45153.04555,14.83749832,4.307992334,7.010315199,-8.680326493,5.609467664,71.97686931,23.66680771,7.502960188,-0.376658121,86.94578366,60.26021677,56.27795631,1
Guyana,1994,0,47.36590216,40.06941869,34.14726749,9.346383445,56552.99207,11.54698383,8.910490554,9.806893359,6.088912978,8.551766155,-24.41019959,81.43528295,7.406608809,5.350983859,95.85292287,74.50279351,73.05007208,0
Guyana,1995,1,125.1730732,56.96477878,7.529509815,6.228150054,24075.90763,19.83081852,6.682097147,5.346839117,5.916761886,7.812974901,8.743134615,136.8493179,13.86248348,5.40142053,162.0203138,21.34742768,39.28721196,0
Guyana,1996,1,39.09985007,62.70889019,29.17453638,-7.805523975,12621.28851,33.41652883,3.189561247,3.378782029,-17.05784774,1.847294956,-21.20642728,117.3148816,8.008225873,-0.200968623,143.8837716,42.9657005,60.23002616,0
Guyana,1997,0,64.54386905,10.76460207,23.69097056,-7.564960047,33189.4846,78.33482301,-13.11539363,-12.35205214,-8.503375317,7.660352556,55.39216144,142.7142701,9.259503036,4.523378935,77.63981548,61.71422151,40.61209539,1
Guyana,1998,0,132.4056598,78.49053847,18.27063024,1.889477098,6911.364275,72.48201344,-13.77375279,-12.93512247,2.782306587,6.833080797,51.74892696,49.46408059,4.004540879,0.976607909,139.6831716,30.07877627,96.0867105,0
Guyana,1999,0,40.14029045,74.17128627,16.90962438,-3.102216517,17544.41206,92.17241719,5.939989188,6.451514545,-7.2579145,10.83394673,32.18464025,89.04115613,13.06639801,2.889102742,156.2221993,74.45351637,24.87563299,0
Guyana,2000,0,30.75578863,42.96577476,26.72914215,-9.301882819,12710.9169,1.156103705,-2.758603553,-4.692186625,-3.280479032,10.63008132,54.72445552,61.41532891,0.36552139,0.009994883,108.3345804,72.19258912,41.9739142,0
Guyana,2001,0,82.98993936,14.7642342,36.18483811,0.832830157,23974.85389,-3.786590494,5.365167109,2.566726244,8.512430285,2.235980055,45.93471709,84.19657344,8.358401434,1.643753366,86.8929371,17.2628049,91.44871012,0
Guyana,2002,0,59.31453647,77.94392858,22.36615741,-2.243098006,6939.629528,68.40957712,-7.177043234,-8.149984919,-19.62932682,1.439379174,66.46630835,92.41985785,5.757754428,-0.355984981,151.8474159,11.91798401,58.4028766,0
Guyana,2003,0,93.24308738,95.96576444,33.86531074,-7.978470153,2200.95215,24.32518706,-5.058753542,-5.493620615,-8.944258236,3.887810521,-14.08900231,24.70419696,9.058562933,-2.449970739,141.63368,78.35209381,68.00672895,0
Guyana,2004,1,124.4946358,31.61364364,19.07547336,6.038407845,39510.60208,30.07828403,2.504668025,-0.124506537,-14.30511025,11.84604785,14.33689224,50.32329758,5.402580747,-1.745596324,61.68682377,76.95325173,72.13546972,0
Guyana,2005,0,37.82930346,39.11721524,8.583806198,8.301535306,36731.864,52.41421272,7.883168423,9.772972451,-14.89563269,0.748098429,-27.2560206,111.6204613,10.76531868,-0.38392955,150.001946,39.55999231,25.67420094,0
Guyana,2006,0,95.49088099,26.54316005,7.152700776,5.13187868,42589.02848,5.753377928,-12.80596314,-13.74149851,18.36160866,8.238260755,14.43903463,120.4806432,0.304971645,5.786284056,123.2776899,13.53943269,21.41909927,0
Guyana,2007,0,85.71613885,61.9242511,6.796702996,6.4484462,39725.07048,62.48291374,6.536953616,9.018750093,-4.937586738,7.497907939,55.25376271,94.02867777,6.088341582,5.691049352,163.0053435,53.32128869,95.02728414,0
Guyana,2008,0,38.73024218,23.93572552,18.30525497,-5.670188655,7123.392464,29.14048185,4.825318122,2.751778769,1.083543396,7.935650225,53.70867412,55.20777363,12.468954,4.448970082,78.60763128,30.53870752,41.72022762,0
Guyana,2009,0,101.1198031,42.05745491,16.80332128,-4.728540982,17677.40922,61.43508805,-7.111518232,-9.76990849,9.352875483,3.010287732,56.41403549,72.66093517,3.753010767,-0.90744554,88.73246269,75.57060908,50.42504883,0
Guyana,2010,0,55.57325432,72.73117125,30.12779583,-5.829449194,8032.738611,82.57072587,-6.119584647,-6.22568802,-18.10210101,3.107249477,-3.684870703,32.48478554,0.791263176,0.974419265,131.4969109,65.62633475,74.56745366,0
Guyana,2011,0,83.41846141,60.41043847,30.99875256,5.301268627,50625.4524,12.96669,-13.83846307,-15.70368705,-10.35909446,5.452383945,49.33209607,143.9133502,7.447861118,0.958045546,122.2600292,55.47156489,38.90431017,0
Guyana,2012,0,30.69540216,44.78163079,6.779888909,8.958341579,44890.14822,92.74167476,-14.60648472,-11.98208907,13.28591149,1.602364781,5.119947938,132.9280713,14.64800191,0.482759203,107.9548057,29.91526933,78.64570961,0
Guyana,2013,0,79.74592744,47.82246416,12.7393142,4.336744135,12331.16207,50.72225481,-3.074846841,-6.01302645,14.47962453,1.358051904,91.67380692,28.5283051,0.962378423,-2.596077254,161.9049972,59.08880056,56.65937457,0
Guyana,2014,0,59.84025085,60.58997944,14.59916476,7.629335298,20676.16166,91.90741534,-12.61150886,-13.13579081,-5.081963174,1.516133715,1.504954882,41.64378654,1.050847391,1.810746368,134.7127345,30.24177867,88.52878442,0
Guyana,2015,0,126.9095575,10.52782551,24.16641944,2.773981898,58006.91504,16.81165863,-10.14995464,-7.589468012,-5.005536014,7.08926047,40.45273511,95.54227735,8.926748474,-2.344692071,156.5407781,12.63416889,42.28325086,0
Guyana,2016,0,27.40723451,17.06588816,10.05803284,-2.246801989,35771.31367,58.47907978,6.169179988,5.475689229,10.27587508,5.074031354,62.52185713,50.21590964,3.751015693,4.217268126,72.98824435,45.59042113,36.30579844,0
Guyana,2017,0,74.41894574,89.3132261,9.687942679,-1.484767701,48128.98916,37.40814732,-0.724290219,-3.165634535,-8.19719093,3.876592978,85.96111435,141.4720907,6.153468505,3.221764286,159.3482443,44.20791814,86.53506831,0
Guyana,2018,0,79.59608514,17.00910902,38.03261112,-8.493571357,16096.08478,76.29333007,0.840810932,-0.341819411,-15.31623675,4.131922866,15.68929052,118.2267755,12.45760729,0.17463306,119.2292162,63.41041811,46.1060852,1
Guyana,2019,0,114.2507899,73.61232366,33.14710176,-9.370856095,12840.15933,58.62043904,-10.31301673,-10.32495437,-9.69858199,2.883758017,4.072766231,55.52789668,2.982730263,2.82422744,55.06519035,70.59717176,52.94949168,0
Guyana,2020,0,94.65738476,92.80343477,11.32292157,3.909512084,47099.84065,46.92412298,5.716545111,3.827455235,-4.506210735,5.232311356,14.5042263,20.79318345,10.78949905,-0.902666941,85.1737331,34.81279421,83.49662662,1
Guyana,2021,0,106.7376038,34.36152439,19.22987328,-1.23142216,41246.58558,90.86346768,6.699494311,6.498864542,-17.91181162,2.835167796,-1.445547268,123.9281609,7.567282699,-0.612749415,53.86345876,41.46311071,70.84612299,0
Guyana,2022,0,121.0164071,43.34422934,17.44676997,1.044301361,40954.38237,34.59729174,-1.916810157,0.101249018,-0.852789832,8.527529486,48.08867351,75.13166225,13.57436539,-0.172798348,118.5311783,42.92802938,55.33807123,0
Uruguay,1980,0,132.0863866,61.20292653,32.68514259,1.153224952,33292.28454,18.09792151,7.813944297,10.04965212,9.600300511,1.925223896,89.9075146,103.5091025,3.451559323,5.756658003,169.55174,32.81158324,39.99124071,0
Uruguay,1981,0,60.80381457,89.35380727,22.85745208,-4.452483733,33945.62706,58.85062462,6.120715624,3.416280032,0.549805779,11.40478397,-31.08934903,57.3067273,12.05653175,1.364647071,81.60370203,79.12146919,81.13607751,0
Uruguay,1982,0,89.9429517,94.77150285,9.474740795,-0.482149783,44221.14107,60.5229859,3.283104417,1.248524565,-17.12418638,1.532917811,34.13830972,38.57352372,7.198065902,2.261823532,134.4171841,70.79528819,34.43448276,1
Uruguay,1983,0,129.2140502,76.56069233,30.86472221,-0.584795567,16419.14812,41.10493527,3.351897892,2.003638707,-2.394014746,11.34979821,84.6473088,107.7905069,9.154529613,3.712582867,80.07006716,67.79696022,94.26236805,0
Uruguay,1984,0,148.628647,17.79577848,18.89107924,-2.231455575,21360.27741,46.09405459,-12.36516315,-11.79596805,8.356184322,10.08289217,-34.9828183,78.54219646,1.382301258,-0.131932723,92.75561376,45.07815843,32.02528553,0
Uruguay,1985,0,135.6375104,70.223874,14.20234867,6.413507668,52336.7152,95.7531085,-8.229099058,-9.063130505,-17.67613384,8.328189387,24.07981161,50.57206114,3.07547375,-0.959336845,85.32219395,66.49612495,84.39469536,0
Uruguay,1986,0,68.29074414,46.92733497,18.14245177,-0.976719926,18739.2525,71.9319976,-13.3288195,-11.26457402,-17.60611241,10.99146904,79.78443938,37.89163994,11.60036822,5.682166552,146.7507007,28.68087532,53.93990934,0
Uruguay,1987,0,45.37164724,52.36308995,22.42147973,2.07289049,32914.68141,6.613183906,-14.78296977,-13.48293856,-5.175943873,2.101016125,85.06783176,95.46234728,3.358626618,0.893538521,129.0093417,49.24546275,34.88049863,0
Uruguay,1988,0,83.62102986,14.42335513,17.00904307,7.910402408,42247.576,17.27365744,-11.04226172,-13.43952558,-12.20144144,2.527619903,27.15282417,114.3214922,1.387947413,-2.985682561,158.1948719,37.50426429,52.19031506,0
Uruguay,1989,0,116.4133887,27.19559254,13.46670204,7.324672457,59995.51216,97.43554662,7.012179566,7.759524581,17.39123165,3.399754809,-46.25721733,56.90530508,8.958049234,4.539464687,82.9915156,21.99393381,37.7241453,1
Uruguay,1990,0,84.0339792,81.14622468,18.94757101,7.808444076,26286.89249,71.27888315,-9.003148524,-11.32507277,3.25374415,3.315332558,-34.15412324,115.5685296,8.219047742,2.396977452,51.37228036,15.0829402,30.87949207,0
Uruguay,1991,0,82.81351223,50.85629497,5.671051876,-4.599900071,25857.14473,91.07973825,9.253849065,7.784063083,-8.506984024,4.074755116,38.00751179,43.80588584,9.118408935,-1.482972936,152.0764351,49.07528681,39.13243191,0
Uruguay,1992,0,128.9699547,37.14960175,32.03742461,-9.300350234,50602.52625,26.90545372,-0.067725011,-2.00050121,8.191069165,7.11975533,-31.42120903,63.99403984,9.274582445,-2.728742761,67.22809377,16.83473944,89.3918778,0
Uruguay,1993,0,66.98249128,44.56171666,10.98307127,-4.778664002,48388.53574,72.89602031,-9.068537809,-11.03016611,-5.002837946,0.82398503,-27.58733346,116.8346973,7.502960188,-0.376658121,86.94578366,60.26021677,28.475391,0
Uruguay,1994,0,131.7733077,86.8959562,6.536661477,-4.425853088,43945.23014,69.97028439,-2.571729913,-1.873356764,-14.71537422,4.896134843,65.81756467,105.8186576,7.406608809,5.350983859,95.85292287,74.50279351,97.80316702,1
Uruguay,1995,0,72.88462412,77.40991157,27.87945425,8.187206534,27954.80935,25.94244847,-9.522629432,-9.140999897,-10.51071081,3.333428971,62.60380879,55.1680715,13.86248348,5.40142053,162.0203138,21.34742768,20.3998763,0
Uruguay,1996,0,62.67030374,34.50838575,32.08776451,2.984854657,19639.16547,52.83571417,9.599338955,7.655507871,5.709891378,7.476243253,76.41591391,35.8775502,8.008225873,-0.200968623,143.8837716,42.9657005,72.65905235,0
Uruguay,1997,0,79.01868846,20.57516562,33.48401961,-8.365920808,36641.20981,60.87858668,6.181624598,9.12266143,-17.92495576,11.82944731,-34.13972952,25.52154524,9.259503036,4.523378935,77.63981548,61.71422151,88.52095879,0
Uruguay,1998,0,119.1181046,32.67983995,22.27282139,-7.29242808,52610.5306,45.51884014,-14.34403028,-14.81300989,-9.092438398,6.45302804,-20.27826784,128.9289734,4.004540879,0.976607909,139.6831716,30.07877627,94.71661185,0
Uruguay,1999,0,36.38026362,92.86808059,12.18788646,-6.886477489,53061.51426,81.8537642,8.694400787,6.276816756,-11.66754089,5.39538025,74.94421448,29.76845344,13.06639801,2.889102742,156.2221993,74.45351637,31.51884748,0
Uruguay,2000,0,45.53449806,62.34299541,30.8029687,2.608434963,6777.351201,82.45124939,3.026627683,0.750041784,-11.95459557,4.734800769,58.1631413,34.92986979,0.36552139,0.009994883,108.3345804,72.19258912,75.85667972,0
Uruguay,2001,0,143.6878273,58.01321879,29.4899577,4.70828051,25872.51194,84.31305757,-12.9404687,-12.43710642,7.310496479,9.526916017,70.89341917,50.90238194,8.358401434,1.643753366,86.8929371,17.2628049,28.58793729,0
Uruguay,2002,1,42.81391156,63.67542397,13.61947569,7.192878211,28043.90079,79.35947476,1.765943658,4.640360078,13.03267667,1.327780714,98.46185124,77.93706155,5.757754428,-0.355984981,151.8474159,11.91798401,48.20891951,0
Uruguay,2003,0,93.80455133,42.94254392,36.61927146,8.812731016,58663.63744,46.24876511,1.173167449,1.604874059,8.634664323,11.53736092,79.66474092,122.6723204,9.058562933,-2.449970739,141.63368,78.35209381,78.5541086,1
Uruguay,2004,0,95.31088067,82.63963183,8.653001033,-5.965908852,40776.48151,35.05102131,-9.530281355,-6.836032495,5.829112632,5.306055689,28.06948763,52.17244237,5.402580747,-1.745596324,61.68682377,76.95325173,47.67785809,0
Uruguay,2005,0,83.65118007,57.09576244,39.39408839,-3.804550306,24612.61111,82.29450979,3.9611675,3.625964605,16.65807087,4.107558347,-3.38477228,90.65607229,10.76531868,-0.38392955,150.001946,39.55999231,45.06997826,0
Uruguay,2006,0,103.8168823,20.50731125,35.10867338,-5.193542385,1855.655793,46.47115315,-12.82338242,-13.2083358,-17.66430478,11.70178334,35.45148799,31.74842787,0.304971645,5.786284056,123.2776899,13.53943269,29.2843695,0
Uruguay,2007,0,49.87747435,21.61586123,29.07645259,-2.824768651,34053.49406,20.86899686,-2.763870469,-2.763826313,-13.30067656,11.26260693,45.78798254,80.38643067,6.088341582,5.691049352,163.0053435,53.32128869,25.31504755,0
Uruguay,2008,0,91.84609481,58.31732319,37.85624609,8.293302148,6035.735746,48.27107089,-14.75191982,-13.56736707,-3.423725773,7.882242607,0.296821189,43.09306914,12.468954,4.448970082,78.60763128,30.53870752,29.2222393,0
Uruguay,2009,0,68.38252318,94.29131963,30.28089089,1.502251339,50116.66245,9.894231302,9.218437222,8.424133021,-5.10193426,0.712834811,65.64055562,47.45490266,3.753010767,-0.90744554,88.73246269,75.57060908,90.037982,0
Uruguay,2010,0,106.0167438,37.75169095,11.6659949,4.763837946,45225.36404,67.62109651,3.789090794,5.97240699,-3.277935881,9.108152226,-36.0869311,67.68769643,0.791263176,0.974419265,131.4969109,65.62633475,20.89588203,0
Uruguay,2011,0,38.35906064,88.2587052,20.47546483,-0.197615277,27792.39685,30.27173457,-11.0286981,-13.85300979,-11.7418038,4.3589101,66.9089276,118.9752008,7.447861118,0.958045546,122.2600292,55.47156489,75.42926956,0
Uruguay,2012,0,94.21406419,78.76860279,7.502605852,-9.422841733,25923.88354,22.36917384,-6.458149001,-6.819563831,-14.01986738,4.965222655,-45.2002222,116.7182359,14.64800191,0.482759203,107.9548057,29.91526933,81.48993839,0
Uruguay,2013,0,44.0851462,32.30311986,18.63800978,-8.71609028,53871.13624,95.43341835,-10.98594055,-10.91998945,0.367729898,2.325534483,24.69490911,73.94648694,0.962378423,-2.596077254,161.9049972,59.08880056,65.43106433,0
Uruguay,2014,0,56.2235982,13.27066735,30.95610569,0.758460625,17520.96352,76.57250455,4.165436603,4.807630033,17.12210096,6.519767964,79.21546952,35.42725005,1.050847391,1.810746368,134.7127345,30.24177867,78.46202889,0
Uruguay,2015,0,48.43227404,19.16625386,18.52551728,4.375780696,15166.49174,77.64229779,-13.52759186,-14.87116039,-4.321221506,9.062354856,-37.0257089,56.4899106,8.926748474,-2.344692071,156.5407781,12.63416889,72.18157352,0
Uruguay,2016,0,43.76891138,75.56445405,16.56029614,-5.693389449,56370.08674,60.49080677,6.010166389,5.575046215,-18.26587144,3.639627858,27.66084047,85.69625095,3.751015693,4.217268126,72.98824435,45.59042113,56.44467913,0
Uruguay,2017,0,127.3424237,27.97027642,25.83745029,4.43819148,48611.97645,83.1131451,8.554908471,8.462134972,8.246693716,11.29542844,-26.09128416,133.0235312,6.153468505,3.221764286,159.3482443,44.20791814,50.61683423,0
Uruguay,2018,0,57.1419838,43.41438285,35.52715851,6.21331547,49291.34791,74.71206052,1.91569857,3.037158442,-8.355803779,2.739473844,84.22236251,145.8730999,12.45760729,0.17463306,119.2292162,63.41041811,95.30655907,1
Uruguay,2019,0,140.5260916,55.15292494,6.665411739,-1.762050433,11953.07071,57.87123893,-9.67586375,-8.034598642,-10.19619971,1.262016917,74.85182906,102.8712216,2.982730263,2.82422744,55.06519035,70.59717176,97.75503941,1
Uruguay,2020,0,146.0904483,75.29213516,18.49146521,4.928384657,8854.770688,95.91806219,-5.997747605,-4.570783641,-7.029679972,7.910184544,90.08758649,65.58924376,10.78949905,-0.902666941,85.1737331,34.81279421,72.10171229,0
Uruguay,2021,0,94.26386109,20.19081009,10.53842596,-1.919400993,1853.964124,15.11746972,-3.06900313,-4.019504816,8.952620956,10.26716542,81.24735123,110.148949,7.567282699,-0.612749415,53.86345876,41.46311071,35.78390719,1
Uruguay,2022,0,38.59014595,46.57297647,29.33739878,3.567012589,14451.37808,94.05487049,0.115619305,3.112322443,12.75277547,11.46102788,60.48299648,63.70991766,13.57436539,-0.172798348,118.5311783,42.92802938,55.831933,0
Turky,1980,0,68.69127164,53.65656182,8.700359615,5.279940986,46519.17236,37.15100701,1.716577245,3.808569116,3.522242694,9.322466621,-22.26662066,101.3115489,3.451559323,5.756658003,169.55174,32.81158324,59.72299921,0
Turky,1981,0,123.7051942,58.67443576,28.26827155,9.838532366,14630.2936,50.48189326,-1.144632117,-2.584491878,-7.100849851,2.795975132,-4.62460765,51.68965432,12.05653175,1.364647071,81.60370203,79.12146919,80.6376042,0
Turky,1982,0,67.76079473,83.65245773,15.01633048,-3.092066759,43827.46603,7.887628552,-6.217151979,-8.046517145,-7.580870675,11.74310363,24.52827375,54.70853116,7.198065902,2.261823532,134.4171841,70.79528819,73.42217051,0
Turky,1983,0,31.31223838,25.45103755,11.96208848,-1.779184389,15338.92344,51.71128109,7.272932014,6.157059518,-15.027666,11.07351257,38.33451723,29.77932658,9.154529613,3.712582867,80.07006716,67.79696022,61.18515435,0
Turky,1984,0,92.38203842,82.70483066,37.77233952,-6.687598812,23898.96213,59.17670895,-12.96519855,-13.25112943,17.33204193,2.376425362,67.3275093,74.61834979,1.382301258,-0.131932723,92.75561376,45.07815843,74.42916462,0
Turky,1985,0,129.8657107,72.35905849,5.648360186,-5.918538832,58994.78871,99.75866189,-3.343598644,-1.238802374,5.525575959,6.92603701,-15.95605577,100.3626876,3.07547375,-0.959336845,85.32219395,66.49612495,21.92454774,0
Turky,1986,0,123.4704303,60.02837328,20.32220452,3.867900052,14915.26036,97.39520316,4.389120962,6.059294544,-18.92101521,6.888450398,-30.75839088,122.5433427,11.60036822,5.682166552,146.7507007,28.68087532,82.13082575,0
Turky,1987,0,42.76600822,72.95750834,5.756944736,8.340911803,22769.32645,96.47171565,-13.47818337,-11.37070663,6.494683807,5.589149948,22.39152559,125.3453108,3.358626618,0.893538521,129.0093417,49.24546275,36.93057872,0
Turky,1988,0,107.4593999,47.08159651,21.92575668,-2.107900967,18274.90467,31.58074631,2.63338042,1.26512311,-2.113863032,11.8192353,-26.32378837,149.0177784,1.387947413,-2.985682561,158.1948719,37.50426429,72.51273116,0
Turky,1989,0,48.66555425,22.45578274,22.53665822,-6.403111063,6844.611684,99.08298237,5.492790569,6.053557904,18.90231852,1.185655728,54.06052035,31.40824436,8.958049234,4.539464687,82.9915156,21.99393381,29.11786017,0
Turky,1990,0,48.36697949,69.91887162,16.2581865,-4.298010012,29546.68029,42.82520592,1.520782463,0.220276837,12.76275299,7.712902447,36.34463351,84.1077799,8.219047742,2.396977452,51.37228036,15.0829402,29.15686687,0
Turky,1991,0,133.6293305,57.2205076,9.625662213,-0.898965904,22907.8326,84.44280717,-14.67657769,-17.02243873,-13.14736985,2.860991661,61.16616955,87.7786948,9.118408935,-1.482972936,152.0764351,49.07528681,22.85261151,0
Turky,1992,0,52.45696386,67.54373205,18.17356382,-4.186993413,41784.75902,17.71359675,-10.49657432,-9.391387861,8.804444755,6.564308854,-40.48451605,124.5893454,9.274582445,-2.728742761,67.22809377,16.83473944,92.81862481,1
Turky,1993,0,54.22215505,40.41989029,28.5292029,-5.328418338,49110.39445,48.11248386,-6.447173028,-8.589187721,-0.577359847,9.467018876,94.70463407,54.62660703,7.502960188,-0.376658121,86.94578366,60.26021677,68.36470062,0
Turky,1994,0,20.0849408,91.61799196,32.3838533,4.719689775,32791.70796,96.43127009,-9.157749109,-8.151562539,-12.51819345,3.337358236,-49.9991695,29.01840159,7.406608809,5.350983859,95.85292287,74.50279351,48.9569549,0
Turky,1995,0,133.1869744,62.86328817,23.57627108,-9.843101575,2222.126399,94.43829668,9.066303506,9.954089335,7.949596293,5.023634785,-1.183637748,60.78864533,13.86248348,5.40142053,162.0203138,21.34742768,83.02221928,0
Turky,1996,0,123.0373257,17.68622359,25.64420381,0.784610547,37249.66467,66.79216217,1.289847853,3.151338519,1.895503148,11.43383285,51.945219,147.9106178,8.008225873,-0.200968623,143.8837716,42.9657005,70.08657605,0
Turky,1997,0,101.5527616,50.48235916,12.02157299,5.875336141,3606.826582,78.77050387,-7.575726066,-9.738398439,-18.78504485,9.257028484,-43.22868892,136.9273557,9.259503036,4.523378935,77.63981548,61.71422151,69.60644143,0
Turky,1998,0,117.5345493,78.07204493,15.05656166,-4.675434274,37096.47252,13.52480314,8.242437467,9.943318358,5.863518021,7.086316622,-37.4975628,71.38210492,4.004540879,0.976607909,139.6831716,30.07877627,58.96342355,0
Turky,1999,0,39.76631377,81.47211056,10.66634635,2.065830212,41196.28797,70.7741477,3.514854987,6.510514143,5.399483594,3.05296996,-38.49778442,133.9153598,13.06639801,2.889102742,156.2221993,74.45351637,20.63414229,0
Turky,2000,0,79.5820673,54.51373475,13.72533725,3.378002112,12106.72737,59.89533488,-7.884819704,-5.778565013,-14.23659356,5.391012531,37.22645901,24.25808294,0.36552139,0.009994883,108.3345804,72.19258912,40.67700051,0
Turky,2001,0,65.65852036,90.52728137,12.87103731,3.100493928,49214.96508,4.612932254,-5.527960765,-4.017088307,-6.04049092,9.401705169,84.38879726,60.84653007,8.358401434,1.643753366,86.8929371,17.2628049,28.72613557,0
Turky,2002,0,32.19094841,34.09015935,23.18070752,-1.083007316,54691.78235,6.881695692,-10.01427854,-9.041286414,3.43595883,9.936245398,33.31554666,114.4855402,5.757754428,-0.355984981,151.8474159,11.91798401,72.99278819,0
Turky,2003,0,83.19696308,46.95388275,24.69410645,-3.068440242,48841.29176,6.386579864,9.276849957,8.807538865,-14.44867944,3.312971279,40.53570284,48.78879263,9.058562933,-2.449970739,141.63368,78.35209381,39.88966574,0
Turky,2004,0,139.6961545,90.87372195,38.07315973,6.718481461,18515.01866,71.05747816,-2.067587603,-0.684586595,14.10893511,8.11369242,1.900247681,45.79082369,5.402580747,-1.745596324,61.68682377,76.95325173,56.01333312,0
Turky,2005,0,25.20768548,90.66310448,11.84497265,5.16891914,35322.58784,9.880096866,7.401417187,8.746485398,-18.90055815,1.592534409,-47.1888262,132.034981,10.76531868,-0.38392955,150.001946,39.55999231,48.27442386,0
Turky,2006,0,57.88991875,71.71414919,27.45864986,-3.574896532,54914.46441,44.11188847,-6.337505725,-5.548516028,-15.8865034,0.766941536,-46.75779234,100.0740149,0.304971645,5.786284056,123.2776899,13.53943269,31.45589903,0
Turky,2007,0,46.98032171,87.30824924,33.60407441,-7.939616111,19443.68416,32.48308962,6.521040077,8.298710347,-15.35572321,6.809750119,83.24649497,148.5729534,6.088341582,5.691049352,163.0053435,53.32128869,96.66961863,0
Turky,2008,0,50.95906498,17.98959403,24.60845123,-8.563849091,49255.66099,52.80293478,-13.65282879,-13.96024546,1.124285039,3.080368324,-34.61413419,37.50705792,12.468954,4.448970082,78.60763128,30.53870752,94.67354493,1
Turky,2009,0,138.0964917,87.84954786,13.92512784,-8.114480442,865.6653363,69.18003116,9.552257938,7.279774211,4.804560487,1.407488359,99.96840577,66.29669294,3.753010767,-0.90744554,88.73246269,75.57060908,26.76865488,1
Turky,2010,0,80.84897705,38.85579159,14.18925805,1.657387224,517.7081562,66.89586641,7.800859176,8.155265541,-3.85036814,8.893025598,-25.33660827,60.45773833,0.791263176,0.974419265,131.4969109,65.62633475,86.18922828,0
Turky,2011,0,80.61892368,26.04983612,6.373856857,-8.966756483,45654.78612,49.12959117,-5.919926381,-7.329665208,-8.453326893,6.226707766,51.19516659,134.4171909,7.447861118,0.958045546,122.2600292,55.47156489,59.06989462,1
Turky,2012,0,118.8748335,31.54328527,15.69054793,-3.261462501,45758.42065,43.75516173,4.368054133,3.674652717,12.37269503,9.657185626,92.34332083,53.18854761,14.64800191,0.482759203,107.9548057,29.91526933,81.89887077,0
Turky,2013,0,40.08398652,47.61716572,31.06112877,5.063994038,47401.93811,36.77063749,3.806448162,0.910937585,-17.26856065,8.135358756,4.343391646,65.9499297,0.962378423,-2.596077254,161.9049972,59.08880056,32.09257047,0
Turky,2014,0,83.34449603,32.60728041,6.663121502,-4.11303667,55822.60222,85.50054457,7.531369928,6.828113455,-8.788325555,8.892756809,60.16497831,38.56840384,1.050847391,1.810746368,134.7127345,30.24177867,30.58193102,0
Turky,2015,0,75.89807784,38.85108274,12.67533489,5.266161544,7339.006816,29.73943951,-7.318625472,-5.465818835,-18.43537685,4.034646685,2.628496516,120.8021277,8.926748474,-2.344692071,156.5407781,12.63416889,91.26060007,0
Turky,2016,0,97.59838977,22.14806375,29.71813745,4.909340764,14149.5036,22.23341122,-3.361999867,-3.105665666,-19.4443946,3.527671995,-4.258841486,50.90142691,3.751015693,4.217268126,72.98824435,45.59042113,91.82555935,0
Turky,2017,0,149.9425014,36.6559089,32.3928047,-5.083457347,54252.37775,73.04812683,6.624990315,3.683793477,-5.864804523,7.410061259,-19.72938761,28.88163539,6.153468505,3.221764286,159.3482443,44.20791814,57.27297302,0
Turky,2018,0,120.0283562,61.50554331,20.93614435,4.576443602,10881.00101,32.77516348,4.464486353,4.283549275,-12.2070535,2.800944615,73.14023603,76.56413525,12.45760729,0.17463306,119.2292162,63.41041811,89.61262381,1
Turky,2019,0,71.72254139,49.76683373,29.43260185,4.955532765,41029.08727,83.93485297,-5.163332031,-6.414622146,-9.265365806,9.87723933,-11.39194046,70.88955611,2.982730263,2.82422744,55.06519035,70.59717176,73.39671612,0
Turky,2020,0,127.5818968,41.20468851,18.5783259,-2.050921487,31968.6411,29.42831546,6.143130823,6.008434755,12.8378863,6.513581943,-7.526275564,43.08919656,10.78949905,-0.902666941,85.1737331,34.81279421,34.80077941,0
Turky,2021,0,42.19208723,77.1806916,10.59696358,-5.791590325,5266.662508,68.70420658,-13.82614902,-14.39799269,-13.48079615,3.110384222,99.84546133,37.36768279,7.567282699,-0.612749415,53.86345876,41.46311071,46.31634117,0
Turky,2022,0,23.96027922,90.41589743,18.93523227,0.425416138,17330.24062,-0.26355434,4.551157574,7.143032891,11.20933469,7.689434672,-0.903434683,136.5524377,13.57436539,-0.172798348,118.5311783,42.92802938,30.88485204,0
Côte d’Ivoire,1980,0,46.57828842,78.11103006,25.29887371,8.42795176,31366.22132,35.48410241,-9.830853514,-12.58378972,7.002024926,11.36791095,13.41617332,28.81978325,3.451559323,5.756658003,169.55174,32.81158324,81.91589351,0
Côte d’Ivoire,1981,0,64.25350229,39.88006319,38.18186486,2.792334649,51185.30197,31.03916837,-7.846977304,-6.745449237,-6.942178994,1.444089356,98.50831867,32.91042437,12.05653175,1.364647071,81.60370203,79.12146919,98.82005798,0
Côte d’Ivoire,1982,0,86.37549847,76.99979511,7.406283323,-6.541550047,42540.04783,80.75126762,-2.66962891,-0.563469332,1.862245807,1.757469884,5.395051813,51.85614655,7.198065902,2.261823532,134.4171841,70.79528819,63.71026613,1
Côte d’Ivoire,1983,0,99.96678827,23.67821642,22.75879328,3.655138495,37426.42474,96.54081734,-3.756637473,-1.001205965,-2.222575609,10.20415019,4.922801085,143.8690947,9.154529613,3.712582867,80.07006716,67.79696022,72.46915313,1
Côte d’Ivoire,1984,0,138.3787432,21.72861893,16.51219224,-1.455939454,29913.16353,43.39253405,-1.985747328,-3.919929969,-14.86418738,1.760328408,74.15716993,31.09995244,1.382301258,-0.131932723,92.75561376,45.07815843,79.68740545,0
Côte d’Ivoire,1985,0,86.28102124,41.10643333,22.7909093,1.830575947,18131.43383,81.6078091,-1.380610108,-1.192781296,16.28741287,0.952816748,-3.210444727,126.0819275,3.07547375,-0.959336845,85.32219395,66.49612495,37.94072819,1
Côte d’Ivoire,1986,0,85.1658338,82.69321321,5.839140658,4.6812807,7418.921206,68.4679436,-6.711807724,-9.45027026,2.784718703,4.501201682,-14.93208445,135.9667799,11.60036822,5.682166552,146.7507007,28.68087532,46.88009981,0
Côte d’Ivoire,1987,0,26.53159128,32.17134225,15.95588741,0.29894703,24721.83926,96.5755287,-10.61931217,-10.62421103,15.20960183,5.867117677,13.48153828,69.12280639,3.358626618,0.893538521,129.0093417,49.24546275,52.98569691,0
Côte d’Ivoire,1988,0,24.53850185,15.6928068,33.69538516,6.279679491,2002.554087,80.16639401,4.212030732,1.964779269,12.95306047,7.048611022,55.09612009,58.20627198,1.387947413,-2.985682561,158.1948719,37.50426429,67.56706497,0
Côte d’Ivoire,1989,0,91.65079505,21.85385817,24.38796068,4.443111586,12900.03659,3.135196926,-5.000596273,-2.973216225,-16.80896299,6.333952674,-43.51354625,108.0591047,8.958049234,4.539464687,82.9915156,21.99393381,88.03940625,0
Côte d’Ivoire,1990,0,76.96321972,87.28704717,20.77038725,2.3014668,26119.25754,69.89458085,-2.353978439,-4.670758423,-11.70917336,11.00162247,6.087404083,111.3424981,8.219047742,2.396977452,51.37228036,15.0829402,40.33628357,0
Côte d’Ivoire,1991,0,129.0934513,67.04049563,14.99337751,-6.984143683,25290.72958,51.22747012,1.117417959,1.197148121,-14.18955543,9.339683155,1.936735292,121.3970312,9.118408935,-1.482972936,152.0764351,49.07528681,57.67110406,0
Côte d’Ivoire,1992,0,40.88834601,32.7881047,15.4314883,6.718982218,2944.437231,-3.274213917,7.740948058,7.867524472,13.23118131,11.81381794,-13.27724791,127.9736816,9.274582445,-2.728742761,67.22809377,16.83473944,80.1227129,0
Côte d’Ivoire,1993,0,23.24631608,59.97662428,18.40855018,8.718111706,35466.89117,21.38786067,2.688820779,5.518723766,14.49786506,5.979237367,48.14310039,54.89140928,7.502960188,-0.376658121,86.94578366,60.26021677,26.99079996,0
Côte d’Ivoire,1994,0,78.37503983,57.48216602,34.24497485,-7.260697524,33116.15007,91.78430073,-13.86351936,-12.9336352,1.118860392,1.469790513,-6.501487938,109.3050082,7.406608809,5.350983859,95.85292287,74.50279351,61.03147667,0
Côte d’Ivoire,1995,0,50.87221238,68.98923806,38.85246224,-0.235177411,4962.82695,92.23644414,5.964009085,4.691050843,-15.8328771,11.48860239,41.00973385,37.53774416,13.86248348,5.40142053,162.0203138,21.34742768,31.55037627,0
Côte d’Ivoire,1996,1,26.44986853,30.9868799,20.35293835,-4.822225161,56606.83423,78.87929832,9.733875378,8.178671238,-14.57533526,0.547301358,25.65052622,86.3950731,8.008225873,-0.200968623,143.8837716,42.9657005,63.13191174,0
Côte d’Ivoire,1997,0,114.1977773,87.79626885,18.76734936,5.090466149,6233.151903,98.08685834,-3.187874366,-5.418385132,12.5419525,9.425104159,-17.42151938,99.67529915,9.259503036,4.523378935,77.63981548,61.71422151,81.42582091,0
Côte d’Ivoire,1998,0,34.50708999,37.84317059,34.62927715,4.43259272,51333.59883,79.68724859,9.239758411,10.77884676,17.16760546,0.859743354,-10.01509144,41.02515177,4.004540879,0.976607909,139.6831716,30.07877627,38.95579288,0
Côte d’Ivoire,1999,0,99.081535,72.47184886,19.94168622,-7.182297589,318.4909953,-3.928560335,-1.316781441,-0.172241504,-12.0209726,9.253963192,-24.409992,29.94585016,13.06639801,2.889102742,156.2221993,74.45351637,87.95827564,0
Côte d’Ivoire,2000,0,56.53646752,11.45121817,24.32063603,7.540545425,52972.18137,25.22260573,-3.509600103,-2.850337339,-19.55449694,11.28629781,-41.50561777,45.31701722,0.36552139,0.009994883,108.3345804,72.19258912,46.78432881,0
Côte d’Ivoire,2001,0,42.55448655,43.53914169,13.08295826,-6.38053872,1477.268013,-1.784460865,-6.714880882,-9.469838224,-6.761883794,4.976493419,42.87826947,74.67653722,8.358401434,1.643753366,86.8929371,17.2628049,35.26278908,0
Côte d’Ivoire,2002,0,69.36769798,41.65388362,31.02258875,5.945180513,45541.3783,4.881336717,1.438871896,3.015845094,-18.78002441,3.271095789,50.91830409,135.4193271,5.757754428,-0.355984981,151.8474159,11.91798401,57.22587161,0
Côte d’Ivoire,2003,0,124.1879509,58.91359857,23.61959114,-0.860392807,21892.94143,17.97828578,-9.254489487,-8.403164024,13.11899664,3.102210254,-25.10000096,89.14887519,9.058562933,-2.449970739,141.63368,78.35209381,90.08600657,0
Côte d’Ivoire,2004,0,70.972165,16.54626356,33.31620926,-3.434554129,44371.54297,47.87364736,-12.37664454,-9.593311328,-0.339509711,6.154752908,42.3088577,117.3040759,5.402580747,-1.745596324,61.68682377,76.95325173,25.51464489,0
Côte d’Ivoire,2005,0,117.6000544,81.11182364,32.32564555,-6.835214747,24284.18876,83.99086036,-14.31907244,-13.79585966,5.674431151,2.465200911,97.31271101,42.63878868,10.76531868,-0.38392955,150.001946,39.55999231,46.2057173,0
Côte d’Ivoire,2006,0,36.31321858,29.60027216,12.52516689,-6.647714877,4533.202963,85.5065094,-7.690497182,-8.866785742,-3.540604955,8.238621753,-38.83968576,33.77716575,0.304971645,5.786284056,123.2776899,13.53943269,72.25305352,0
Côte d’Ivoire,2007,0,120.4602846,70.93340334,30.04724427,3.237811094,46120.14972,59.70119515,-5.105729196,-5.816605883,-6.17969812,4.736052111,23.55563087,51.15025649,6.088341582,5.691049352,163.0053435,53.32128869,48.6064695,0
Côte d’Ivoire,2008,0,50.80133224,82.28909109,33.00190428,1.008607759,4553.785314,92.4584736,-1.198082593,-3.143038361,-11.11198348,4.215759163,59.95573205,60.80445366,12.468954,4.448970082,78.60763128,30.53870752,25.66591958,0
Côte d’Ivoire,2009,0,108.0611069,60.56892606,17.11375343,-7.558291567,55350.59003,47.50654429,-7.68125437,-6.343769277,10.82130188,5.804784127,-43.09862033,91.25326245,3.753010767,-0.90744554,88.73246269,75.57060908,46.5599175,1
Côte d’Ivoire,2010,1,93.55160213,76.6794886,11.04131895,-7.746042791,3343.149937,88.34878463,9.60148931,10.84781927,7.821903377,6.739756278,66.7410241,134.5616316,0.791263176,0.974419265,131.4969109,65.62633475,85.67675089,0
Côte d’Ivoire,2011,0,140.7888132,69.5674281,5.092125445,-8.553788505,28915.71908,42.67685191,-7.706370794,-9.502470701,-5.57084062,2.132198016,96.92668556,75.39204018,7.447861118,0.958045546,122.2600292,55.47156489,97.4430018,0
Côte d’Ivoire,2012,0,70.35192734,41.99768174,20.78162786,4.875346947,43465.15552,24.10862578,-3.975615289,-6.02467935,-7.155354628,8.639278684,-36.72682047,87.44376442,14.64800191,0.482759203,107.9548057,29.91526933,23.18233579,0
Côte d’Ivoire,2013,1,28.60147455,82.79726851,17.3351456,4.237641705,23776.81395,91.2233564,-12.41809586,-14.95606626,-19.95028485,10.65389165,73.33448582,20.59975968,0.962378423,-2.596077254,161.9049972,59.08880056,65.54270541,1
Côte d’Ivoire,2014,0,22.49021312,36.52312329,24.42184418,-8.831380183,13268.83843,35.73318295,-8.484337167,-6.012482704,-17.4579148,3.696849536,6.787231677,24.33056818,1.050847391,1.810746368,134.7127345,30.24177867,28.42427464,0
Côte d’Ivoire,2015,0,127.4916129,61.4091626,11.58143824,1.205401512,45617.7304,47.85743143,-13.79169651,-15.3932775,4.930220996,2.574495371,-28.38256963,30.88999599,8.926748474,-2.344692071,156.5407781,12.63416889,74.43172233,0
Côte d’Ivoire,2016,0,88.2156329,77.08579652,35.08829417,-8.306476895,47122.39388,29.53036642,-1.012284164,-1.947303004,0.584292409,9.245812373,23.97898138,110.8692311,3.751015693,4.217268126,72.98824435,45.59042113,20.63137808,0
Côte d’Ivoire,2017,0,120.7817267,44.10603188,14.02143255,8.074915412,55384.89054,64.59794803,3.776617078,2.459644129,-2.607871821,2.610729823,-39.27218963,83.20487794,6.153468505,3.221764286,159.3482443,44.20791814,21.17933006,0
Côte d’Ivoire,2018,0,50.475328,37.24908469,12.92503618,8.142348384,22757.05709,99.47827863,-10.10725464,-10.62550703,13.10008963,0.974434344,28.31521123,45.08495581,12.45760729,0.17463306,119.2292162,63.41041811,82.15038611,0
Côte d’Ivoire,2019,0,64.86088692,51.34114092,21.82499198,3.964659796,30523.22855,-2.321077369,-5.802226555,-4.517933758,0.155928176,7.621297034,-47.0964818,97.03792703,2.982730263,2.82422744,55.06519035,70.59717176,25.95482582,0
Côte d’Ivoire,2020,0,23.91350339,83.61671449,22.45978583,8.523778429,21978.76804,89.48404063,-14.58459433,-12.36102053,-4.620256744,3.257141288,59.29171625,90.79957974,10.78949905,-0.902666941,85.1737331,34.81279421,44.41453394,0
Côte d’Ivoire,2021,0,144.9940022,93.69295868,12.52798301,6.229060608,15647.78476,-4.587764016,5.988051393,4.08364389,-13.5497461,2.475819703,23.19545287,31.54390924,7.567282699,-0.612749415,53.86345876,41.46311071,96.64323393,0
Côte d’Ivoire,2022,0,106.8228279,59.05750716,14.51512544,6.570771519,45136.6678,33.24392752,4.499088123,5.617562186,12.82752033,11.78843153,18.84094914,103.2536605,13.57436539,-0.172798348,118.5311783,42.92802938,98.8197694,0
Sierra Leone,1980,0,141.3166614,69.53195848,10.93968337,1.394157011,20577.21515,12.70371466,-13.41864923,-14.30327637,3.049930005,3.856447309,-20.57127594,119.7301334,3.451559323,5.756658003,169.55174,32.81158324,32.91222895,0
Sierra Leone,1981,0,54.51453297,91.294626,30.14610624,-3.878816036,25860.52169,74.52088697,-5.878309767,-2.995146757,-16.30160136,10.88959784,4.189473369,57.252073,12.05653175,1.364647071,81.60370203,79.12146919,64.87215371,0
Sierra Leone,1982,0,99.49026946,18.86921663,31.95311609,-5.644017698,24399.31736,0.31413828,8.882165346,7.675680302,5.95593592,2.549515808,-22.71958514,109.3735521,7.198065902,2.261823532,134.4171841,70.79528819,64.73190628,0
Sierra Leone,1983,0,108.2049959,30.88707201,21.18149741,-3.455999559,42845.87517,53.11592013,-5.199323598,-8.156165862,-2.99717018,9.918237019,60.30851508,45.96353721,9.154529613,3.712582867,80.07006716,67.79696022,56.19045524,1
Sierra Leone,1984,0,61.28146103,73.80100056,29.99304579,2.569908602,55092.39888,25.96724405,-1.844783082,-1.750943238,12.45544894,6.27321704,-20.14620509,118.3747458,1.382301258,-0.131932723,92.75561376,45.07815843,93.97601266,0
Sierra Leone,1985,0,130.2542006,84.13700157,30.75773872,-6.546869283,40105.33686,9.035376131,-6.118928475,-8.214541969,16.75658388,1.403839845,42.51299906,138.530642,3.07547375,-0.959336845,85.32219395,66.49612495,80.32271273,1
Sierra Leone,1986,0,143.1309902,87.13261255,9.839643469,-4.827195267,28453.48099,76.04091227,-0.096715297,-2.829748736,4.018632527,8.936460877,-8.05887484,77.44272609,11.60036822,5.682166552,146.7507007,28.68087532,81.16215485,0
Sierra Leone,1987,0,135.0311653,47.35964592,38.81623087,-0.638782744,46818.54535,17.8287676,9.453921891,10.64353728,9.264512773,10.75884377,48.54732939,51.80087017,3.358626618,0.893538521,129.0093417,49.24546275,41.56555454,0
Sierra Leone,1988,0,116.0787069,18.04059121,33.73611815,-5.33899803,38565.98805,18.48589727,9.937562587,11.33111828,-17.7363661,2.374695389,31.06824384,71.89297129,1.387947413,-2.985682561,158.1948719,37.50426429,54.74558178,0
Sierra Leone,1989,0,56.07040836,49.40033296,12.15692114,1.772873394,3918.43832,23.88306244,4.36787445,4.132068529,2.4102182,8.844287787,13.51579475,52.51007145,8.958049234,4.539464687,82.9915156,21.99393381,58.99389588,0
Sierra Leone,1990,0,56.61008547,30.76611312,11.51577625,8.463520569,6011.116109,56.6105102,-4.892222549,-3.830909449,10.21359913,5.618103969,50.95012501,20.16111885,8.219047742,2.396977452,51.37228036,15.0829402,43.9129633,0
Sierra Leone,1991,0,145.2368417,36.20768095,9.398140095,4.961787314,2563.641561,64.26492283,-2.639194979,-2.40975829,-0.129514021,9.169510212,12.35831074,104.5593595,9.118408935,-1.482972936,152.0764351,49.07528681,27.58542201,0
Sierra Leone,1992,0,21.33698447,79.50408012,9.843249689,3.328532283,27571.93467,-3.151735011,-6.081716797,-5.302910151,3.74200358,8.710171404,73.20559039,25.52846346,9.274582445,-2.728742761,67.22809377,16.83473944,30.108738,0
Sierra Leone,1993,0,113.0864965,16.79743774,31.18566297,1.65442952,49603.45003,20.39631179,9.639365748,10.21958959,15.95792742,0.80590265,59.43976874,47.35079623,7.502960188,-0.376658121,86.94578366,60.26021677,34.45369025,0
Sierra Leone,1994,0,111.8120011,84.48230957,21.43789899,-0.241041815,18991.06521,40.25193846,2.694007646,3.68894423,-12.07601712,2.555291914,31.09584918,113.9184423,7.406608809,5.350983859,95.85292287,74.50279351,36.29226675,0
Sierra Leone,1995,0,100.9496403,48.49021772,32.40269605,-6.268722807,23234.36293,29.85757998,-3.776713864,-5.578929972,-16.0701397,5.916813294,81.55910239,106.5442518,13.86248348,5.40142053,162.0203138,21.34742768,39.38094474,1
Sierra Leone,1996,0,148.71415,63.6457538,31.1189213,7.894209109,54595.78337,87.83791914,-14.69711825,-16.08487853,7.625744526,11.23633298,74.32927322,29.53275857,8.008225873,-0.200968623,143.8837716,42.9657005,40.43680232,1
Sierra Leone,1997,1,60.54432665,18.06870081,26.16144497,-5.02927996,50263.13569,77.70941674,-1.98791464,-2.348135743,12.91395622,4.433844753,29.77590919,105.8071163,9.259503036,4.523378935,77.63981548,61.71422151,56.45730764,0
Sierra Leone,1998,0,64.19634229,40.36231705,29.02283123,-8.173822448,40003.37231,60.71847263,9.598205043,9.274973099,14.01960754,7.732044908,-39.73284594,140.9747356,4.004540879,0.976607909,139.6831716,30.07877627,60.76585527,0
Sierra Leone,1999,0,30.26212238,18.07308271,5.642450353,5.000303585,16228.18579,30.49445368,-1.923477276,-0.277007006,5.665779884,0.638963073,34.89945283,29.68532097,13.06639801,2.889102742,156.2221993,74.45351637,44.71033665,0
Sierra Leone,2000,0,77.56375775,96.53893506,15.91221764,-6.487689313,7287.376517,68.57059621,-10.43933286,-11.23497091,13.32853673,8.677959598,3.288548434,74.0394696,0.36552139,0.009994883,108.3345804,72.19258912,92.58371359,0
Sierra Leone,2001,0,53.93630841,82.65354844,27.32377627,-2.562080009,1258.711714,83.58199135,-14.44765632,-16.47262539,8.026568229,7.435285022,31.01694142,114.8264057,8.358401434,1.643753366,86.8929371,17.2628049,64.25117787,0
Sierra Leone,2002,0,64.64027128,51.36694789,5.327073372,-9.434301434,6688.537154,57.45718962,-6.132406047,-7.623610224,-16.50492336,8.727039586,47.06956907,106.8039904,5.757754428,-0.355984981,151.8474159,11.91798401,82.99815424,0
Sierra Leone,2003,0,128.4943327,30.12422935,6.154193029,-7.258641149,17768.00768,77.36845402,7.955701392,6.244102407,10.48174032,10.90359705,46.72578623,49.44637052,9.058562933,-2.449970739,141.63368,78.35209381,93.93902659,0
Sierra Leone,2004,0,141.6129868,94.01095947,34.81607939,-6.535927385,33241.8668,73.65602095,9.913852704,11.30381282,-12.82561242,2.184737731,51.02860653,41.19874607,5.402580747,-1.745596324,61.68682377,76.95325173,33.05080917,0
Sierra Leone,2005,0,44.14529936,41.01369362,28.94087016,-8.911797445,4120.80494,55.03241767,8.63419937,8.456237058,-10.5356263,3.508280354,51.89029376,121.9521105,10.76531868,-0.38392955,150.001946,39.55999231,54.2299587,0
Sierra Leone,2006,0,68.4261611,24.48859885,14.28794066,3.133139132,8432.798366,27.77923777,3.235499831,4.487284019,-4.21397492,11.95148026,-33.60778719,144.3118052,0.304971645,5.786284056,123.2776899,13.53943269,54.65683214,0
Sierra Leone,2007,0,140.7219731,60.68479496,29.0786994,6.740155916,11110.51793,73.30712659,-1.046431789,-1.549113704,-7.417317347,2.297265523,-21.24315043,119.7858508,6.088341582,5.691049352,163.0053435,53.32128869,48.35778004,0
Sierra Leone,2008,0,28.03509989,94.93967083,32.73598342,-2.533691873,38029.33095,16.71361847,-0.23284634,2.105567275,-7.133930468,8.787210575,44.58115068,145.2165827,12.468954,4.448970082,78.60763128,30.53870752,20.71246932,1
Sierra Leone,2009,1,32.00686865,10.34472615,15.73779991,7.491529534,37062.651,76.84627638,-1.525199773,1.375922074,-13.22961903,8.838372971,11.22585831,98.64940514,3.753010767,-0.90744554,88.73246269,75.57060908,85.27776862,0
Sierra Leone,2010,0,41.1628286,31.43123589,6.261308212,-5.733068509,33180.71386,79.47740267,2.676232623,3.695287675,-8.245158116,8.354428082,64.4277468,140.7828519,0.791263176,0.974419265,131.4969109,65.62633475,28.92474572,0
Sierra Leone,2011,0,97.37766844,94.46028764,37.64726936,-3.492191529,15254.93505,81.32521235,-4.528169333,-2.345293989,-19.2134964,3.115566777,-31.26360766,109.7566403,7.447861118,0.958045546,122.2600292,55.47156489,99.63844783,1
Sierra Leone,2012,0,39.56139523,25.39773702,17.08129434,-6.985260139,22455.84557,44.65617695,1.730100124,1.777699727,-1.083562132,2.974041727,-21.27155084,138.1550175,14.64800191,0.482759203,107.9548057,29.91526933,81.83667935,0
Sierra Leone,2013,0,145.8499296,20.19191065,8.726861715,2.411183908,6072.376065,15.21048062,-11.95969713,-9.351972084,10.74363835,8.162922282,33.76969637,41.00656584,0.962378423,-2.596077254,161.9049972,59.08880056,66.40080141,1
Sierra Leone,2014,0,78.07288854,61.31684942,22.2149905,-1.602608183,13819.69804,5.470978007,-8.357617336,-6.368098422,14.48989477,2.641877121,25.11220289,126.023478,1.050847391,1.810746368,134.7127345,30.24177867,32.36851342,0
Sierra Leone,2015,0,85.19733485,87.5659441,31.89637285,2.265666937,53893.00202,73.0529313,5.90007597,8.850747401,12.81714236,8.107978315,-10.0404269,45.57695412,8.926748474,-2.344692071,156.5407781,12.63416889,61.23143771,0
Sierra Leone,2016,0,52.06562005,52.93988359,12.75765601,5.233498108,58787.59726,88.05744538,7.593723269,8.332285681,-3.34169124,6.164075243,11.25148653,23.56578325,3.751015693,4.217268126,72.98824435,45.59042113,40.88869927,0
Sierra Leone,2017,0,81.22483282,99.5107831,14.43215175,0.914060321,38965.27726,63.33802768,-1.524794061,0.150446381,9.217059247,4.946231978,-44.75280829,87.28619743,6.153468505,3.221764286,159.3482443,44.20791814,40.18580196,0
Sierra Leone,2018,0,106.0487722,71.12545296,13.49502454,2.552607098,55034.35053,10.13680634,-14.20910957,-13.95190073,-8.484369036,3.952672018,-44.4442838,61.37273147,12.45760729,0.17463306,119.2292162,63.41041811,86.36233995,1
Sierra Leone,2019,0,117.6530278,16.66674165,39.70855685,8.705006288,38671.69145,93.16412709,8.17433927,6.729059895,-17.77750109,11.39713473,-35.76094958,25.65907703,2.982730263,2.82422744,55.06519035,70.59717176,50.45155392,0
Sierra Leone,2020,0,118.0028508,99.35489185,11.90913068,-4.018713808,2281.83022,98.85571153,2.551606451,1.680137477,7.038861016,6.343077064,36.51886798,147.4395692,10.78949905,-0.902666941,85.1737331,34.81279421,56.05790427,0
Sierra Leone,2021,0,95.12584465,46.71048131,25.14320759,-2.816721227,59806.72632,40.50475404,-4.649301906,-2.285269418,5.951846589,6.954397569,79.55746219,106.6405924,7.567282699,-0.612749415,53.86345876,41.46311071,87.43717902,0
Sierra Leone,2022,0,137.5667707,35.86622805,37.38426246,4.354067234,6207.452411,57.45665537,-0.04052642,-2.70483874,12.06517582,11.41644497,-10.96650661,137.2355825,13.57436539,-0.172798348,118.5311783,42.92802938,27.02325006,0
Kazakhstan,1980,0,126.2630201,60.20912652,10.14137991,2.226110341,41053.71555,76.6089946,-4.255629139,-3.706749823,4.644248268,8.019589158,-44.90902554,149.8807362,3.451559323,5.756658003,169.55174,32.81158324,67.56942825,0
Kazakhstan,1981,0,118.4162549,37.38768326,38.97989693,-6.429341909,15394.32132,72.32092796,-3.366519332,-4.131615137,-13.724335,11.51530867,56.29406531,70.95567577,12.05653175,1.364647071,81.60370203,79.12146919,66.25725451,1
Kazakhstan,1982,0,27.22871782,17.78117564,38.1617032,-2.4770538,23701.27244,96.61765515,7.170246641,6.49040187,14.12649568,1.723217516,78.30283585,53.11581374,7.198065902,2.261823532,134.4171841,70.79528819,54.01716554,0
Kazakhstan,1983,0,20.89413509,10.12855088,35.96001955,-0.643239738,38862.27083,7.062724563,-10.97289383,-8.665466589,5.090111521,10.23635577,-29.27408221,43.90497105,9.154529613,3.712582867,80.07006716,67.79696022,86.38197131,0
Kazakhstan,1984,0,47.61814604,50.46250176,12.50947825,-1.612203241,26358.29475,55.97611094,-12.40827161,-10.28533737,12.30438796,4.357268222,7.862154391,86.97432401,1.382301258,-0.131932723,92.75561376,45.07815843,95.43120491,1
Kazakhstan,1985,0,106.2580672,85.317708,27.19192696,-6.434503834,15257.59972,67.65279907,-14.93178139,-14.33872713,10.96428482,9.820606538,-26.18947391,98.79050108,3.07547375,-0.959336845,85.32219395,66.49612495,57.22686895,0
Kazakhstan,1986,0,73.45567355,61.50836671,31.63120155,8.488601836,20266.43736,88.46033454,-7.14999061,-8.512477525,-8.085420511,10.33982118,-34.04638541,81.41495568,11.60036822,5.682166552,146.7507007,28.68087532,56.49176408,0
Kazakhstan,1987,0,72.31281371,99.9286569,39.51097749,5.246375234,20690.42258,86.78151091,-11.31465584,-11.46191776,-17.01788101,3.622110691,47.22528077,70.34276193,3.358626618,0.893538521,129.0093417,49.24546275,60.16509837,0
Kazakhstan,1988,0,134.9962955,35.81619811,11.31483377,-0.372883358,57571.6371,97.68997832,-9.500362622,-10.05060226,-12.93982364,5.20155209,95.13047143,41.87543325,1.387947413,-2.985682561,158.1948719,37.50426429,77.84992247,0
Kazakhstan,1989,0,136.4231703,35.24095583,31.81090648,3.601220566,47977.19705,48.76823766,-14.71902543,-15.59731726,-16.28550663,8.849165075,51.72484384,77.4417511,8.958049234,4.539464687,82.9915156,21.99393381,73.44482326,0
Kazakhstan,1990,0,138.1927843,24.37745142,16.85804095,7.945653443,27675.36166,82.22989102,-9.320114633,-11.70340116,-10.26350272,1.639139755,97.72219942,31.08160782,8.219047742,2.396977452,51.37228036,15.0829402,37.82679594,0
Kazakhstan,1991,0,60.80414995,24.76572294,11.14692629,-7.276517153,12229.30894,39.86457935,-6.682210452,-6.423527131,-1.618709079,9.188635645,15.15929141,132.4562087,9.118408935,-1.482972936,152.0764351,49.07528681,25.11162789,0
Kazakhstan,1992,0,109.8372557,35.66679364,19.74819294,-4.992538986,48717.66178,39.34295717,-14.21081259,-15.3998248,16.2724242,1.77043865,84.68046832,26.09734477,9.274582445,-2.728742761,67.22809377,16.83473944,95.94033039,0
Kazakhstan,1993,0,55.31231357,81.35560407,32.78425693,0.854024945,9683.793555,21.60157827,0.197603107,1.162450765,14.88075024,11.01624092,-19.2373663,69.48398803,7.502960188,-0.376658121,86.94578366,60.26021677,40.88558078,0
Kazakhstan,1994,0,44.7792783,91.51811116,21.26974313,5.980207427,12864.59436,80.91491514,-0.779991278,-1.864767663,8.743992604,3.677901873,-32.31434495,33.01792298,7.406608809,5.350983859,95.85292287,74.50279351,71.08773478,1
Kazakhstan,1995,0,44.00221946,97.75784527,23.81330851,-9.274902091,22150.99949,98.51058611,-12.57410554,-12.98712458,-19.03550562,7.119392489,55.37800764,120.7474649,13.86248348,5.40142053,162.0203138,21.34742768,86.27504022,0
Kazakhstan,1996,0,64.47399071,30.90606887,39.83057936,9.680363004,52856.78729,21.91588148,-0.124755562,-2.810593317,-6.344431947,1.847265251,5.711249629,60.65580725,8.008225873,-0.200968623,143.8837716,42.9657005,44.02214004,0
Kazakhstan,1997,0,75.89449057,89.31677911,18.96882548,-0.901867942,8167.664117,0.893816742,9.966347965,12.92157638,7.293937059,3.599171279,-2.346859588,34.70372964,9.259503036,4.523378935,77.63981548,61.71422151,70.83467309,0
Kazakhstan,1998,0,128.0233922,39.54295803,26.53902641,-2.815377188,7597.381313,80.63195593,8.61172382,8.65738612,-14.83884413,5.145483,50.6920867,89.09386885,4.004540879,0.976607909,139.6831716,30.07877627,28.63201929,0
Kazakhstan,1999,0,35.58584215,20.15564901,17.78354706,-4.145511243,29790.3068,60.12415552,-14.93322517,-17.7877996,12.043514,6.101062082,0.022606265,139.1160109,13.06639801,2.889102742,156.2221993,74.45351637,97.59451555,0
Kazakhstan,2000,0,115.5403602,88.3022433,18.74749762,-6.512865847,16801.7093,95.76837406,4.884457783,5.131841736,16.5829472,0.500776223,35.88372584,138.1238332,0.36552139,0.009994883,108.3345804,72.19258912,24.652662,0
Kazakhstan,2001,0,89.08913884,67.24950712,29.34742637,5.831478179,34253.05812,21.485118,-6.159868094,-3.937744098,-5.835822134,10.71954127,-5.081734061,52.45463535,8.358401434,1.643753366,86.8929371,17.2628049,55.05397391,0
Kazakhstan,2002,0,57.43289455,24.82578065,37.82604416,9.108283295,27262.71008,2.45790409,-13.40871574,-11.77340294,8.233722475,0.58826031,67.56363823,113.5557579,5.757754428,-0.355984981,151.8474159,11.91798401,62.94553936,0
Kazakhstan,2003,0,84.06654599,48.68481318,23.98256327,-1.727104903,26267.05865,46.70643739,-7.600419657,-6.394979552,-14.07183469,9.397372474,-3.141748926,23.93694507,9.058562933,-2.449970739,141.63368,78.35209381,83.23854229,0
Kazakhstan,2004,0,58.99246907,35.85319254,31.89399751,9.048413895,6984.786338,3.973932411,-6.956587092,-9.119799165,7.632657965,5.911657492,30.24912167,37.14073355,5.402580747,-1.745596324,61.68682377,76.95325173,29.69028137,0
Kazakhstan,2005,0,97.49065418,76.31151118,8.122229559,6.475952309,8720.666508,22.48795012,-1.918894017,-0.972471543,-19.14178351,6.524620286,-46.52358745,84.93140814,10.76531868,-0.38392955,150.001946,39.55999231,55.26463791,0
Kazakhstan,2006,0,76.39970997,50.80746076,12.39053131,-0.37897745,49318.39107,8.227675386,1.527094182,3.12488445,-13.96913973,2.895053012,68.7596175,49.73833648,0.304971645,5.786284056,123.2776899,13.53943269,43.97692556,0
Kazakhstan,2007,0,41.37271878,99.03519506,22.57460743,3.480523583,53187.19943,18.53387886,3.726390305,4.160904689,8.395257864,7.484736029,43.05066622,123.774041,6.088341582,5.691049352,163.0053435,53.32128869,44.96085726,0
Kazakhstan,2008,0,35.15579969,14.9270484,5.700410327,-1.300316417,14310.60691,6.145188546,-8.852423936,-6.495929909,8.474008915,6.678166955,-21.16443995,141.0393824,12.468954,4.448970082,78.60763128,30.53870752,82.30303329,0
Kazakhstan,2009,0,91.07043867,41.95137395,13.84992426,1.174468164,7073.591941,95.16012994,-6.955735744,-8.293797053,5.646508234,2.388718676,-17.69399359,20.56333114,3.753010767,-0.90744554,88.73246269,75.57060908,20.4368756,0
Kazakhstan,2010,0,137.3136943,53.37101504,23.10904514,-8.83907326,3488.975314,24.24908491,-7.290457329,-8.83758913,-0.905439025,3.238368516,-10.62606222,50.27905785,0.791263176,0.974419265,131.4969109,65.62633475,79.92669131,0
Kazakhstan,2011,0,64.71449925,55.28201993,5.523641939,3.925269506,36615.36754,41.60924653,-5.931578297,-3.714159827,6.996323647,1.269391734,36.47951569,77.14193499,7.447861118,0.958045546,122.2600292,55.47156489,84.83187441,0
Kazakhstan,2012,0,115.2900139,38.43422401,14.25912002,-8.94350711,43006.58679,89.3542398,9.991407724,10.74379718,10.95203193,1.262261079,32.24744996,93.20030749,14.64800191,0.482759203,107.9548057,29.91526933,92.10897951,0
Kazakhstan,2013,0,105.6259761,75.63162242,22.99107868,6.341698938,22556.75636,66.11876674,4.448582571,1.457265894,18.65926636,0.658421538,-8.920442054,139.0673611,0.962378423,-2.596077254,161.9049972,59.08880056,70.15054426,1
Kazakhstan,2014,0,141.1021389,88.72723661,25.06022368,6.498938589,40876.64929,59.89393546,9.374761632,8.493550083,15.54564126,3.035454743,54.1093438,135.9448538,1.050847391,1.810746368,134.7127345,30.24177867,46.67642626,0
Kazakhstan,2015,0,126.7275322,94.48473718,37.40130926,-5.258454249,42863.64129,69.08413499,2.327776489,4.474912404,11.7813681,8.316104115,83.35617489,102.8321129,8.926748474,-2.344692071,156.5407781,12.63416889,54.1787786,0
Kazakhstan,2016,0,93.65868366,82.45840391,27.58709681,-3.526744379,56139.9342,82.026337,-4.843232459,-7.679315389,7.790300669,4.136476964,-43.47267835,53.46044183,3.751015693,4.217268126,72.98824435,45.59042113,97.57888658,0
Kazakhstan,2017,0,105.4139648,86.55221776,19.51575309,-0.373792429,4172.956179,87.15527312,-5.256395409,-8.23690784,2.966221817,4.441444103,12.57949567,121.8274153,6.153468505,3.221764286,159.3482443,44.20791814,90.49494611,0
Kazakhstan,2018,0,136.7902407,59.54907706,37.5622912,1.933258139,11779.81588,62.47716542,-2.785471376,-4.097915632,-15.17564707,2.016912022,39.02801778,46.34473027,12.45760729,0.17463306,119.2292162,63.41041811,57.08207273,0
Kazakhstan,2019,0,71.937442,84.32994038,32.47090442,-4.252926765,4391.00146,88.45076384,-4.578255416,-2.094255194,-13.37772632,7.117912678,37.96528053,145.4724021,2.982730263,2.82422744,55.06519035,70.59717176,95.44504057,0
Kazakhstan,2020,0,62.48331176,37.31535182,12.00031224,1.849728093,52119.23782,51.21674038,5.708156152,8.117021641,12.81118243,4.434651878,-47.06969795,20.75918905,10.78949905,-0.902666941,85.1737331,34.81279421,85.83639003,0
Kazakhstan,2021,0,21.40544087,45.86308859,9.579482647,-4.044258535,47617.45345,24.11553991,-3.374949674,-3.262378,12.13251649,8.277643239,-18.41509012,94.07016551,7.567282699,-0.612749415,53.86345876,41.46311071,92.08718893,1
Kazakhstan,2022,0,127.4516396,38.52217124,28.65340725,-8.890185579,34606.13162,87.40805443,-7.609640995,-7.290219768,4.578357039,9.026783892,-40.7253918,31.4916421,13.57436539,-0.172798348,118.5311783,42.92802938,74.63817877,0
Republic of Congo ,1980,0,124.1274911,52.06486019,24.5959108,-9.949449003,5294.70558,51.85464688,4.371506717,3.363554785,-2.446394691,7.223968065,35.34476088,72.98793892,3.451559323,5.756658003,169.55174,32.81158324,88.61232348,1
Republic of Congo ,1981,0,33.57908735,35.70216546,32.63857648,-7.976978842,16616.74781,90.14444669,6.360510235,4.822930207,-18.95869401,3.674799673,46.80848315,102.5413602,12.05653175,1.364647071,81.60370203,79.12146919,91.34129131,1
Republic of Congo ,1982,0,94.99145955,96.5450298,30.85817675,5.845014003,18073.87493,-0.782379535,-4.489276096,-2.597944971,-6.912922299,6.348989692,-26.03867549,109.6478044,7.198065902,2.261823532,134.4171841,70.79528819,27.36132676,0
Republic of Congo ,1983,0,80.31762076,38.15601652,26.88240369,9.228626248,33776.3688,36.73915391,1.695214298,-0.667016539,-3.174413697,3.397204254,-0.048332099,122.1240311,9.154529613,3.712582867,80.07006716,67.79696022,97.21735813,0
Republic of Congo ,1984,0,35.43218242,18.82400843,39.52337601,-1.460676014,15705.22047,94.51952693,-13.52988665,-13.60576043,-0.567348553,10.88349761,-0.529438494,97.13260136,1.382301258,-0.131932723,92.75561376,45.07815843,46.6890479,0
Republic of Congo ,1985,0,147.4738695,57.41354494,23.67564055,0.253679069,4655.703876,21.21325974,-1.763378701,-0.956995144,17.17298394,9.313436126,72.97034974,52.67151567,3.07547375,-0.959336845,85.32219395,66.49612495,55.19196077,0
Republic of Congo ,1986,0,47.91046537,15.13891706,8.958701478,-7.063036619,43926.50942,93.86130583,-13.87547156,-16.25338981,-15.65162401,6.169567919,-20.80108932,135.6029216,11.60036822,5.682166552,146.7507007,28.68087532,83.35230074,0
Republic of Congo ,1987,0,28.74044341,19.94888497,33.98957477,1.020627054,18155.08864,95.15975842,-14.27022899,-14.15258641,0.754676791,11.60275715,32.2471182,125.4439637,3.358626618,0.893538521,129.0093417,49.24546275,73.19170445,0
Republic of Congo ,1988,0,97.33015934,29.74504503,13.81486768,-7.10690196,27306.73837,87.62494299,0.323121263,0.788248991,-5.283108122,6.787687637,67.44032688,40.8068013,1.387947413,-2.985682561,158.1948719,37.50426429,91.44479299,1
Republic of Congo ,1989,0,116.052668,51.79152249,32.20557519,2.224286624,7921.698108,54.18514473,-7.41661544,-5.961639077,19.60392477,4.278157985,74.43672893,127.4464539,8.958049234,4.539464687,82.9915156,21.99393381,52.04590006,0
Republic of Congo ,1990,0,24.21764799,48.99258391,38.49874836,8.665173352,48212.13371,62.92864215,3.563429061,1.972445356,14.47456065,1.597873959,49.98491414,146.4437871,8.219047742,2.396977452,51.37228036,15.0829402,49.86305309,0
Republic of Congo ,1991,0,105.633293,81.97226758,29.38784299,-6.086029214,34062.25305,86.30978484,7.402064016,6.162029036,-2.44856583,6.753074915,-5.070837161,102.8384852,9.118408935,-1.482972936,152.0764351,49.07528681,22.53510796,0
Republic of Congo ,1992,0,89.19794387,76.55271885,25.86105563,5.291274361,54124.66188,76.46919365,-11.51522066,-11.09809378,19.98782437,10.39479103,73.45698622,56.634679,9.274582445,-2.728742761,67.22809377,16.83473944,57.01803013,1
Republic of Congo ,1993,0,33.42445115,48.36864646,21.11351615,-9.529951544,29879.65232,61.15985419,3.113070964,6.011829424,0.562529859,10.46726537,61.32490407,98.85719807,7.502960188,-0.376658121,86.94578366,60.26021677,77.92566163,1
Republic of Congo ,1994,0,42.428104,40.03337868,17.75434531,-2.490055174,56503.11261,98.13723783,-2.137000043,-3.832040946,-13.31528814,7.452521267,55.67037007,64.52955899,7.406608809,5.350983859,95.85292287,74.50279351,44.09429741,0
Republic of Congo ,1995,0,93.83665865,38.48219057,17.35516628,-7.785029843,53544.5318,66.99604682,-12.19701875,-9.281595783,2.234987673,5.024541177,-39.89969017,107.8730412,13.86248348,5.40142053,162.0203138,21.34742768,57.01812109,0
Republic of Congo ,1996,0,58.52648976,79.65955786,27.2730447,-2.950491168,34714.65343,97.42560921,1.289815162,2.57587036,-10.95176937,7.978407543,-43.5102679,90.82399473,8.008225873,-0.200968623,143.8837716,42.9657005,37.55182148,0
Republic of Congo ,1997,0,141.9810447,14.68651656,31.29455909,-6.529261607,56053.43826,1.025789834,0.236670078,2.193162495,5.452513603,9.264614077,54.30479466,140.8337796,9.259503036,4.523378935,77.63981548,61.71422151,81.82302447,1
Republic of Congo ,1998,0,126.4362298,11.15394846,28.74809743,-2.533900198,19588.39821,9.590838928,-2.108953315,-4.571105706,17.497607,5.233685021,91.71922019,100.3281106,4.004540879,0.976607909,139.6831716,30.07877627,24.84092491,0
Republic of Congo ,1999,0,147.8637368,81.59899527,11.94435354,-1.649543878,22128.83711,42.40317883,8.161780114,6.964301239,11.44794307,5.976922946,66.05858921,47.81761888,13.06639801,2.889102742,156.2221993,74.45351637,76.4306444,0
Republic of Congo ,2000,0,53.75720906,52.94317384,22.28955131,-3.988177544,3015.033693,35.41234339,-1.973007597,-4.626589919,-9.073452383,8.327087535,74.72133497,114.2642835,0.36552139,0.009994883,108.3345804,72.19258912,50.31520094,0
Republic of Congo ,2001,0,146.0640723,21.77930247,32.70740253,3.132438989,35475.29413,77.18715834,9.762877886,8.992159856,-8.125655001,10.58150497,31.74734213,59.11418132,8.358401434,1.643753366,86.8929371,17.2628049,23.32768555,0
Republic of Congo ,2002,0,76.06040307,31.20093411,21.64964274,8.377041025,43398.861,11.86447278,-2.269279654,0.618458306,-17.22847188,9.596619349,-4.312078387,55.41082388,5.757754428,-0.355984981,151.8474159,11.91798401,88.27756698,0
Republic of Congo ,2003,0,65.17744339,93.92535578,23.78181479,-1.988092518,46479.09566,97.48999381,-12.10369904,-14.47206067,-8.565286574,0.757500747,51.66053452,70.93096132,9.058562933,-2.449970739,141.63368,78.35209381,59.01774905,1
Republic of Congo ,2004,0,26.54543851,87.35526781,31.98976169,-6.15313687,9244.032277,28.0819169,-3.238218723,-2.863982029,-16.29500801,1.930281954,56.79563132,21.55956828,5.402580747,-1.745596324,61.68682377,76.95325173,67.94551757,1
Republic of Congo ,2005,0,26.85948352,73.88065452,28.14428572,-4.585544836,26816.29662,40.03698931,-10.44178094,-13.4053572,-0.022051227,10.30694907,51.30369575,145.9882858,10.76531868,-0.38392955,150.001946,39.55999231,78.56245532,1
Republic of Congo ,2006,0,109.9614633,53.40027073,19.32707223,7.08001647,10858.73376,23.84822841,-0.07166287,1.204434027,8.33388318,10.08896252,92.00635851,89.20304448,0.304971645,5.786284056,123.2776899,13.53943269,72.40595464,0
Republic of Congo ,2007,0,79.53076928,56.82912636,36.33944489,1.432794465,39829.00273,55.83317982,2.32830438,0.511460534,10.04724646,4.971278006,5.07685499,120.5542062,6.088341582,5.691049352,163.0053435,53.32128869,78.46854967,0
Republic of Congo ,2008,0,49.44781138,97.77200818,10.6898474,-0.899779354,9729.398434,1.156013544,-3.289118032,-5.51161081,-17.61883071,7.219196107,-44.05136916,53.52078891,12.468954,4.448970082,78.60763128,30.53870752,80.98253477,1
Republic of Congo ,2009,0,99.81613982,96.91933995,39.8430757,-7.00726557,54278.57193,10.71613808,-12.55742581,-13.53531893,-6.40176407,10.9172173,86.26665291,117.0603571,3.753010767,-0.90744554,88.73246269,75.57060908,67.13212245,0
Republic of Congo ,2010,0,52.87155537,29.37421412,9.159840247,-1.005453834,14068.88835,73.30875886,-3.283965035,-1.657699248,-8.473129338,10.98292483,-25.92513217,93.7321653,0.791263176,0.974419265,131.4969109,65.62633475,49.25102647,1
Republic of Congo ,2011,0,95.09212806,82.99941097,5.523248989,-4.430159933,17696.7153,14.58256126,-12.96364463,-15.32396611,-15.82798708,9.505567726,54.59775091,75.13874259,7.447861118,0.958045546,122.2600292,55.47156489,39.45137198,0
Republic of Congo ,2012,0,66.69713711,27.75183996,36.15066154,8.863262557,51099.10743,19.72901741,2.053148888,0.432182862,-5.501147563,2.910272791,80.98066597,146.1869994,14.64800191,0.482759203,107.9548057,29.91526933,92.23225893,1
Republic of Congo ,2013,0,127.0617895,29.21837301,13.57337279,7.681402188,27670.51633,78.26313475,4.759205622,1.809992151,-8.027195634,8.898252285,-3.478790298,84.19968284,0.962378423,-2.596077254,161.9049972,59.08880056,97.59398757,0
Republic of Congo ,2014,0,126.6905009,70.84837307,30.53948696,-8.321949163,1732.557964,4.796623728,9.059508181,11.86999736,5.379969174,1.662631972,74.56228613,105.4696156,1.050847391,1.810746368,134.7127345,30.24177867,48.61302041,0
Republic of Congo ,2015,0,82.05555176,46.45009887,33.38553812,0.333069785,29826.7992,40.93475139,-11.27994732,-10.72707372,15.33210655,10.78029228,-0.191281059,21.99448489,8.926748474,-2.344692071,156.5407781,12.63416889,28.98485833,0
Republic of Congo ,2016,1,65.60648421,93.83899664,35.06452369,-5.49883309,5347.237122,-2.578344365,-1.689491612,-0.370093793,-1.806331165,2.215211241,69.13868924,59.18917684,3.751015693,4.217268126,72.98824435,45.59042113,37.80298617,0
Republic of Congo ,2017,0,67.13277355,18.01087614,39.70579825,-1.78445821,59125.07971,31.41477693,-0.811565812,0.096733215,9.866606911,8.117009361,-39.52552055,135.5299036,6.153468505,3.221764286,159.3482443,44.20791814,73.65338768,0
Republic of Congo ,2018,0,124.7428883,56.03730767,15.29138985,7.536959965,35410.26076,68.39304727,8.061913345,5.928100698,-14.15958532,7.517797654,48.2864498,118.6646779,12.45760729,0.17463306,119.2292162,63.41041811,33.8346696,0
Republic of Congo ,2019,0,62.66333276,92.66693774,29.85851697,0.550290398,15614.99727,4.46084437,0.681916015,1.251555649,15.79865515,9.434346043,51.57071209,89.7780247,2.982730263,2.82422744,55.06519035,70.59717176,82.40978184,0
Republic of Congo ,2020,0,47.17771858,91.37022944,9.03899504,-3.315694133,33953.94547,88.27513581,-11.36225886,-13.57376529,-13.89621047,6.843141277,23.71387451,137.0207619,10.78949905,-0.902666941,85.1737331,34.81279421,93.84241919,0
Republic of Congo ,2021,0,31.00948444,24.08762921,19.2383252,-5.842232918,4888.966072,90.49739951,-4.091216901,-4.683798177,-12.31595278,1.185015617,53.06362958,83.20866672,7.567282699,-0.612749415,53.86345876,41.46311071,97.09212121,0
Republic of Congo ,2022,0,80.67010571,42.99739301,34.67900927,6.006497188,48053.51086,6.023989388,1.369063213,1.782842028,-15.74144786,8.617231922,88.47755058,93.64591834,13.57436539,-0.172798348,118.5311783,42.92802938,20.74604048,1
Dominican Republic,1980,0,82.67717286,65.720926,17.86803161,2.490360307,55542.08482,99.02690582,2.507110802,2.860397486,-7.612819939,4.906277427,60.07822375,69.67987014,3.451559323,5.756658003,169.55174,32.81158324,96.6523332,0
Dominican Republic,1981,0,129.3181324,24.34553963,25.68833832,-0.638690791,52504.32998,26.24060311,6.576849965,4.291290521,2.096417869,4.183277514,94.19440435,100.6052048,12.05653175,1.364647071,81.60370203,79.12146919,79.21555353,1
Dominican Republic,1982,0,48.76103054,97.12199548,22.63207053,-5.650312923,20702.92886,3.830675469,-10.487322,-13.28070619,19.51976446,11.90424582,17.29184708,61.47019902,7.198065902,2.261823532,134.4171841,70.79528819,26.72401858,0
Dominican Republic,1983,0,69.52886558,92.32743959,27.60830359,-3.315072517,19748.35674,-4.467952978,8.788553669,10.57795955,11.73472139,7.289597309,29.24360976,70.11398308,9.154529613,3.712582867,80.07006716,67.79696022,53.2192375,1
Dominican Republic,1984,0,125.0927461,25.02551611,39.05130363,9.196868535,2394.73039,37.89490406,-13.5215147,-12.16598008,-4.782567884,8.673269343,-10.43919541,145.6224142,1.382301258,-0.131932723,92.75561376,45.07815843,76.00363797,0
Dominican Republic,1985,0,127.0710694,20.90399151,6.950743428,0.401798752,39188.60141,61.1300485,9.594053364,7.084966792,3.033842316,6.552750575,97.84025017,34.47012837,3.07547375,-0.959336845,85.32219395,66.49612495,96.53483941,0
Dominican Republic,1986,0,69.99943988,17.68676345,25.08865311,-1.986014375,32233.81562,29.87882124,6.444177322,4.208670434,4.932321238,9.354685428,-41.72948973,33.68319488,11.60036822,5.682166552,146.7507007,28.68087532,33.13131149,0
Dominican Republic,1987,0,79.68612303,91.84992976,35.20600727,0.428440847,27722.97837,82.85532337,1.506819569,3.862322227,12.90908885,9.148836458,3.793062643,25.63108253,3.358626618,0.893538521,129.0093417,49.24546275,30.21866255,1
Dominican Republic,1988,0,59.42716581,27.42614288,21.84839491,5.579770118,54485.56791,70.24365893,3.374887507,4.989660916,9.458071417,8.05718033,-5.345425285,61.60578757,1.387947413,-2.985682561,158.1948719,37.50426429,57.78776426,0
Dominican Republic,1989,0,141.2321342,47.46564357,7.748451508,-3.19782127,10322.37039,31.76696086,-13.18269985,-10.20573807,2.771645079,11.97404521,7.976756969,71.76980152,8.958049234,4.539464687,82.9915156,21.99393381,97.4479115,0
Dominican Republic,1990,0,35.42368955,50.39662291,24.61887733,-6.425877581,877.0761214,72.10251499,-13.96300343,-15.43907873,6.767321082,5.787625642,87.65767908,32.28703373,8.219047742,2.396977452,51.37228036,15.0829402,97.71033722,1
Dominican Republic,1991,0,141.387425,63.91099398,16.62258618,1.698722367,4676.992192,93.75121238,-12.45585509,-12.52903715,9.836704439,8.621212005,5.20568111,91.3870294,9.118408935,-1.482972936,152.0764351,49.07528681,38.23317928,0
Dominican Republic,1992,0,108.9026387,16.45618094,10.42296249,3.30408207,13635.27484,4.775079847,-12.81600463,-14.39724718,-14.67423763,9.674446572,87.54649791,95.82919878,9.274582445,-2.728742761,67.22809377,16.83473944,45.54777184,0
Dominican Republic,1993,0,89.10437985,30.40827557,34.71620796,4.254360059,2287.147291,27.14091582,-1.315469163,-0.578668332,-11.98178155,4.82439916,13.50082925,117.6334702,7.502960188,-0.376658121,86.94578366,60.26021677,92.64255885,0
Dominican Republic,1994,0,24.2456779,93.83413482,23.25598295,7.639751815,30319.76953,43.64922361,-9.613900322,-11.92141489,7.543371556,5.757512817,78.21531538,146.8758552,7.406608809,5.350983859,95.85292287,74.50279351,78.78731927,0
Dominican Republic,1995,0,81.82750494,91.75690965,37.66467443,-2.576517586,19051.20018,47.28896341,6.50514093,4.268599967,14.01702248,11.64542356,28.26251478,100.5157921,13.86248348,5.40142053,162.0203138,21.34742768,97.78531429,0
Dominican Republic,1996,0,73.00725365,80.31615827,33.21057766,-8.492902075,11074.83558,51.93054271,-3.856284423,-6.424957075,-3.629508692,0.871346697,-3.297073486,34.51460487,8.008225873,-0.200968623,143.8837716,42.9657005,91.45186904,0
Dominican Republic,1997,0,40.95844556,11.74611211,29.25401278,9.166971673,45080.01927,26.56582519,2.387761911,3.549278405,19.1956129,4.355900021,17.40246985,31.50815162,9.259503036,4.523378935,77.63981548,61.71422151,37.20768403,0
Dominican Republic,1998,0,105.3332485,39.43060916,5.175892618,-1.299761451,12505.74418,65.06226283,1.321827324,1.286262789,-11.35713069,6.091449067,13.65716185,121.0810923,4.004540879,0.976607909,139.6831716,30.07877627,80.77814875,0
Dominican Republic,1999,0,146.249618,66.51628618,19.97382098,2.465150193,41350.02453,62.73387287,-7.003674027,-6.297286729,-3.332028718,0.51684742,-11.01289069,104.5434367,13.06639801,2.889102742,156.2221993,74.45351637,23.88521852,0
Dominican Republic,2000,0,93.08454544,34.76711906,11.91201986,3.326106463,21151.11488,55.67125816,-8.920810662,-6.645004382,-4.859078261,10.83996166,-6.554190501,41.04887131,0.36552139,0.009994883,108.3345804,72.19258912,85.4266223,0
Dominican Republic,2001,0,112.9179259,91.86280255,36.87792689,0.930274174,30856.11731,6.94498078,-6.438592868,-4.996621959,17.21183763,3.791810602,-22.0319118,52.93679645,8.358401434,1.643753366,86.8929371,17.2628049,68.124541,1
Dominican Republic,2002,0,28.89855883,67.05005156,11.11043946,-5.894849405,56051.86228,45.08162857,4.916459346,4.686796855,-8.584859297,3.463605569,0.400083581,117.5312503,5.757754428,-0.355984981,151.8474159,11.91798401,96.48807701,0
Dominican Republic,2003,0,74.29670946,16.47160456,15.01210181,5.102861002,2529.892599,32.40382319,-0.34307879,2.563057141,-1.168368878,9.933751247,43.66087049,93.60025163,9.058562933,-2.449970739,141.63368,78.35209381,96.80259644,1
Dominican Republic,2004,0,35.12660307,91.810503,23.08928687,6.075039486,30165.7911,46.55903933,-8.661533437,-8.92399683,-12.51064642,3.696807128,7.983725306,96.05000813,5.402580747,-1.745596324,61.68682377,76.95325173,24.06520872,1
Dominican Republic,2005,0,99.66345862,96.19899924,14.21772666,1.05951172,51309.05073,91.79597573,5.446161077,3.120865116,0.850649542,8.06265983,56.84848164,47.30112727,10.76531868,-0.38392955,150.001946,39.55999231,32.84171884,0
Dominican Republic,2006,1,142.0026806,16.99411766,12.3452637,-0.228776788,35402.06263,45.45579103,-13.63101535,-10.67508686,14.29616678,9.947286155,98.04672545,101.7775376,0.304971645,5.786284056,123.2776899,13.53943269,58.73656379,1
Dominican Republic,2007,0,106.0311052,57.91242114,25.96847638,-7.721236337,16829.16986,-3.532016857,2.479584375,-0.383491245,-7.838421524,9.613483749,6.565161923,120.1817174,6.088341582,5.691049352,163.0053435,53.32128869,90.359482,0
Dominican Republic,2008,0,29.98439628,37.3027854,8.112533296,-8.32096677,24041.56377,41.0778575,-4.022479856,-3.723178499,12.43168289,9.49243348,19.39588211,135.0827893,12.468954,4.448970082,78.60763128,30.53870752,85.15561138,1
Dominican Republic,2009,0,66.10660665,45.35551688,7.035871555,-3.208703089,40911.85804,81.16805891,3.282259652,2.136832584,16.45246329,1.519332053,-25.38347646,115.7732522,3.753010767,-0.90744554,88.73246269,75.57060908,97.14960211,0
Dominican Republic,2010,1,91.58623933,26.16860962,18.02858533,-3.78307689,53481.47009,76.90639694,8.186532006,8.207844912,-17.08168441,1.418240127,8.832292867,94.92883463,0.791263176,0.974419265,131.4969109,65.62633475,69.44672937,0
Dominican Republic,2011,0,72.4170083,62.02648918,30.22325591,9.073129019,2751.662513,48.90595772,3.750852449,4.103130164,10.25698145,4.027855411,59.02486762,107.5237099,7.447861118,0.958045546,122.2600292,55.47156489,40.52508156,0
Dominican Republic,2012,0,128.3737214,96.21814179,24.41823654,5.672454849,4570.867667,21.22574635,-3.950866117,-5.51029074,-9.786262554,0.913400634,-17.38928004,83.06449013,14.64800191,0.482759203,107.9548057,29.91526933,22.00853116,0
Dominican Republic,2013,0,125.9072306,55.27653402,19.8006764,3.198485905,19705.57596,43.83430961,-11.22560796,-10.88445543,-12.9868935,6.25494197,-22.6918927,49.49677161,0.962378423,-2.596077254,161.9049972,59.08880056,37.83411926,0
Dominican Republic,2014,0,99.53803261,17.46231233,24.80130475,0.35296178,14196.94716,54.18873304,5.158774395,6.695141067,4.044895681,5.039993762,6.456231047,134.6869065,1.050847391,1.810746368,134.7127345,30.24177867,74.02185584,0
Dominican Republic,2015,0,68.54953287,65.80012001,17.79080196,-6.652649385,16116.37391,99.98650102,-3.482361827,-4.883302804,8.224104649,6.905797994,72.79742286,89.24094231,8.926748474,-2.344692071,156.5407781,12.63416889,94.10198587,0
Dominican Republic,2016,0,53.19372859,40.6200695,37.76512174,9.569133444,13509.81892,62.63869947,-13.11719191,-13.81663511,-4.209560571,3.936068195,43.54857846,97.26138045,3.751015693,4.217268126,72.98824435,45.59042113,45.67229338,0
Dominican Republic,2017,0,33.76366137,87.03326706,6.921671182,-2.499186035,11990.75542,67.89781766,2.976384944,1.585841103,-18.43305172,6.086171034,93.63690664,148.7141588,6.153468505,3.221764286,159.3482443,44.20791814,90.05634642,0
Dominican Republic,2018,0,66.13669885,49.12103335,28.56870177,-7.861487951,8098.250822,46.60268507,-7.703700852,-5.780342466,16.34818097,4.349564807,85.68106524,148.0520382,12.45760729,0.17463306,119.2292162,63.41041811,51.59185987,0
Dominican Republic,2019,0,73.71242724,27.3555648,36.19489327,-0.124022086,56057.06167,32.22140283,-13.77779426,-12.42790071,9.229876674,2.744893061,-27.32942048,96.22042805,2.982730263,2.82422744,55.06519035,70.59717176,44.66169995,0
Dominican Republic,2020,0,107.8569803,27.19950604,33.13596481,7.479960232,8908.110995,80.36006328,7.568775374,9.795953998,-9.133327733,7.967716833,-43.61708381,24.41444406,10.78949905,-0.902666941,85.1737331,34.81279421,60.70753942,0
Dominican Republic,2021,0,105.5607772,79.18877626,11.44143622,7.745820036,12502.90535,46.96789406,-2.922472698,-4.90217334,-0.12544577,8.244512867,9.864210129,71.49917995,7.567282699,-0.612749415,53.86345876,41.46311071,55.38187939,1
Dominican Republic,2022,0,29.11405815,33.90288385,15.35742221,-9.780681679,15002.06372,99.44246365,-7.975973671,-10.53449584,-18.8882884,10.03616447,28.31192182,141.8481264,13.57436539,-0.172798348,118.5311783,42.92802938,93.10398948,1
Kenya,1980,0,71.38371101,79.05100547,30.09667785,7.725914895,56000.98793,42.9976603,2.909663947,0.62596497,-6.428688728,10.55964551,27.33559228,57.47985701,3.451559323,5.756658003,169.55174,32.81158324,57.46055579,0
Kenya,1981,0,43.63125274,28.52985797,7.949469571,-4.57031565,45416.13378,2.140029783,7.147559442,5.113669439,0.901409423,8.6013119,-29.88390983,149.9049291,12.05653175,1.364647071,81.60370203,79.12146919,42.18683098,1
Kenya,1982,0,40.38565169,38.95177318,33.41515949,-9.220552721,47445.05599,66.67070439,-14.99232312,-14.79382716,0.688944605,8.406227997,-31.27738518,30.96127849,7.198065902,2.261823532,134.4171841,70.79528819,87.4052462,1
Kenya,1983,0,127.5492795,51.89382752,30.16174306,6.955805407,6554.068094,-0.102647653,2.196304626,5.021777048,-11.67260488,1.151770151,-42.97088663,93.85484353,9.154529613,3.712582867,80.07006716,67.79696022,99.89996093,0
Kenya,1984,0,25.44897817,94.88762647,30.53623272,7.27733512,50227.69954,21.30266767,4.17529235,3.31870485,11.06989465,1.762461277,77.62898891,87.00841682,1.382301258,-0.131932723,92.75561376,45.07815843,71.85371353,0
Kenya,1985,0,74.49377387,93.85582823,8.508447959,1.924621597,24669.12698,32.14251654,-9.751814318,-7.000764702,-8.045513659,9.844471169,92.16162071,53.19587874,3.07547375,-0.959336845,85.32219395,66.49612495,40.03690951,0
Kenya,1986,0,41.86647525,28.61846879,30.12161907,1.488675146,15990.53466,72.64577649,-2.759404215,-5.530199445,3.216400927,3.178939509,-32.64724697,143.318927,11.60036822,5.682166552,146.7507007,28.68087532,39.10520616,0
Kenya,1987,0,134.312928,42.23971371,28.79363438,6.262405452,34672.27999,46.89477227,-12.76785253,-10.20661931,-9.139110978,4.588998192,-18.03164472,100.4922573,3.358626618,0.893538521,129.0093417,49.24546275,24.6165357,0
Kenya,1988,0,92.41526673,23.44594496,34.08228718,5.726191054,49384.31948,-1.992177212,3.668747063,1.755662707,-2.993285081,2.170919567,-36.52056729,49.92967685,1.387947413,-2.985682561,158.1948719,37.50426429,26.18344308,0
Kenya,1989,0,50.07948273,55.89865714,6.455858469,7.802109469,46785.53342,59.76923438,6.186400464,8.661250378,-11.69941499,2.744247639,81.62532567,69.92626572,8.958049234,4.539464687,82.9915156,21.99393381,93.19864761,1
Kenya,1990,0,85.31554733,51.45242956,5.808873396,1.054948952,53432.84971,38.20080493,-12.29533357,-14.95796899,5.320311701,9.417298207,93.80631003,113.7598255,8.219047742,2.396977452,51.37228036,15.0829402,27.71896856,0
Kenya,1991,0,115.0932268,91.06841462,18.0552485,9.352941855,55709.49151,91.79262355,5.411506336,8.100823021,-2.976625594,3.511385624,-10.73051349,58.70057265,9.118408935,-1.482972936,152.0764351,49.07528681,58.74750786,0
Kenya,1992,0,144.5553412,93.700484,10.20758993,9.922936619,14515.88766,47.45404267,4.289254262,2.494043848,-19.35530782,5.663902112,-4.46242551,134.3488063,9.274582445,-2.728742761,67.22809377,16.83473944,75.84974238,0
Kenya,1993,0,48.65798055,44.52106519,24.54345671,-7.6691078,25604.31628,69.44239032,-6.327166991,-7.51088263,-18.87340024,2.24422079,4.400452662,41.53760673,7.502960188,-0.376658121,86.94578366,60.26021677,88.02838262,0
Kenya,1994,0,135.2036304,54.25641487,37.10721155,6.990875191,1173.323791,17.98119169,2.257238248,2.202892313,-1.154627261,8.296193923,25.36956391,54.38566168,7.406608809,5.350983859,95.85292287,74.50279351,33.70167602,0
Kenya,1995,0,141.4595348,90.66126242,18.70179056,-0.003554845,52795.50306,74.90222428,-14.9987969,-15.71447162,-12.67096532,8.875101943,52.3691468,38.83681974,13.86248348,5.40142053,162.0203138,21.34742768,55.02229433,1
Kenya,1996,0,139.1346708,82.6037027,34.5732632,-2.248673234,9527.957443,70.7003076,8.294941362,9.300109177,3.401681926,4.659461656,25.65858749,33.54324904,8.008225873,-0.200968623,143.8837716,42.9657005,40.1184156,1
Kenya,1997,0,102.6038664,10.32906802,5.008430608,2.261446198,51730.0463,89.9285794,-1.240419117,1.608427486,-3.672328729,9.52458643,92.65023725,59.04100505,9.259503036,4.523378935,77.63981548,61.71422151,40.4658472,0
Kenya,1998,0,101.8766851,38.80536078,10.89801252,-8.880688855,19964.42312,-1.448727619,0.508471602,1.147030546,6.176793422,3.258926497,-35.01598122,149.893237,4.004540879,0.976607909,139.6831716,30.07877627,44.3071446,0
Kenya,1999,0,72.41738231,47.95968177,6.064823888,0.129222375,22277.57532,41.98757325,1.616485338,2.945397795,18.09580696,8.456894414,69.79082684,32.26282372,13.06639801,2.889102742,156.2221993,74.45351637,66.96929715,0
Kenya,2000,0,117.8117247,30.67446553,16.48515132,7.417811401,2636.195593,66.31131729,-0.96577457,-3.437743068,1.149445392,8.894592686,0.172463622,47.69028494,0.36552139,0.009994883,108.3345804,72.19258912,21.32619773,1
Kenya,2001,0,89.06822239,27.96144543,36.78663585,-5.730769677,19814.66375,4.992209508,6.419097188,7.185971763,11.49514414,11.63955984,6.632153213,55.31018388,8.358401434,1.643753366,86.8929371,17.2628049,52.70130291,0
Kenya,2002,0,108.0669493,13.40060559,8.393324326,-1.472202105,53335.31186,38.11342705,0.242545804,-0.034355534,10.12163985,3.17169915,56.32441656,100.486859,5.757754428,-0.355984981,151.8474159,11.91798401,34.94641082,0
Kenya,2003,0,75.6995275,67.90327526,26.22434219,8.789617754,1825.179847,93.92539332,7.693999781,10.00869393,16.87164417,1.57767052,89.40656648,116.8949405,9.058562933,-2.449970739,141.63368,78.35209381,97.36948068,0
Kenya,2004,0,115.0945403,33.62592614,20.80235787,-1.428723244,24557.75014,40.77312154,-0.441709444,-1.112442846,-11.43928531,3.524907356,57.43011678,117.7513777,5.402580747,-1.745596324,61.68682377,76.95325173,66.61833274,0
Kenya,2005,0,127.1812973,14.71124606,37.84638743,-2.832647353,2174.5579,98.46750227,-10.72193945,-9.645214586,13.09307883,1.912915261,66.37908631,21.12267765,10.76531868,-0.38392955,150.001946,39.55999231,89.44763751,0
Kenya,2006,0,39.03671336,30.78813795,9.288169989,-1.189267038,22444.12848,0.968101413,7.839063896,6.207986266,16.22081514,2.451484548,62.61688632,104.7405596,0.304971645,5.786284056,123.2776899,13.53943269,35.65519894,1
Kenya,2007,0,128.280863,82.17225576,12.42097477,0.38905533,10606.64625,70.37212649,2.040687459,0.59692266,-4.289480762,4.342316886,-1.853209102,101.9957943,6.088341582,5.691049352,163.0053435,53.32128869,84.80125595,1
Kenya,2008,0,90.23854913,86.63402635,6.033968901,2.639826883,15357.43808,56.00670481,2.480974861,1.737709446,-7.447352216,5.260893587,63.53956498,87.29510865,12.468954,4.448970082,78.60763128,30.53870752,53.1825969,1
Kenya,2009,0,129.8065682,53.47596207,20.18773374,6.013856018,52692.62288,47.5566661,9.637043764,8.461424989,18.08143639,10.8928286,67.67811403,69.29711298,3.753010767,-0.90744554,88.73246269,75.57060908,34.21557511,0
Kenya,2010,0,76.06922182,47.44636034,14.72415148,-0.957955885,26332.13847,96.93897716,-13.12008614,-14.59681311,5.105312886,2.749581372,30.0100481,123.6677457,0.791263176,0.974419265,131.4969109,65.62633475,80.89961619,0
Kenya,2011,0,69.2752631,98.00683242,35.44670769,6.349618702,16645.74009,8.613292052,-4.285184823,-6.987172587,-4.77294059,11.67522822,30.5134358,64.70450341,7.447861118,0.958045546,122.2600292,55.47156489,80.96088781,1
Kenya,2012,0,138.9578952,28.05081936,26.17292846,0.674413227,35483.50116,89.07988993,-9.022615175,-7.002137185,11.67310884,9.816761914,63.95812046,49.90159537,14.64800191,0.482759203,107.9548057,29.91526933,99.67103255,0
Kenya,2013,0,52.65200478,29.38233546,26.49317583,-3.230389793,8783.785502,67.58024317,0.760661618,-1.853529197,-7.821043935,10.63692098,72.55462933,60.31237269,0.962378423,-2.596077254,161.9049972,59.08880056,82.47498094,0
Kenya,2014,0,129.7476023,36.26804593,23.61687439,3.159016562,15785.67896,22.1945877,5.170292094,7.494485187,-12.94369656,11.18860588,0.579316305,77.15422923,1.050847391,1.810746368,134.7127345,30.24177867,31.62137983,0
Kenya,2015,0,82.92267443,25.54815865,8.214761803,4.354445095,32911.00367,89.67526029,9.157767722,6.910560057,1.758785432,9.162273767,70.23433264,47.82746044,8.926748474,-2.344692071,156.5407781,12.63416889,45.80357934,0
Kenya,2016,0,86.83240753,44.14290384,20.57565393,1.160979513,14480.1256,40.07596638,-3.635097326,-6.243526904,2.648481796,9.570968064,72.131351,98.98426201,3.751015693,4.217268126,72.98824435,45.59042113,56.13815338,0
Kenya,2017,0,60.10087659,91.97508043,39.98268164,-8.867700537,40843.92592,80.49386945,4.655455766,5.03348435,13.02985929,5.534910411,-14.88115386,134.9471963,6.153468505,3.221764286,159.3482443,44.20791814,30.13222446,1
Kenya,2018,0,94.49548608,65.38130566,34.23302518,-6.602342497,29642.03074,35.82783429,7.926289801,7.940940556,-1.718905799,6.370177699,57.5426118,97.40981614,12.45760729,0.17463306,119.2292162,63.41041811,83.04311796,1
Kenya,2019,0,62.27745552,47.07518938,36.2710669,-4.294045582,46387.74749,84.34773688,2.083135813,2.030543226,12.58346158,11.22358241,-22.01991172,78.06687997,2.982730263,2.82422744,55.06519035,70.59717176,62.13588303,0
Kenya,2020,0,25.10502385,94.09697151,33.81292257,-4.347487881,56910.19878,61.84605744,-8.931686189,-8.484660224,-7.547092826,4.849942983,-36.04263305,123.5929396,10.78949905,-0.902666941,85.1737331,34.81279421,95.55596553,0
Kenya,2021,0,55.35981869,14.36178092,8.60645927,3.468416005,7213.551894,9.809896526,0.196353778,-1.081306586,3.014728087,0.98239134,36.18145181,117.245021,7.567282699,-0.612749415,53.86345876,41.46311071,67.14465156,0
Kenya,2022,0,20.82927564,28.92485601,12.96068889,-9.633026767,20279.5011,63.21463216,9.248801195,10.22649684,-11.66108884,9.271675433,86.29782982,67.7175558,13.57436539,-0.172798348,118.5311783,42.92802938,61.8319267,0
Suriname,1980,0,147.1861223,60.92997446,5.109257797,5.113635541,19377.07905,15.09120008,9.688845722,9.70325904,-4.582161963,7.091311385,-44.68114647,98.53995119,3.451559323,5.756658003,169.55174,32.81158324,25.71401223,1
Suriname,1981,0,145.5471373,65.39973609,15.62285437,-4.693150504,9325.620284,38.25187593,1.058995593,0.067456395,14.30158791,9.871073567,73.97524564,114.8795718,12.05653175,1.364647071,81.60370203,79.12146919,31.9476724,0
Suriname,1982,0,71.37018867,13.56017559,8.801259082,-3.799563076,48675.0973,12.88103635,7.174693947,9.133697949,-11.36047226,1.368839566,25.97068161,51.91022354,7.198065902,2.261823532,134.4171841,70.79528819,87.96208614,0
Suriname,1983,0,114.6882111,46.27348821,21.54776709,0.558196559,45664.75863,-2.688307855,-9.991265904,-8.624939326,12.40957852,7.64416789,79.13431731,67.61560428,9.154529613,3.712582867,80.07006716,67.79696022,99.25407823,0
Suriname,1984,0,64.95479279,68.42385683,28.6994621,-5.681487981,29220.20061,17.24808664,-8.848034876,-9.486372825,-8.685133686,3.348617712,76.52154028,33.75088917,1.382301258,-0.131932723,92.75561376,45.07815843,53.21433087,0
Suriname,1985,0,107.2421104,72.82634918,35.60768533,7.689426272,32404.91543,51.31906249,8.822190322,10.90789703,-18.62041121,10.88758884,81.29302072,148.3984362,3.07547375,-0.959336845,85.32219395,66.49612495,84.8068867,0
Suriname,1986,0,124.7059056,67.43259123,31.22260078,-8.292624413,3854.785039,45.56390162,-11.61911561,-9.097566112,-15.6026172,1.763964307,65.33109322,31.16409456,11.60036822,5.682166552,146.7507007,28.68087532,70.20686131,0
Suriname,1987,0,143.0783118,38.85069019,37.85049585,-1.112352754,33463.78893,47.65719503,-10.22233905,-10.00114145,9.835181813,10.19529664,76.44885318,41.91879627,3.358626618,0.893538521,129.0093417,49.24546275,96.72474189,0
Suriname,1988,0,72.02759586,18.41681112,6.886440164,6.988445389,47543.08898,21.00712224,-4.486285022,-6.196570321,-9.51716294,1.518373898,-23.59621892,82.37815346,1.387947413,-2.985682561,158.1948719,37.50426429,39.05097884,0
Suriname,1989,0,121.8287378,48.44012018,5.42629424,2.316877888,34557.50614,66.94192606,-0.260392806,2.234360133,6.16582369,0.788619588,-4.422027669,132.4853384,8.958049234,4.539464687,82.9915156,21.99393381,63.58685944,0
Suriname,1990,0,54.57069858,21.58789936,28.14683398,-4.153409683,16138.7903,68.94764512,0.095430474,-1.767691805,7.96795611,3.203183445,-13.62707438,66.26466298,8.219047742,2.396977452,51.37228036,15.0829402,52.70366547,1
Suriname,1991,0,148.7431995,95.28612927,15.12733436,-1.584795844,40152.63186,32.58662168,-7.700599783,-10.41006042,-6.195261423,4.330012221,61.36424556,119.9174992,9.118408935,-1.482972936,152.0764351,49.07528681,63.33727808,0
Suriname,1992,0,23.35004784,52.76537794,13.87253556,4.133887607,21880.85927,87.52285929,8.015347449,6.980269502,-1.003240512,7.705080876,-26.95353209,107.8844295,9.274582445,-2.728742761,67.22809377,16.83473944,41.50864667,0
Suriname,1993,0,98.45874485,38.55332569,16.58104807,9.465214867,32828.93507,62.62243775,7.87749769,9.239295757,-3.849316382,2.01483287,-22.66583144,103.02633,7.502960188,-0.376658121,86.94578366,60.26021677,59.81969302,0
Suriname,1994,0,105.7357776,78.9673664,14.44286203,7.862774368,29407.65219,69.8691239,-5.198298674,-2.658654156,17.89395985,5.529294236,81.84470811,129.8522426,7.406608809,5.350983859,95.85292287,74.50279351,69.98433174,0
Suriname,1995,0,109.4459224,54.81537333,22.90027422,-3.151343832,23056.14756,24.12069138,-4.142705764,-3.318991883,-7.202045506,2.849031424,55.88232894,21.84213765,13.86248348,5.40142053,162.0203138,21.34742768,26.49727072,1
Suriname,1996,0,35.65038524,37.90306216,20.40519565,9.963957586,43217.01543,-4.935778309,2.562427921,5.273459202,-12.66707831,10.3359882,81.30699669,140.789895,8.008225873,-0.200968623,143.8837716,42.9657005,79.43898038,0
Suriname,1997,0,142.0088719,83.07709682,22.9349993,-9.929906729,53067.40389,85.86443927,1.57489741,-0.870877554,-5.376286285,1.017114841,-29.09671126,127.7994034,9.259503036,4.523378935,77.63981548,61.71422151,76.52183705,0
Suriname,1998,0,43.55382628,88.04369359,28.5449764,-9.447404884,611.1873531,81.35456038,-5.442574626,-8.078052248,6.780628304,4.593283857,9.847060684,141.9227386,4.004540879,0.976607909,139.6831716,30.07877627,90.43660812,1
Suriname,1999,0,100.9579424,70.57073497,18.54956781,6.476810303,56036.9062,7.935148244,-4.643893712,-4.018742008,7.894507614,7.76080192,-7.527324489,123.1664249,13.06639801,2.889102742,156.2221993,74.45351637,54.06852414,0
Suriname,2000,0,48.94789029,14.22679802,13.79576905,-6.010746263,30837.45362,34.28103917,-6.299026414,-3.50232848,16.96229261,11.00051405,-48.54783721,134.216883,0.36552139,0.009994883,108.3345804,72.19258912,24.93353061,0
Suriname,2001,0,59.93813421,60.96905921,10.81701879,-8.784614632,42133.69326,64.44062738,-9.115374826,-9.099046972,15.2701794,10.48192436,-7.321555934,46.40014627,8.358401434,1.643753366,86.8929371,17.2628049,56.91689032,1
Suriname,2002,0,91.03961042,78.69654208,17.23159418,-5.257038535,51380.7866,63.47164001,-3.546540927,-6.237449571,-8.467179183,10.79470799,6.937487797,61.49977869,5.757754428,-0.355984981,151.8474159,11.91798401,31.00873376,1
Suriname,2003,0,74.23514441,22.28527109,30.96322663,-1.47799692,28186.09043,85.33678515,2.160853298,0.488165234,-1.793470041,1.222812877,-36.16705441,60.97873175,9.058562933,-2.449970739,141.63368,78.35209381,71.79574508,0
Suriname,2004,0,40.82932813,30.58036762,31.48467185,4.611325409,50147.95218,9.728156972,3.549167633,2.017925071,9.890759527,10.17061751,34.97313367,34.19167696,5.402580747,-1.745596324,61.68682377,76.95325173,23.77052193,0
Suriname,2005,0,42.22173231,89.42455946,28.34168853,2.486710531,10903.90322,40.14367352,4.471841206,3.498983981,16.66149122,9.468994653,7.475899371,114.8453032,10.76531868,-0.38392955,150.001946,39.55999231,49.9197125,0
Suriname,2006,0,74.35882246,11.81095497,13.19098614,-5.247575649,9802.301808,5.208563882,-5.631699664,-8.370079362,-6.513399486,10.87796397,-43.03075066,37.70221605,0.304971645,5.786284056,123.2776899,13.53943269,26.62743188,0
Suriname,2007,0,118.4467872,77.7454424,25.5830186,0.065408962,39551.04072,35.90750109,4.115899857,6.54525606,-2.222342633,4.083127073,55.59682973,26.82619159,6.088341582,5.691049352,163.0053435,53.32128869,20.26931473,1
Suriname,2008,0,136.7354041,52.63959633,24.97413816,8.524282108,52247.53743,-3.413718213,-14.83709211,-14.74370844,15.97913082,10.98529872,59.39197508,120.8080931,12.468954,4.448970082,78.60763128,30.53870752,96.84457791,0
Suriname,2009,1,30.93659609,50.2094943,21.94931693,6.30015554,53577.8428,89.31867184,-3.073751557,-2.048166799,-5.660645074,5.130372478,75.17071645,137.6062121,3.753010767,-0.90744554,88.73246269,75.57060908,99.69018784,0
Suriname,2010,0,71.10350798,10.63868792,24.24926452,-3.536204303,38731.30537,50.33961967,4.847610003,2.250647025,-0.779480552,7.792146384,22.83108998,119.3360352,0.791263176,0.974419265,131.4969109,65.62633475,64.44023612,1
Suriname,2011,0,33.03192328,83.74584079,22.21267214,9.645291227,31671.70704,84.22923738,0.751118016,-1.924189177,16.18016565,5.378058399,95.2988196,127.2957877,7.447861118,0.958045546,122.2600292,55.47156489,39.116468,0
Suriname,2012,0,22.15702248,42.38424106,24.79097281,4.172408009,20084.16734,1.289993605,-3.148421896,-2.629615264,12.08972872,5.417956951,87.10962168,97.43081812,14.64800191,0.482759203,107.9548057,29.91526933,92.88792294,0
Suriname,2013,0,106.0234287,58.66890682,30.04270841,-8.751012887,58806.02481,18.8831016,1.116050165,3.439826228,-10.262763,6.786325716,32.70274377,135.4070239,0.962378423,-2.596077254,161.9049972,59.08880056,93.84292777,0
Suriname,2014,0,98.31842746,70.95706177,8.836986804,-9.296785734,19385.83249,22.2348995,7.673650079,7.844542084,-7.008197384,4.593157161,16.74278966,84.57145271,1.050847391,1.810746368,134.7127345,30.24177867,88.36071129,0
Suriname,2015,0,41.1924848,73.23666188,31.23690133,-6.63184102,44727.9106,35.60260694,-0.840454985,1.426460051,-5.881650902,9.616475434,-49.54483581,148.4819404,8.926748474,-2.344692071,156.5407781,12.63416889,63.54959877,1
Suriname,2016,0,50.3956683,96.03820529,9.756015254,4.557117361,32059.31345,79.3009691,4.994654787,6.860602425,16.50953894,7.786845457,56.64917976,33.44395556,3.751015693,4.217268126,72.98824435,45.59042113,25.97617287,1
Suriname,2017,0,23.08200797,57.82059579,7.331979944,-6.325221483,36628.18685,35.58857674,9.518568131,6.973690845,19.95734948,8.432191258,34.74317561,125.1934919,6.153468505,3.221764286,159.3482443,44.20791814,27.0751142,0
Suriname,2018,0,128.5431367,45.97475959,39.16278902,0.229735384,23790.78887,16.48862061,2.639205052,0.850949898,10.96017209,3.156900203,90.63162182,103.3806241,12.45760729,0.17463306,119.2292162,63.41041811,91.72958302,1
Suriname,2019,0,146.7097775,95.83332638,38.49471191,-8.134797596,57899.94059,1.823977336,-0.666855903,0.279408112,-0.6269479,11.65011582,39.13481879,95.48398887,2.982730263,2.82422744,55.06519035,70.59717176,90.0661478,0
Suriname,2020,0,37.60973978,67.78992115,7.115279073,8.417723157,34429.43487,3.346633577,-14.06285132,-14.40184303,-19.59304728,8.092025124,98.92841408,114.355369,10.78949905,-0.902666941,85.1737331,34.81279421,54.75177993,1
Suriname,2021,0,50.09177779,36.83353206,20.51387045,-3.120787728,56285.92154,74.80495663,-5.638052544,-6.893853662,7.899522264,2.767752442,78.07289078,129.237899,7.567282699,-0.612749415,53.86345876,41.46311071,46.25236956,0
Suriname,2022,0,132.8932381,21.38178209,11.51857284,8.162641131,753.2075456,41.70431406,-0.863931662,-1.352128526,-4.42555342,9.1306378,93.03969037,132.1749287,13.57436539,-0.172798348,118.5311783,42.92802938,71.52991361,1
Hungary,1980,0,140.4402937,85.82990513,21.9870714,8.897512838,34488.43382,71.24901781,4.930164293,4.60136217,5.319458809,2.497712187,-0.850584307,42.79952518,3.451559323,5.756658003,169.55174,32.81158324,84.55903586,0
Hungary,1981,0,74.55155976,42.59634425,34.0562035,-9.877427054,43116.05732,66.64014779,-4.047380259,-1.584066754,4.267758538,1.228926307,-27.59960078,45.61467087,12.05653175,1.364647071,81.60370203,79.12146919,78.53479536,0
Hungary,1982,0,26.58092139,69.44227492,38.27141212,-0.717296256,44781.28622,9.213058485,9.001456894,6.622206596,-0.766717737,6.566864056,69.53081707,22.10164624,7.198065902,2.261823532,134.4171841,70.79528819,69.24823504,1
Hungary,1983,0,25.12093838,52.37347774,27.19884287,-9.506878886,54327.11984,10.00323309,-8.205156184,-9.526771704,17.77549591,6.865525473,67.92956545,37.13951951,9.154529613,3.712582867,80.07006716,67.79696022,38.52088356,0
Hungary,1984,0,94.61348259,27.90368018,17.38669835,8.173855326,562.7760575,74.31091162,3.61417988,3.83956878,-19.07414619,2.673104109,-18.28265909,54.30472407,1.382301258,-0.131932723,92.75561376,45.07815843,41.00038954,1
Hungary,1985,0,71.07636416,64.15179478,26.1163948,0.368150895,319.7105078,70.73317082,-4.524214573,-3.334493013,8.485299379,4.506357859,64.71169812,113.7346569,3.07547375,-0.959336845,85.32219395,66.49612495,77.92539851,0
Hungary,1986,0,23.72481559,15.46147621,15.92004571,-8.501119746,28494.12861,34.69323052,-2.850287636,-2.066463902,-3.606405268,11.3763469,37.29600371,81.84977617,11.60036822,5.682166552,146.7507007,28.68087532,84.2095882,0
Hungary,1987,0,95.822811,47.20082139,36.84382743,-7.794465434,2048.834189,3.12933765,5.062550847,7.712407273,8.55161802,3.777537169,-33.57122826,118.5274596,3.358626618,0.893538521,129.0093417,49.24546275,29.29081505,1
Hungary,1988,0,21.46932976,59.19534457,35.46401621,-2.32981951,58479.59345,-3.729707722,-7.594618459,-5.82096491,7.008785902,2.289032699,25.26753964,83.24966022,1.387947413,-2.985682561,158.1948719,37.50426429,34.98376382,0
Hungary,1989,0,122.3583546,49.24422767,24.53811126,8.804683857,13557.29092,25.25647969,-12.57969859,-12.23723753,-19.5904799,11.91446252,89.67070013,92.22766888,8.958049234,4.539464687,82.9915156,21.99393381,74.43762097,0
Hungary,1990,0,59.83626695,77.38049577,16.36796204,3.858183031,28518.08434,-4.031661273,-1.993610385,-3.705514235,-8.586460193,3.976513668,25.96863182,34.43865626,8.219047742,2.396977452,51.37228036,15.0829402,51.118927,0
Hungary,1991,0,25.23354039,84.51324591,15.26863865,7.352377324,3949.916512,19.15762522,-1.780134705,-2.074889316,-12.43633918,8.322917241,68.30484843,120.952577,9.118408935,-1.482972936,152.0764351,49.07528681,65.06342938,0
Hungary,1992,0,96.48578873,79.41187666,6.169629815,-2.670867073,31466.29045,39.04757772,4.929194306,6.089487771,-13.32054588,3.162942087,-45.663502,118.5564492,9.274582445,-2.728742761,67.22809377,16.83473944,69.18519621,0
Hungary,1993,0,71.69897388,13.4931653,33.55372979,-9.135726009,22983.38067,7.748655358,9.207980156,11.2357532,9.139067365,6.826393765,59.21221193,59.98300692,7.502960188,-0.376658121,86.94578366,60.26021677,82.09627738,0
Hungary,1994,0,146.5940537,27.47158934,20.76341246,9.486352744,2966.203724,5.949164572,-13.61748284,-10.8590655,-10.41794604,4.942242846,92.02560792,62.71515011,7.406608809,5.350983859,95.85292287,74.50279351,84.45735606,0
Hungary,1995,0,90.74582613,58.29467583,16.37965249,-9.656540187,20306.91872,89.12593075,-0.207763156,0.42495344,-1.010495401,11.5581615,24.92916773,48.55858857,13.86248348,5.40142053,162.0203138,21.34742768,42.40769962,0
Hungary,1996,0,55.78109353,94.13398364,21.48886242,8.953033062,23668.73041,56.47435305,2.031963258,2.193479462,-10.12044019,5.477267557,0.656486954,125.7991579,8.008225873,-0.200968623,143.8837716,42.9657005,63.30373831,1
Hungary,1997,0,112.2270524,85.14610975,33.65582967,-2.626451523,59398.31303,93.11784711,9.645033769,6.751185307,3.209352937,7.218003118,46.99757573,117.1108843,9.259503036,4.523378935,77.63981548,61.71422151,29.88191509,0
Hungary,1998,0,55.29396033,85.82810575,9.36149727,-9.7981919,12710.78655,31.3117472,8.564755357,5.997349772,8.822950722,11.36481206,87.43918226,99.18920596,4.004540879,0.976607909,139.6831716,30.07877627,87.3612135,0
Hungary,1999,0,137.5516279,37.28873744,35.01795959,3.783144634,32823.34304,66.10021842,2.811269118,0.747899104,-6.757010452,11.87619445,-23.48455242,51.04687341,13.06639801,2.889102742,156.2221993,74.45351637,87.63583507,0
Hungary,2000,0,68.71385617,48.65031074,36.41280923,9.610806081,59242.73829,16.49262584,-1.955264719,-4.626705132,4.120833931,1.669071186,10.5541315,42.34093324,0.36552139,0.009994883,108.3345804,72.19258912,43.96045752,0
Hungary,2001,0,91.48291316,52.36353526,38.13477703,9.312514457,47583.54671,59.92573331,-10.96190194,-11.55672251,12.99419098,10.09468819,-26.55645785,26.53495065,8.358401434,1.643753366,86.8929371,17.2628049,32.84961659,0
Hungary,2002,0,26.5745035,24.1634425,18.91207973,-6.781259776,59604.0398,8.606501651,-5.39558612,-6.374314849,-16.23102859,4.894339683,24.49813483,25.92949263,5.757754428,-0.355984981,151.8474159,11.91798401,25.60734226,0
Hungary,2003,0,75.39576093,12.79613172,12.59991414,-6.375043879,58107.40939,-4.781532886,-0.371941874,0.452183074,8.426823962,7.340530121,31.06330195,44.32769818,9.058562933,-2.449970739,141.63368,78.35209381,65.99811535,1
Hungary,2004,0,128.2072602,95.22126095,18.07742865,1.310778292,29525.51066,92.81083915,3.130009915,3.344000562,-7.074202223,4.813052908,91.63054221,33.0692292,5.402580747,-1.745596324,61.68682377,76.95325173,27.31424803,1
Hungary,2005,0,124.7343447,31.66413271,16.65192337,2.746096529,41873.63824,53.2639095,0.884988937,1.460813493,-15.09400174,5.112836365,11.87727307,92.29399748,10.76531868,-0.38392955,150.001946,39.55999231,74.44758757,0
Hungary,2006,0,49.16141265,31.59540134,11.16538694,4.788358273,6893.454678,92.32876959,2.853070046,2.684933263,1.826168305,2.326861664,35.04349203,66.55171661,0.304971645,5.786284056,123.2776899,13.53943269,74.25011208,0
Hungary,2007,0,49.39027923,17.50411484,26.25433345,-6.378992791,26636.58486,30.05230999,-4.271187386,-5.604764495,-10.94950723,7.086814272,82.78938611,77.84295168,6.088341582,5.691049352,163.0053435,53.32128869,69.11899257,0
Hungary,2008,0,126.2496906,93.56569767,21.68184562,9.180141735,48598.40697,29.41753726,3.190682264,5.907634154,12.85447171,6.787233378,-1.789249974,97.22873387,12.468954,4.448970082,78.60763128,30.53870752,90.12484015,0
Hungary,2009,0,140.9517946,62.17634034,35.29953473,2.774785126,30468.51866,37.06877519,-11.4064686,-13.88801364,-18.28416362,2.677591568,51.12458035,105.6832269,3.753010767,-0.90744554,88.73246269,75.57060908,50.26245542,1
Hungary,2010,0,32.39691977,70.03331714,6.123835317,6.940938377,42251.13226,69.13430332,-10.93534221,-8.301996209,-16.05388415,6.729899937,63.57427732,104.2662236,0.791263176,0.974419265,131.4969109,65.62633475,92.18156661,0
Hungary,2011,0,78.50762313,92.04191985,27.53537746,0.801314306,44821.3544,54.40990659,-10.92919635,-12.06176807,0.839845039,11.69067165,-0.420764797,53.91135629,7.447861118,0.958045546,122.2600292,55.47156489,22.95402951,0
Hungary,2012,0,63.86905627,41.1058152,31.70321075,-1.714463048,15432.10773,92.16226525,7.271623926,7.347592598,3.557671363,8.715698852,-25.34882217,125.2515126,14.64800191,0.482759203,107.9548057,29.91526933,29.02055903,0
Hungary,2013,0,133.1894992,65.935658,31.58202992,9.543658132,52579.25256,-2.328705381,-13.09914842,-15.44609448,9.195466581,6.031299435,25.43643129,139.3022571,0.962378423,-2.596077254,161.9049972,59.08880056,52.976445,0
Hungary,2014,0,30.85823891,13.49195093,36.01258885,1.642427416,27751.39913,69.36057349,5.037709318,2.463295729,-9.62957087,11.03496583,3.52025952,61.07198514,1.050847391,1.810746368,134.7127345,30.24177867,67.5194415,0
Hungary,2015,0,47.44637253,26.80952754,30.516181,7.337471656,12848.05069,29.68440738,-9.160727549,-9.583454857,13.67041633,7.1161151,-10.03063523,22.21850415,8.926748474,-2.344692071,156.5407781,12.63416889,22.59005093,0
Hungary,2016,0,117.8208839,84.81212246,37.47335216,9.065847927,51965.32814,13.92453344,-3.289251488,-1.839067229,18.12569359,2.053051985,96.0131966,136.8900443,3.751015693,4.217268126,72.98824435,45.59042113,65.39475771,0
Hungary,2017,0,26.66820037,79.00915207,16.64298099,3.50709254,25243.78272,48.59154036,7.898914887,6.515103552,-0.038427856,6.79636095,25.32295281,140.0613353,6.153468505,3.221764286,159.3482443,44.20791814,44.59186532,0
Hungary,2018,0,84.02959949,41.55784223,22.61232959,0.97877357,45093.65257,48.03169734,-0.351569258,0.022518076,10.4212546,2.581190827,78.47165408,26.62303725,12.45760729,0.17463306,119.2292162,63.41041811,90.97174462,1
Hungary,2019,0,77.47391451,43.9129565,5.492788215,-9.929782982,33017.57441,9.386158012,-9.747057844,-11.0751558,0.993934182,9.326305646,-20.70238842,20.64435694,2.982730263,2.82422744,55.06519035,70.59717176,62.66276733,0
Hungary,2020,0,63.47215327,58.01989902,5.243515556,-9.199607185,23097.74361,16.19908589,-7.897748492,-8.566070127,-17.22131882,11.62250346,90.91641473,126.1326218,10.78949905,-0.902666941,85.1737331,34.81279421,67.03151266,0
Hungary,2021,0,71.29440099,10.02169042,13.40443172,-5.982975679,48649.62198,37.85728981,8.011165597,10.44984351,-6.955539486,4.649413722,69.16471519,59.19023608,7.567282699,-0.612749415,53.86345876,41.46311071,95.64974489,0
Hungary,2022,0,88.8922763,31.71199024,8.5282519,-6.279831363,35192.85492,37.9251983,-4.321401872,-2.186364119,-16.50053241,5.501555621,71.30382343,138.8956817,13.57436539,-0.172798348,118.5311783,42.92802938,81.13368213,0
Bosnia,1980,0,40.97775659,28.74086277,14.10739788,-4.904824096,23616.55751,28.34360466,-0.325362925,-0.229257664,19.55516477,5.347209369,8.464731279,48.17666453,3.451559323,5.756658003,169.55174,32.81158324,55.06186129,0
Bosnia,1981,0,94.35946418,32.54346521,11.19651531,-3.901307246,6842.992859,10.59724091,-3.501695084,-5.07306132,-10.83896352,3.780949722,22.84554896,131.9501001,12.05653175,1.364647071,81.60370203,79.12146919,58.1503692,1
Bosnia,1982,0,124.7062028,82.53152583,5.998200869,-2.798690129,53758.08523,-4.540763694,-5.539047799,-7.379944322,5.436016777,9.633069596,39.00314888,28.92375506,7.198065902,2.261823532,134.4171841,70.79528819,71.83390948,0
Bosnia,1983,0,118.8209209,35.17064709,36.82564512,-1.589246199,2417.534245,96.87468155,-9.418021827,-6.693497708,-8.626195922,7.603875827,68.46483043,53.88279015,9.154529613,3.712582867,80.07006716,67.79696022,36.01593733,1
Bosnia,1984,0,40.00698761,27.23691898,5.287809599,-8.022673231,51832.2847,94.06741912,2.154787512,0.371087091,6.129848614,1.236592904,77.35851281,146.5067543,1.382301258,-0.131932723,92.75561376,45.07815843,27.09206724,0
Bosnia,1985,0,39.40243107,55.38371147,30.76287505,-9.152761361,21789.70304,45.78328981,2.956050657,4.805060522,-11.58393237,10.14627285,-38.2932036,50.05556506,3.07547375,-0.959336845,85.32219395,66.49612495,44.89892128,0
Bosnia,1986,0,54.86266781,87.90805327,10.32517604,3.478888981,38468.52418,99.48043409,-8.12787271,-8.914051453,11.41080264,2.651514658,85.60935813,37.29168793,11.60036822,5.682166552,146.7507007,28.68087532,82.27062383,0
Bosnia,1987,0,66.93971442,31.72147335,36.92803677,0.746696497,55355.32351,65.73370473,4.725271076,7.639230162,-15.56753589,11.76023836,90.62449788,131.4171048,3.358626618,0.893538521,129.0093417,49.24546275,40.5859039,0
Bosnia,1988,0,73.09922558,17.06826185,36.24785789,-1.117115956,9356.884946,2.230041449,6.363380008,5.57231445,15.806016,4.831626099,38.93311065,35.31410293,1.387947413,-2.985682561,158.1948719,37.50426429,30.46073603,0
Bosnia,1989,1,108.3606382,42.07642623,27.88654012,2.688798823,34146.9434,7.360410904,8.016877406,7.125977155,13.6168677,7.589170942,-21.98740801,32.66929412,8.958049234,4.539464687,82.9915156,21.99393381,37.52180788,0
Bosnia,1990,0,27.36845618,77.28866421,28.52819524,6.553588144,45936.64188,91.19163861,-10.96968965,-10.14490788,7.152293746,1.394971617,72.76222491,62.04526744,8.219047742,2.396977452,51.37228036,15.0829402,74.31783296,0
Bosnia,1991,0,24.50745155,59.56214902,5.186869969,-1.446141818,45527.75481,61.15548123,-7.40190791,-4.63280707,-17.30341491,4.463627659,32.28814218,102.5927059,9.118408935,-1.482972936,152.0764351,49.07528681,69.11584454,0
Bosnia,1992,0,70.94837318,83.51140326,39.47050481,2.822389301,31680.2253,83.5342808,6.508833688,9.366091322,-11.65723887,9.72707051,72.57946806,112.3970286,9.274582445,-2.728742761,67.22809377,16.83473944,75.06519978,0
Bosnia,1993,0,110.63128,96.36329328,35.72414113,9.071444477,37596.94576,89.31831321,-10.03649493,-8.793258051,14.37446383,5.987897657,72.22121899,134.5610419,7.502960188,-0.376658121,86.94578366,60.26021677,45.75664981,0
Bosnia,1994,0,45.14659458,81.33962291,36.3287179,6.792489917,45524.36155,42.03391118,-14.91328852,-13.38565033,-15.12102263,10.90294006,-36.99060265,90.31849837,7.406608809,5.350983859,95.85292287,74.50279351,92.06849015,1
Bosnia,1995,0,103.3955826,64.3422771,28.0735588,-1.47998379,50509.34997,0.095224916,6.770682756,7.151095812,-13.76271615,7.114092072,41.05321426,71.14431228,13.86248348,5.40142053,162.0203138,21.34742768,56.14162859,1
Bosnia,1996,0,53.77765793,54.40074292,17.0675425,2.894336756,45780.24188,14.76943663,-6.838763956,-5.304109521,1.76013295,11.17858025,22.47164489,66.64838904,8.008225873,-0.200968623,143.8837716,42.9657005,61.09704255,0
Bosnia,1997,0,135.1911941,13.60621777,36.27770272,-6.458581562,21434.09511,1.990054467,-4.637561872,-2.478883942,-9.032902413,11.80001393,91.9179205,130.0973547,9.259503036,4.523378935,77.63981548,61.71422151,95.90463808,1
Bosnia,1998,0,136.4396928,98.58897809,15.20309249,1.210443698,59804.56614,14.8176838,-3.841649357,-3.925077538,-11.116972,5.719787434,-5.503806211,114.0959902,4.004540879,0.976607909,139.6831716,30.07877627,98.34218144,0
Bosnia,1999,0,58.64733656,44.51330103,24.69490402,9.626565823,26239.81082,38.10595728,6.206865017,6.926038594,3.032537274,6.999300585,-19.09998407,137.7057718,13.06639801,2.889102742,156.2221993,74.45351637,72.92341807,0
Bosnia,2000,0,49.89918802,23.70053925,8.490584032,0.366302304,1760.542755,7.410665104,-6.552696385,-6.328796214,-5.096932942,10.1015874,84.5630284,145.3246092,0.36552139,0.009994883,108.3345804,72.19258912,95.58505541,0
Bosnia,2001,0,73.46951637,70.00379699,37.26844705,8.552765984,21948.23201,12.50699102,7.306997146,7.681820828,-14.37760413,3.047629564,-27.69266466,59.00660869,8.358401434,1.643753366,86.8929371,17.2628049,63.32059091,0
Bosnia,2002,1,51.26910607,35.58594602,9.926966022,-1.85330159,7928.642388,41.81128712,0.423478451,2.76376591,1.394150702,10.4087401,52.97791881,88.85763543,5.757754428,-0.355984981,151.8474159,11.91798401,44.58263565,0
Bosnia,2003,0,107.4098996,62.72004438,12.8713882,9.976896544,7550.124159,30.71794979,-1.817831899,-2.684130918,-4.519503869,7.307081614,-4.997027924,102.136705,9.058562933,-2.449970739,141.63368,78.35209381,45.20742848,0
Bosnia,2004,0,127.388409,62.80911171,24.53469553,1.584400705,17107.64189,44.10410304,-6.859637322,-8.610533168,9.380670971,8.843251557,35.17686332,41.30036308,5.402580747,-1.745596324,61.68682377,76.95325173,64.71524719,0
Bosnia,2005,0,107.501977,50.11568388,31.74325501,-9.154620115,3486.517002,40.06306291,-8.907207593,-9.169526931,-15.88978231,1.418321261,42.43291493,26.93511441,10.76531868,-0.38392955,150.001946,39.55999231,68.40288965,0
Bosnia,2006,0,127.1655581,85.2506754,26.67729571,1.735095934,41404.17765,62.67019273,0.601461069,-1.150027788,4.824529758,9.31115836,12.60539229,132.8093088,0.304971645,5.786284056,123.2776899,13.53943269,55.16936559,0
Bosnia,2007,0,71.60898109,33.84703554,13.12468695,-4.508546086,4717.136387,93.40490263,-3.827645999,-3.837243445,-2.540266922,4.074049403,96.24474704,89.6180564,6.088341582,5.691049352,163.0053435,53.32128869,90.70171868,1
Bosnia,2008,0,40.32120619,50.37693325,5.033006488,-9.350373559,12436.38646,6.325755537,7.762900248,10.18394888,-3.757524998,9.760171184,-30.22502479,94.20064813,12.468954,4.448970082,78.60763128,30.53870752,54.1356895,0
Bosnia,2009,0,115.9336232,58.39229157,31.50027031,6.417066094,5846.112955,5.422315677,-2.709032097,-2.004430974,-10.70849248,6.35525419,8.709863356,92.13886491,3.753010767,-0.90744554,88.73246269,75.57060908,41.87389176,1
Bosnia,2010,0,66.86168567,69.72622487,39.48225641,-4.48540726,4071.113535,84.54464166,-2.205127082,-0.072529963,-18.78295887,3.65806485,14.55929903,118.1448916,0.791263176,0.974419265,131.4969109,65.62633475,20.63855027,0
Bosnia,2011,0,107.2652073,80.55746655,33.34695921,5.930971081,16284.77443,48.17165399,-4.581917972,-6.584772454,13.90756777,11.45673652,44.65704235,38.91525281,7.447861118,0.958045546,122.2600292,55.47156489,97.64554225,0
Bosnia,2012,0,55.18371246,45.53265546,21.10723164,-4.235648341,34442.36837,75.47252747,4.731574925,7.13681648,-6.943596559,9.298217574,11.08896373,99.8262973,14.64800191,0.482759203,107.9548057,29.91526933,85.94506265,0
Bosnia,2013,0,30.55985252,68.14422497,36.63185415,-6.113472923,57891.72772,17.61929988,-4.379020047,-3.768297061,7.243641589,11.83538985,-35.44459829,81.03233651,0.962378423,-2.596077254,161.9049972,59.08880056,69.24476677,0
Bosnia,2014,1,149.0356334,23.55498578,19.34466856,9.478711482,52570.73226,82.03057018,-8.266450006,-11.07589127,17.90349599,4.691403832,92.11449973,136.6045607,1.050847391,1.810746368,134.7127345,30.24177867,86.44338031,0
Bosnia,2015,0,40.30619603,93.93832905,23.37269295,-2.767093445,52593.25535,92.00389554,6.550771857,7.349485589,2.599611923,7.966025786,12.41186225,87.55072193,8.926748474,-2.344692071,156.5407781,12.63416889,84.82313842,0
Bosnia,2016,0,148.4947292,44.47529258,21.69954186,2.027524229,10811.20205,61.72571663,-0.079294466,2.629087272,-4.114123899,7.533269795,1.401059083,142.5815466,3.751015693,4.217268126,72.98824435,45.59042113,94.54806242,0
Bosnia,2017,0,147.0463912,75.65692798,20.66683554,2.199629856,16114.95945,6.117297255,-0.212244506,-2.737242503,-9.269057346,8.406902522,17.00831863,65.92288924,6.153468505,3.221764286,159.3482443,44.20791814,50.88541467,0
Bosnia,2018,0,123.1963535,11.83069737,32.13167693,1.209469643,4860.681013,89.00595549,0.270555179,0.765291962,17.36175171,0.940640509,-17.51064768,145.6963118,12.45760729,0.17463306,119.2292162,63.41041811,64.38817937,0
Bosnia,2019,0,105.7249851,28.46684286,23.43691175,8.29391487,46774.55989,78.21121137,2.970993705,5.463865322,7.283072722,3.854772225,-34.9667473,133.7705333,2.982730263,2.82422744,55.06519035,70.59717176,27.8902419,0
Bosnia,2020,0,95.11491653,53.83742899,16.08509927,3.488821427,4468.033199,73.84216653,-7.173300267,-10.11512926,6.61125573,10.9573821,-27.71322813,95.95422767,10.78949905,-0.902666941,85.1737331,34.81279421,97.22523406,0
Bosnia,2021,0,132.5932009,89.0427221,14.03553587,-1.925339918,33534.73155,-1.143540165,-14.15389073,-13.36841317,-2.953666994,5.373930631,-25.00177595,65.98229133,7.567282699,-0.612749415,53.86345876,41.46311071,98.81016554,0
Bosnia,2022,0,57.62713781,57.4529635,6.321156094,7.24760769,15098.17167,78.89106515,5.264829022,5.114242773,13.80194851,11.54740231,-20.34898427,68.87003647,13.57436539,-0.172798348,118.5311783,42.92802938,83.12673983,0
Ecuador,1980,0,80.79855762,93.68834341,25.41183067,-6.378742018,14833.70435,9.484856099,-11.77737365,-12.69543774,8.54688748,2.955286485,12.99403183,120.4577712,3.451559323,5.756658003,169.55174,32.81158324,56.32967865,0
Ecuador,1981,0,100.520696,53.54172069,13.04864954,0.884735152,59446.2858,18.3505485,3.04549343,3.81071237,-8.672669129,11.9703757,43.58489036,95.48207565,12.05653175,1.364647071,81.60370203,79.12146919,59.72534007,0
Ecuador,1982,0,73.45476186,54.14041871,10.18468727,9.011007439,45479.75448,55.59915766,-12.94211754,-15.62590498,3.983146401,8.522180453,44.3331757,72.20638611,7.198065902,2.261823532,134.4171841,70.79528819,54.82935464,0
Ecuador,1983,0,75.57323903,20.77721097,27.88404873,2.507952598,50265.27969,22.82298116,-5.617303949,-4.098925672,-2.792241816,9.428524377,-49.98536457,102.687145,9.154529613,3.712582867,80.07006716,67.79696022,43.46485092,0
Ecuador,1984,0,62.93700678,82.23906197,28.84232402,6.339369009,34447.36632,64.44156166,-13.42434825,-16.39747139,-19.73639349,5.06390348,88.14365003,115.3203417,1.382301258,-0.131932723,92.75561376,45.07815843,62.22331244,0
Ecuador,1985,0,93.35013617,32.22688712,31.32542123,3.071214511,52299.55296,58.84739701,-1.944658009,-3.103043547,12.30493726,10.93059339,73.42707708,22.97706663,3.07547375,-0.959336845,85.32219395,66.49612495,24.27560556,0
Ecuador,1986,0,130.5746886,90.96512404,22.62519137,6.787417271,38835.78519,6.355707791,1.32839432,1.352146146,-15.08678604,6.772823361,94.59070592,31.68216415,11.60036822,5.682166552,146.7507007,28.68087532,99.35096495,0
Ecuador,1987,0,46.19868914,91.97417983,36.29191118,8.889757597,56786.57018,63.88153086,-10.71417147,-11.45203797,0.39818024,8.330791373,3.99795171,32.28310725,3.358626618,0.893538521,129.0093417,49.24546275,53.92401081,0
Ecuador,1988,0,141.476295,94.89791007,37.77199637,-4.541565449,17095.91359,92.01526553,-5.709309539,-6.864453928,-6.550952277,1.59029512,49.7198915,50.15139468,1.387947413,-2.985682561,158.1948719,37.50426429,94.18932672,0
Ecuador,1989,0,109.581395,56.82074402,33.25798289,-6.606778375,35840.57688,11.91654004,8.255987276,10.24099815,-6.316438352,7.76432806,-24.79688761,75.5087571,8.958049234,4.539464687,82.9915156,21.99393381,77.94171685,1
Ecuador,1990,0,127.0255176,70.93844063,27.24577187,-0.320184993,41500.84147,57.6915122,-3.940272072,-1.331276627,-0.905404663,10.60940837,72.55495408,124.4744869,8.219047742,2.396977452,51.37228036,15.0829402,43.19543335,1
Ecuador,1991,0,92.30479004,80.06642921,15.63023338,4.037248536,23758.35711,30.89586405,5.063589224,7.305865334,19.88092416,2.550257124,-25.79484156,65.64287455,9.118408935,-1.482972936,152.0764351,49.07528681,37.76420945,0
Ecuador,1992,0,121.3371712,21.79131568,39.40307226,-5.456174936,52818.56655,43.25922554,8.179618627,8.314206505,-3.664812775,8.983848248,-1.102144879,22.27211249,9.274582445,-2.728742761,67.22809377,16.83473944,99.6540347,0
Ecuador,1993,0,22.10605165,64.08614755,14.59476585,-9.917970991,58794.24884,25.1350188,9.358645624,11.66363068,-12.70683081,0.792108728,23.62522839,82.83704088,7.502960188,-0.376658121,86.94578366,60.26021677,81.7701084,0
Ecuador,1994,0,126.3894552,13.08681112,12.09299227,-3.141297683,29778.03863,32.18371682,7.458050492,9.983219883,4.544253522,11.15133469,39.17975033,149.5617174,7.406608809,5.350983859,95.85292287,74.50279351,39.97291793,0
Ecuador,1995,0,25.21805168,54.7809475,20.47539398,9.377186709,23621.24709,-1.964258557,-7.064866771,-7.609436389,-10.54849168,11.80354683,33.94495364,65.37272944,13.86248348,5.40142053,162.0203138,21.34742768,25.39560385,0
Ecuador,1996,0,135.6887389,23.93584135,6.989419975,3.899349212,28474.69433,98.06293248,9.064322154,7.764997311,-15.77803453,4.573070768,-34.68559824,144.9630874,8.008225873,-0.200968623,143.8837716,42.9657005,75.75332362,1
Ecuador,1997,0,148.9551571,26.46306334,39.24730626,-1.973491121,51208.38372,60.60399182,5.309881044,2.899472279,-17.99303312,1.731349272,13.25140043,33.17486705,9.259503036,4.523378935,77.63981548,61.71422151,44.24131654,0
Ecuador,1998,0,58.22877008,42.854281,25.59517447,-6.148478053,38834.465,47.574087,5.929389591,5.803941117,-19.08474904,8.073628234,88.43638963,42.50295553,4.004540879,0.976607909,139.6831716,30.07877627,37.70646501,0
Ecuador,1999,0,47.34141232,48.919345,24.49332321,-2.878206525,2972.910639,35.2901117,-14.6206754,-11.94289387,-2.753414068,0.843096913,80.85527916,114.1358691,13.06639801,2.889102742,156.2221993,74.45351637,78.79499321,0
Ecuador,2000,0,119.4972373,66.08551821,27.9528698,-6.603211334,32667.54365,51.63432868,8.855971583,9.221416751,-2.930968805,6.048592235,38.61752849,85.15761837,0.36552139,0.009994883,108.3345804,72.19258912,74.34090581,0
Ecuador,2001,0,52.89342432,16.69855766,22.39582767,-7.873883574,1332.817328,34.91112987,4.452255596,5.457628207,-12.578184,3.625460514,35.84868632,119.4658345,8.358401434,1.643753366,86.8929371,17.2628049,58.51301398,0
Ecuador,2002,1,132.5231098,55.33225851,6.122223098,8.134847451,46778.56165,32.79033239,4.199187413,1.876490324,11.36076215,5.94339912,-33.2487226,132.2625849,5.757754428,-0.355984981,151.8474159,11.91798401,95.41247462,1
Ecuador,2003,0,33.36953698,26.43626172,26.43089511,9.953006768,19900.24273,43.71438688,-12.96188173,-15.10076374,-14.82917488,0.710168419,-19.96108215,52.64103389,9.058562933,-2.449970739,141.63368,78.35209381,74.37106928,0
Ecuador,2004,0,36.37417553,61.65776575,30.06608569,-6.717711208,28478.84668,23.97821854,-9.185786473,-9.398946901,16.61268771,1.093540105,-12.10403861,108.7677922,5.402580747,-1.745596324,61.68682377,76.95325173,91.47356485,1
Ecuador,2005,0,147.2897022,67.3664151,19.58621712,-8.909548822,47981.08292,13.9052395,9.056541628,11.76413042,3.503039106,0.683722032,23.22935928,98.98816076,10.76531868,-0.38392955,150.001946,39.55999231,35.24423539,0
Ecuador,2006,0,107.5990568,60.10383309,31.50534502,-3.405377857,3072.994392,53.44361931,-2.48307313,-3.31836528,-18.89534496,7.620016506,59.70340721,131.9995538,0.304971645,5.786284056,123.2776899,13.53943269,43.73167281,0
Ecuador,2007,0,130.0953392,76.44659594,12.94504548,-0.766816385,9764.929675,83.4903708,-5.053549544,-2.788645296,18.51890503,6.941068553,19.10880334,75.91350708,6.088341582,5.691049352,163.0053435,53.32128869,28.3616107,0
Ecuador,2008,0,62.16281906,40.20483198,12.74468069,-5.903575058,24058.23447,11.04695866,5.998520429,3.720251989,-7.682349618,3.181316983,-31.09084372,26.74315599,12.468954,4.448970082,78.60763128,30.53870752,44.36639983,0
Ecuador,2009,1,107.9428874,78.85959325,10.64959457,-3.971501764,14026.53226,-1.562894237,-12.81648965,-12.11438641,-2.001001617,7.936395982,15.90233155,94.64419655,3.753010767,-0.90744554,88.73246269,75.57060908,97.74226634,0
Ecuador,2010,0,97.25143755,48.94903735,18.01981659,-5.982585286,20472.71512,20.91523324,-4.576449593,-3.972771732,-8.62925228,10.66838345,-25.60501194,144.6541815,0.791263176,0.974419265,131.4969109,65.62633475,97.02849969,0
Ecuador,2011,0,98.40951562,53.57660485,34.64542124,5.485211369,59891.03185,97.87066756,-5.607480639,-3.448232139,9.136851921,3.689204162,62.67210275,21.90205334,7.447861118,0.958045546,122.2600292,55.47156489,80.83090836,0
Ecuador,2012,0,108.7292197,68.32919145,33.97692218,4.251558865,49577.24192,82.01959774,-6.253715324,-9.233815098,-0.572791171,10.06792879,-25.02487094,51.23353849,14.64800191,0.482759203,107.9548057,29.91526933,61.68386102,0
Ecuador,2013,0,94.79669251,11.65225456,18.39884728,2.699030315,53068.93835,57.56593562,-7.307693909,-9.168103905,-14.70508162,8.118855064,22.38009843,61.0888127,0.962378423,-2.596077254,161.9049972,59.08880056,82.4623839,0
Ecuador,2014,0,75.77810801,68.85947993,25.61915576,-2.255642858,56242.16162,92.5711361,-9.74812608,-11.43000033,-15.83184191,0.888935096,54.0120404,119.5590554,1.050847391,1.810746368,134.7127345,30.24177867,64.2789561,0
Ecuador,2015,0,55.86995027,65.67266342,30.22857108,8.180818826,20653.87205,41.75430727,-10.67722993,-7.977433397,9.015016533,4.814223802,-15.77029041,62.02599992,8.926748474,-2.344692071,156.5407781,12.63416889,20.28068037,0
Ecuador,2016,0,119.915573,37.88624051,13.44223711,9.390650831,18035.49438,98.24446327,1.010152923,-1.067685139,-10.5167438,6.339207982,-38.59548385,51.08090222,3.751015693,4.217268126,72.98824435,45.59042113,60.12376592,0
Ecuador,2017,0,49.4154159,17.72148564,10.88493801,-6.527213747,14273.53081,26.11171474,7.98487103,5.206645132,-14.48826501,8.914540684,34.49492141,104.3125419,6.153468505,3.221764286,159.3482443,44.20791814,67.91387568,0
Ecuador,2018,0,110.0060598,18.18419049,39.02335976,-5.539747172,49857.97961,20.2321037,-2.278708869,-2.0719399,-0.02289612,3.80200142,-41.86960047,26.03268756,12.45760729,0.17463306,119.2292162,63.41041811,41.2598686,0
Ecuador,2019,0,50.33326694,93.09013723,26.61450596,0.51262056,40869.24618,61.99506112,-7.550636191,-7.379285417,12.1106115,11.80139621,38.16529645,42.17759179,2.982730263,2.82422744,55.06519035,70.59717176,36.26348514,0
Ecuador,2020,0,101.2929221,72.03513891,39.34955026,-8.174988614,14399.46735,34.70616663,-11.02099506,-8.956713265,-8.848690165,8.372207016,63.02478064,73.04392973,10.78949905,-0.902666941,85.1737331,34.81279421,41.90472758,0
Ecuador,2021,0,117.1201747,21.43923524,16.82145955,-1.271032024,22806.5316,60.76838191,5.753584126,8.446742027,-8.942735532,4.787357287,-0.602601249,66.2279951,7.567282699,-0.612749415,53.86345876,41.46311071,69.89021996,0
Ecuador,2022,1,48.43280556,42.10508524,29.6061095,1.635825296,30550.69231,27.02452942,9.287301412,9.518574065,13.35525041,1.615787949,23.25241136,65.13155649,13.57436539,-0.172798348,118.5311783,42.92802938,31.68512919,0
Grenada,1980,0,27.79262911,63.32346945,12.79112728,0.441471423,31829.96142,59.88141697,-6.271114963,-3.691149869,-14.08664822,2.585729243,89.31427573,34.11215171,3.451559323,5.756658003,169.55174,32.81158324,77.62626411,0
Grenada,1981,0,37.02658659,85.20145346,14.14200599,-3.381828338,53357.04539,23.95335736,-7.726239361,-6.375284453,4.669103671,6.107489241,20.66632963,66.90920253,12.05653175,1.364647071,81.60370203,79.12146919,53.81398568,0
Grenada,1982,0,98.77960575,13.92948358,22.91657424,0.848916122,23019.79814,0.352067226,0.037323824,-1.375321408,18.20053932,6.188996582,99.48310921,123.7390604,7.198065902,2.261823532,134.4171841,70.79528819,48.26782874,0
Grenada,1983,0,130.4280328,31.29698183,16.18663439,9.176019085,54538.88462,90.7742697,4.383224524,6.953748789,13.65212598,9.328765795,-26.4496383,73.79974623,9.154529613,3.712582867,80.07006716,67.79696022,84.57850333,1
Grenada,1984,0,25.84958676,90.07740913,10.86675473,-5.879651914,26649.64335,87.7365462,-3.614929911,-2.610270854,-17.52739065,8.851031194,56.34008537,96.20225403,1.382301258,-0.131932723,92.75561376,45.07815843,60.48505995,0
Grenada,1985,0,115.4396637,10.82489952,14.20082457,3.096627168,44858.44869,96.93380567,0.751828747,0.236404343,-7.203564938,2.814639943,47.89278973,41.26532321,3.07547375,-0.959336845,85.32219395,66.49612495,50.2720449,1
Grenada,1986,0,64.37142397,28.12591925,6.251193806,-9.132066117,55836.1829,70.2353535,2.913726701,3.995179208,-14.30502138,7.342001136,80.84572203,29.06247725,11.60036822,5.682166552,146.7507007,28.68087532,90.25237724,0
Grenada,1987,0,82.20868809,96.31217584,29.65482675,-8.67167191,54482.26953,66.68572366,9.014807196,8.422684163,17.96962551,0.737150709,-36.1335182,134.3942855,3.358626618,0.893538521,129.0093417,49.24546275,49.46013058,0
Grenada,1988,0,140.7517415,65.20616619,22.224083,1.036564484,3700.086178,53.69532236,-10.87406674,-13.18896413,19.43766265,5.083295093,-7.969011275,63.0784375,1.387947413,-2.985682561,158.1948719,37.50426429,88.72002264,0
Grenada,1989,0,63.15629562,33.550423,8.298507324,-7.901216393,12580.54641,8.223953717,9.934562346,11.24843483,-10.60027918,9.287210267,-30.17311614,65.5438403,8.958049234,4.539464687,82.9915156,21.99393381,60.33589588,0
Grenada,1990,0,80.49380141,16.0291985,11.00928976,-9.553064231,28771.2539,14.86970765,-5.196083619,-3.251557946,6.787961793,5.094348823,89.96426834,134.0994204,8.219047742,2.396977452,51.37228036,15.0829402,36.6405678,0
Grenada,1991,0,21.77871392,12.53722064,8.588708834,-6.569740047,26063.79111,25.39431731,3.080003568,4.452840762,13.66526928,10.10935676,13.9952987,112.0102754,9.118408935,-1.482972936,152.0764351,49.07528681,69.02545505,0
Grenada,1992,0,30.6078336,32.02705717,26.44074829,1.29698342,38561.23239,88.46641807,-0.689640551,-2.314952544,-10.65278862,11.72578584,86.50987683,118.3141524,9.274582445,-2.728742761,67.22809377,16.83473944,42.8258821,0
Grenada,1993,1,53.61690685,89.33372376,8.297362726,4.06681909,56699.13033,13.16180008,-2.833284575,-0.093474494,-12.49277463,7.482944931,-5.838950846,108.6604529,7.502960188,-0.376658121,86.94578366,60.26021677,31.77241057,0
Grenada,1994,0,23.62079131,47.43222889,31.39988166,-5.950428717,7010.561263,91.90168332,2.451884218,-0.396588412,-19.55155907,2.167546878,-31.0447848,33.75299182,7.406608809,5.350983859,95.85292287,74.50279351,26.92234971,0
Grenada,1995,0,102.0787924,74.83000322,5.717882176,3.365188744,27275.96231,49.89250197,-5.106153744,-6.11004196,-3.521501722,4.866287891,-5.519409052,144.5394567,13.86248348,5.40142053,162.0203138,21.34742768,39.33578686,1
Grenada,1996,0,75.43178638,92.64565318,13.72815258,-6.350473378,11786.93896,70.13481172,-11.84725047,-13.28669586,15.9774985,0.609058583,39.5761539,138.1877173,8.008225873,-0.200968623,143.8837716,42.9657005,78.92437136,1
Grenada,1997,0,91.25887635,46.72364154,36.17333366,2.269148533,53678.22362,6.575671101,-2.777665422,-5.488908056,16.11918596,7.431348124,76.78488877,50.70861649,9.259503036,4.523378935,77.63981548,61.71422151,87.03993779,0
Grenada,1998,0,42.70413417,27.21496339,30.14859613,-1.760806402,57885.43709,23.24852262,-1.952103233,-2.517725075,-14.8902749,9.948037761,7.808603984,124.5192448,4.004540879,0.976607909,139.6831716,30.07877627,88.93766768,0
Grenada,1999,0,58.47116383,56.54061378,7.553891652,3.075990187,28878.49041,95.64445386,-9.952446165,-9.213757124,-11.82590078,7.744310908,87.22129889,73.22153609,13.06639801,2.889102742,156.2221993,74.45351637,41.6118619,0
Grenada,2000,0,106.2971817,91.72753184,33.73941366,9.90105505,6509.414774,22.94574443,8.390483908,10.68580109,-3.678106763,9.539991636,-13.36519105,108.8897058,0.36552139,0.009994883,108.3345804,72.19258912,72.87783464,0
Grenada,2001,0,145.4893541,82.39369727,22.25622925,8.756339305,47182.0916,26.13478064,-9.313108834,-6.374970537,11.22498181,9.698895164,54.0311031,41.52838998,8.358401434,1.643753366,86.8929371,17.2628049,38.42832479,0
Grenada,2002,0,26.55418057,15.9246859,34.63740595,-9.914364843,41919.33862,15.74772541,-4.769310148,-2.920772629,4.474059341,10.28664463,60.35700257,90.01205259,5.757754428,-0.355984981,151.8474159,11.91798401,69.82096912,0
Grenada,2003,0,135.7499617,72.33155201,26.02589211,7.708775287,21473.84835,8.552734857,-11.12675783,-11.31467472,0.553989741,3.566633504,-8.9055621,36.46011894,9.058562933,-2.449970739,141.63368,78.35209381,90.97687944,0
Grenada,2004,0,94.99455617,61.47077702,28.86415612,-8.670184097,53278.2262,19.49205235,-1.605083845,-0.26285729,3.677275369,10.51958801,-45.95451825,89.7017315,5.402580747,-1.745596324,61.68682377,76.95325173,23.27149461,1
Grenada,2005,0,93.30954368,91.67168587,39.77255461,9.060931723,58557.16382,62.44432365,-7.309059797,-5.247317066,-16.15201225,8.022080982,4.785601308,51.66721429,10.76531868,-0.38392955,150.001946,39.55999231,98.81805342,1
Grenada,2006,1,85.03620958,21.02332752,13.13174411,-4.363486418,33603.87479,42.81361202,-2.768187001,-2.976343822,-0.89345431,3.831843901,-43.2205779,78.82064874,0.304971645,5.786284056,123.2776899,13.53943269,86.1670302,0
Grenada,2007,0,29.02123117,58.06325019,26.83809512,-2.359303392,34073.95631,53.14436282,-9.384577089,-7.674250484,19.68253158,11.85388922,85.11306631,106.8360177,6.088341582,5.691049352,163.0053435,53.32128869,80.9329693,0
Grenada,2008,0,31.68399073,89.15164242,21.11124865,-8.167235896,18061.55626,7.84830702,-13.6556218,-13.75970729,-16.46215412,11.42709753,93.02878944,134.0196956,12.468954,4.448970082,78.60763128,30.53870752,75.3090315,0
Grenada,2009,1,98.11856074,46.90214081,6.380818352,-7.754544833,35195.01035,79.22222695,4.480666277,3.799642222,0.769867105,7.106071307,60.30698739,41.4875704,3.753010767,-0.90744554,88.73246269,75.57060908,81.62191111,0
Grenada,2010,0,64.32461429,53.3795426,5.506472453,4.534811305,26546.64654,77.32994356,1.027157099,1.183702126,-8.174029534,10.19689635,59.0026878,136.124985,0.791263176,0.974419265,131.4969109,65.62633475,99.56762848,1
Grenada,2011,0,139.2448487,16.34146099,9.173000224,8.886644715,18340.80431,-2.73305933,-6.481516107,-5.426387681,1.596531874,3.50718662,-13.86609959,70.70489423,7.447861118,0.958045546,122.2600292,55.47156489,81.61530377,1
Grenada,2012,0,72.85676986,35.03292764,27.71821092,2.214969899,4310.956232,35.26908492,-13.81264438,-12.45135205,2.952750401,5.284425461,-38.91116352,129.6935539,14.64800191,0.482759203,107.9548057,29.91526933,48.12806277,0
Grenada,2013,0,38.62658963,39.20559843,24.85070808,4.317000311,15386.65922,2.220913207,6.639376567,5.779794181,3.098915925,2.615675249,70.31569538,86.63122939,0.962378423,-2.596077254,161.9049972,59.08880056,69.11374823,0
Grenada,2014,0,112.9134484,95.06102039,24.37003464,5.239394892,12111.92259,78.17110684,-10.75512488,-10.32720337,14.08835141,6.48118039,33.87428973,132.0871143,1.050847391,1.810746368,134.7127345,30.24177867,46.95384129,0
Grenada,2015,0,58.13594479,35.44006245,6.114986688,-4.743714509,32659.90648,72.41331673,8.268555457,10.7277807,-4.410103413,6.204016446,52.24412962,106.1671288,8.926748474,-2.344692071,156.5407781,12.63416889,97.60523546,0
Grenada,2016,0,88.31113996,51.47818617,21.42560487,-9.095407382,36219.7003,89.7087499,-3.035115535,-0.177238134,0.654166507,2.947352099,66.94616021,86.13309828,3.751015693,4.217268126,72.98824435,45.59042113,92.01117863,0
Grenada,2017,0,110.7182621,70.41739812,37.36179862,-9.962545122,36631.73194,19.82241569,-6.490332252,-8.126843705,-19.56286404,8.237219478,11.41514034,60.63002229,6.153468505,3.221764286,159.3482443,44.20791814,65.4096182,0
Grenada,2018,0,137.0343345,24.59650352,18.91571543,-2.987014341,23474.40576,42.91106773,3.543986922,1.700973917,11.58202406,1.854588399,-28.3180115,145.9581814,12.45760729,0.17463306,119.2292162,63.41041811,82.50190036,0
Grenada,2019,0,122.9848553,53.77981484,26.87228644,-5.170715436,25447.4151,14.3712271,6.920985152,7.981098952,-9.620491705,1.209451687,69.2555199,124.1166955,2.982730263,2.82422744,55.06519035,70.59717176,92.77495544,1
Grenada,2020,0,107.9269388,76.46851355,32.29365365,-8.753645499,50104.03425,33.97966812,-5.732160909,-6.244057594,12.66220096,4.92640714,18.06484588,69.55433407,10.78949905,-0.902666941,85.1737331,34.81279421,39.48802109,1
Grenada,2021,0,108.3523137,88.01696917,32.43738477,-6.40943415,28731.09897,49.83554141,-4.816406196,-7.671072165,-9.374453345,5.212984945,74.03863463,41.6740671,7.567282699,-0.612749415,53.86345876,41.46311071,66.35854855,0
Grenada,2022,0,142.9702037,66.36333472,23.17480288,-7.510022035,59270.06793,0.599732933,-4.171044516,-5.089873292,-19.56846015,4.177016975,15.65487201,121.3396044,13.57436539,-0.172798348,118.5311783,42.92802938,58.53730554,0
Mexico,1980,0,58.45713267,70.21481638,35.02831809,8.297567612,26545.14863,70.06139312,8.058076537,9.898544998,-13.80674727,3.466386332,-17.44753873,148.6927574,3.451559323,5.756658003,169.55174,32.81158324,81.72730839,0
Mexico,1981,0,20.14457225,21.36551253,18.69823327,-7.194655731,39079.98239,52.04580284,2.314099788,4.09866137,19.4273161,4.395927968,-24.3492475,56.26674399,12.05653175,1.364647071,81.60370203,79.12146919,50.32660171,1
Mexico,1982,0,55.35409272,95.11988475,36.10426252,0.75296928,3306.67104,82.04069681,-8.808847074,-8.840736181,-7.207950162,2.3788191,61.58826348,139.0621994,7.198065902,2.261823532,134.4171841,70.79528819,76.71837118,0
Mexico,1983,1,48.32587935,21.93166697,13.40795082,1.862119102,39304.39349,23.53695263,-10.37500756,-10.53953995,-15.64704392,5.139703395,36.23336842,36.29819173,9.154529613,3.712582867,80.07006716,67.79696022,52.23944712,0
Mexico,1984,0,106.0384961,79.72056435,14.80757424,0.869789154,51130.15575,89.84871605,-9.240808414,-8.76376376,-15.24964785,10.9029388,10.69043507,143.7868131,1.382301258,-0.131932723,92.75561376,45.07815843,28.88598917,1
Mexico,1985,0,102.382508,33.83346896,6.859221847,-8.018871316,56564.73296,99.86289657,-8.41090277,-10.09452251,-7.586291438,3.080909134,23.81751343,116.8940586,3.07547375,-0.959336845,85.32219395,66.49612495,28.56971453,1
Mexico,1986,0,97.14997975,94.02338293,32.84536428,-3.624032765,59840.04051,91.52633603,-9.245412717,-9.089150967,-18.49419836,8.3711877,32.44579079,65.0575098,11.60036822,5.682166552,146.7507007,28.68087532,29.52450596,1
Mexico,1987,0,22.11164762,74.79635854,19.59693327,-8.974593351,17146.06515,76.67870996,1.46266118,-1.47106066,0.459543525,2.13052187,-14.08753373,59.6021369,3.358626618,0.893538521,129.0093417,49.24546275,22.60159007,1
Mexico,1988,0,114.7411471,77.84323417,13.01908149,-2.086601718,34649.59287,80.2987243,-12.10166223,-12.2483049,-11.45036338,4.569926176,6.724836955,103.646596,1.387947413,-2.985682561,158.1948719,37.50426429,62.63785373,0
Mexico,1989,0,62.05895362,29.71532558,13.11265972,-6.228021375,27207.86374,55.24314547,-5.316037757,-6.29973148,0.772425656,4.193509976,-6.138280234,97.15592823,8.958049234,4.539464687,82.9915156,21.99393381,73.75221456,1
Mexico,1990,0,106.4572786,49.8735979,36.54899794,1.232650666,33959.90359,14.96615561,0.626339324,1.67555696,-14.36943125,11.27583804,8.263577012,139.4617712,8.219047742,2.396977452,51.37228036,15.0829402,30.13827215,0
Mexico,1991,0,92.35519571,65.60318751,34.18708102,3.856167877,9699.941544,66.08927194,-7.728500651,-6.898379147,-2.805710839,5.421793642,25.08433203,119.6116074,9.118408935,-1.482972936,152.0764351,49.07528681,68.94864002,0
Mexico,1992,0,64.55502031,79.29762564,24.37358099,0.642397204,51412.12948,69.83906522,-13.36814038,-14.0831251,3.916674336,8.440358353,-23.99636914,90.24743343,9.274582445,-2.728742761,67.22809377,16.83473944,67.81920626,0
Mexico,1993,0,37.49491472,19.35634383,26.56387801,-1.315266068,54601.26592,98.46543973,-12.95440193,-15.91076404,-17.52000247,7.428322303,9.027259397,140.5835594,7.502960188,-0.376658121,86.94578366,60.26021677,31.76752411,0
Mexico,1994,0,32.2744567,96.61287848,21.60139497,-2.253331583,27144.80129,51.83663821,-11.85083059,-13.33718882,-4.05002763,2.121845866,7.824166496,97.05498207,7.406608809,5.350983859,95.85292287,74.50279351,52.326608,0
Mexico,1995,0,128.0973833,90.11986035,18.708329,6.833835362,17041.66274,23.49374658,5.896075622,6.696162723,-7.89904716,11.30471519,-7.099427474,130.4590286,13.86248348,5.40142053,162.0203138,21.34742768,80.41085678,1
Mexico,1996,0,139.3916805,34.33137314,37.04169084,-5.612638699,8707.755631,66.78561478,1.44658764,-1.119172302,-10.38560734,4.477496856,99.77444872,129.3225448,8.008225873,-0.200968623,143.8837716,42.9657005,21.34048204,0
Mexico,1997,0,104.4724461,84.04842187,9.396444623,4.684366791,41120.76004,97.83446106,-13.38693972,-15.74108519,4.181385043,1.014721092,-38.95587365,139.4953317,9.259503036,4.523378935,77.63981548,61.71422151,31.75583071,1
Mexico,1998,0,33.44643493,56.64915307,19.64563764,5.149646495,18940.24083,13.60746037,-5.223278021,-4.341067874,3.541679431,3.955102629,46.44267089,28.78826407,4.004540879,0.976607909,139.6831716,30.07877627,99.66626995,0
Mexico,1999,0,72.2635382,51.56258334,17.05966678,-1.615999855,54599.45262,29.22978145,-8.035370679,-6.500766273,5.227992267,4.359787848,-23.83420902,95.89655683,13.06639801,2.889102742,156.2221993,74.45351637,78.68359177,0
Mexico,2000,0,114.762096,38.29906952,22.43527521,-4.053988015,40359.44475,51.89750015,-0.548997209,-1.619698961,-13.64469318,1.566571265,75.92859839,80.89103685,0.36552139,0.009994883,108.3345804,72.19258912,57.13042234,0
Mexico,2001,0,121.3767149,62.2871728,21.01711561,-0.589170279,38847.41391,12.87253666,-1.929851258,-1.991812865,-8.571630206,7.629740173,87.1294804,83.77050985,8.358401434,1.643753366,86.8929371,17.2628049,70.38411297,0
Mexico,2002,0,35.3684209,75.69002059,23.16113361,-8.135721482,33696.30632,-2.66683285,-2.971899416,-0.297631226,-11.61284888,4.487788364,10.22169739,79.78837847,5.757754428,-0.355984981,151.8474159,11.91798401,87.69767765,0
Mexico,2003,0,20.00399345,46.98396145,9.897164203,-9.081399355,3032.847464,30.38322786,-7.137190741,-4.463929368,1.6201442,7.735047973,73.52176741,128.8706696,9.058562933,-2.449970739,141.63368,78.35209381,87.38436684,1
Mexico,2004,0,112.577816,66.62972737,22.95995255,-7.767936011,55935.76941,85.86393416,-11.5550057,-12.70998905,-1.557372432,0.577516481,-12.5135826,61.39627666,5.402580747,-1.745596324,61.68682377,76.95325173,45.97611484,0
Mexico,2005,0,66.35750288,72.9381629,13.48465849,-6.257099371,37787.86835,-0.435818071,3.559409572,5.419336822,-6.788250496,11.79355659,-28.9897239,80.15764061,10.76531868,-0.38392955,150.001946,39.55999231,59.3033138,0
Mexico,2006,0,53.08257311,74.00096353,11.45159721,0.083536407,59645.50041,40.0375512,6.996419221,7.560083538,11.44059235,2.460938123,-2.61826004,46.08873058,0.304971645,5.786284056,123.2776899,13.53943269,71.04440772,0
Mexico,2007,0,21.67667107,14.67694883,7.269197658,6.982732723,32380.17736,75.03108116,8.603772731,11.45667969,-16.24105022,8.082306347,1.251102084,52.72316007,6.088341582,5.691049352,163.0053435,53.32128869,25.75175332,0
Mexico,2008,0,90.23892288,87.37730251,31.69283956,-5.28715336,42693.62025,95.08417268,-13.53452573,-13.66884432,18.99586755,8.731519488,9.603631718,105.8546108,12.468954,4.448970082,78.60763128,30.53870752,95.66372795,1
Mexico,2009,0,130.6495956,51.24279833,19.96046723,8.703240215,3655.710605,98.4749169,3.49771779,5.145958998,-15.33823689,2.473496022,5.943841294,35.20167197,3.753010767,-0.90744554,88.73246269,75.57060908,54.61934605,0
Mexico,2010,0,144.492114,33.61744735,26.93252892,9.098158179,38014.64976,39.30678496,3.162586485,4.771409263,10.9228325,1.784691244,11.67166793,44.41683543,0.791263176,0.974419265,131.4969109,65.62633475,49.66898618,0
Mexico,2011,0,93.54684358,31.75880567,30.46576702,9.178092097,45949.58181,94.79035091,8.677740354,8.662337559,-5.270792434,2.254637706,56.50500487,88.64449274,7.447861118,0.958045546,122.2600292,55.47156489,92.56802892,0
Mexico,2012,0,86.87997261,53.47127016,28.77608329,6.751254694,46777.3034,-1.281007806,-8.677135138,-6.903354452,14.61048917,3.338409942,-13.16298007,25.69049364,14.64800191,0.482759203,107.9548057,29.91526933,29.4629319,1
Mexico,2013,0,31.05733011,89.81483855,21.46752517,-2.723499184,46275.66564,73.32127849,3.554475957,2.120717957,-17.03320205,2.434669357,-47.21366064,36.50050992,0.962378423,-2.596077254,161.9049972,59.08880056,23.14086379,0
Mexico,2014,0,91.3534642,44.05128235,18.57644851,-8.54632178,13809.07285,62.48833364,-13.63434278,-15.90082456,-5.011131592,8.25099341,23.45208271,132.2358821,1.050847391,1.810746368,134.7127345,30.24177867,74.80019298,0
Mexico,2015,0,69.39728027,77.47531721,18.15859684,1.376374635,58531.28911,21.19979505,0.781143019,0.332125487,-6.58226374,5.339581843,17.24368663,129.9990796,8.926748474,-2.344692071,156.5407781,12.63416889,50.80023745,0
Mexico,2016,0,98.92758651,18.71368579,27.40170789,1.173628879,59712.3726,48.26844257,-6.228804399,-3.567020459,19.72628153,6.684603337,-40.99025152,65.21089366,3.751015693,4.217268126,72.98824435,45.59042113,81.15806471,1
Mexico,2017,0,70.53442522,52.84510319,22.31780242,6.999515342,4813.073747,8.603142465,4.222735989,4.227203638,19.4219598,1.044373071,-29.92978977,65.23887099,6.153468505,3.221764286,159.3482443,44.20791814,25.48356892,0
Mexico,2018,0,51.23888605,99.25175264,34.71962868,9.919821019,56205.85144,86.51770085,6.582607161,7.394161993,-12.40784165,10.40436308,26.4881342,141.7470084,12.45760729,0.17463306,119.2292162,63.41041811,50.70057148,0
Mexico,2019,0,32.34548578,79.33940225,35.61456945,0.163146131,17580.1169,32.57929898,-5.879473945,-5.134499209,5.197878428,2.461572862,-14.787386,23.35934808,2.982730263,2.82422744,55.06519035,70.59717176,38.82601696,0
Mexico,2020,0,60.9393978,28.94756396,10.96961323,-3.095919379,41450.25968,60.7346694,-1.860347683,-4.064910479,1.420776796,4.641751812,81.63974412,95.4384167,10.78949905,-0.902666941,85.1737331,34.81279421,79.16852264,0
Mexico,2021,0,32.56382846,55.12973263,9.768177804,-6.281965769,20485.22197,11.67151006,-12.06489844,-12.72311715,-13.82506035,1.326868858,-24.00612703,97.66077528,7.567282699,-0.612749415,53.86345876,41.46311071,38.17360883,0
Mexico,2022,0,42.99660361,31.02622873,27.06403241,-9.904003504,58074.93311,16.64730869,-4.577325869,-3.335692032,-13.28881176,2.073121048,-46.98160522,122.4253187,13.57436539,-0.172798348,118.5311783,42.92802938,56.63562678,0
Ukraine,1980,0,148.3537006,46.86048345,15.54290118,0.18227385,6359.780341,99.15541893,-5.979990169,-3.148049577,19.57006914,8.156693215,17.13456541,143.7275671,3.451559323,5.756658003,169.55174,32.81158324,85.51020409,0
Ukraine,1981,0,77.7334624,80.20756214,5.649975157,1.110373334,30015.48497,74.07407142,-10.42191351,-12.41380708,-1.890800255,8.464750526,97.92446659,66.25758632,12.05653175,1.364647071,81.60370203,79.12146919,93.23124284,0
Ukraine,1982,0,89.14332965,79.41023338,36.10249343,6.498769596,25854.45318,96.00704633,7.361965619,6.824616961,-14.96794832,8.285103073,45.08087895,76.91835155,7.198065902,2.261823532,134.4171841,70.79528819,77.80846349,0
Ukraine,1983,0,133.5704087,30.52903401,12.94152685,0.091539358,19763.6001,26.06437235,-11.29780405,-13.72724125,-11.40839845,6.84957306,3.104458189,107.2688025,9.154529613,3.712582867,80.07006716,67.79696022,54.33827292,1
Ukraine,1984,0,149.4239571,93.00009863,37.52482281,8.329366973,38838.37926,12.27910205,0.893483938,-0.652257304,-9.26607731,11.45399914,-47.46979828,145.7453109,1.382301258,-0.131932723,92.75561376,45.07815843,65.75886998,0
Ukraine,1985,0,95.75287841,63.33113645,30.11020578,2.561669531,8124.027882,47.82218867,7.253566087,6.514122147,0.436690533,6.332537349,22.74226596,135.803006,3.07547375,-0.959336845,85.32219395,66.49612495,75.17519577,0
Ukraine,1986,0,125.6215967,44.19318619,31.69287215,6.806724764,43084.74636,46.94016963,7.799214497,8.043073984,-6.57807482,5.668238337,-19.03009968,106.7168904,11.60036822,5.682166552,146.7507007,28.68087532,89.99461013,0
Ukraine,1987,0,62.50233316,55.17420227,12.05115235,-7.033965304,58841.34979,13.36938394,4.830992496,3.214393789,-1.799528564,3.346774006,47.16311282,131.3740643,3.358626618,0.893538521,129.0093417,49.24546275,91.08591878,0
Ukraine,1988,0,59.74671447,64.45641281,13.1968049,7.106722606,48332.15525,71.98805481,-10.59647165,-12.23109569,-13.34001796,1.636769587,37.45127406,31.07657602,1.387947413,-2.985682561,158.1948719,37.50426429,94.47755932,0
Ukraine,1989,0,72.35148373,60.39014787,23.24437138,3.502877089,51643.00015,32.98664112,5.43578523,7.102765105,-6.930852376,6.803781695,-10.21793369,69.02650257,8.958049234,4.539464687,82.9915156,21.99393381,84.85688791,1
Ukraine,1990,1,107.4259441,53.7764532,11.02349484,-6.595339351,21770.31357,14.56834925,-8.08587969,-5.310029712,-17.18733629,4.121237147,-39.66758987,21.70202444,8.219047742,2.396977452,51.37228036,15.0829402,31.74383488,0
Ukraine,1991,0,108.6849196,55.44395237,15.69010924,-6.204728837,19695.73041,29.85825643,8.059950686,7.001628492,15.58841094,6.526291907,63.25287971,43.07139097,9.118408935,-1.482972936,152.0764351,49.07528681,79.81116267,1
Ukraine,1992,0,60.9811265,25.87707194,16.25118673,8.530012381,31167.78678,54.18416346,2.727167036,3.855119147,-12.04990091,2.8703694,37.81961419,101.9640343,9.274582445,-2.728742761,67.22809377,16.83473944,85.16738989,0
Ukraine,1993,0,37.31729014,83.14596139,10.58704766,-9.355692791,3029.878901,71.27944788,4.631689025,3.180171793,10.27600542,10.13898573,76.31893743,135.1230111,7.502960188,-0.376658121,86.94578366,60.26021677,90.22971421,0
Ukraine,1994,0,102.2115133,58.75842879,12.18139917,-0.749301134,56737.88063,45.59854304,-12.87418866,-10.30647513,-6.017928472,11.99651791,-11.02999765,102.2614403,7.406608809,5.350983859,95.85292287,74.50279351,93.98535157,0
Ukraine,1995,0,36.68236208,21.79718755,32.59931447,-3.730494201,8883.974829,50.18747393,-0.430872164,0.606541997,-1.024107242,4.207640366,47.92930972,106.3379539,13.86248348,5.40142053,162.0203138,21.34742768,60.73278508,0
Ukraine,1996,0,95.20402607,78.95413914,10.85185491,3.3015488,54209.87844,9.589323274,5.528553172,7.3446143,-8.349558422,10.18676748,-32.19792492,33.49680868,8.008225873,-0.200968623,143.8837716,42.9657005,72.40741561,1
Ukraine,1997,0,110.1448766,93.91995805,5.996008715,6.792587751,5289.858653,91.04254709,6.539758819,3.835883079,7.857650844,10.53934057,-6.228513812,106.4318638,9.259503036,4.523378935,77.63981548,61.71422151,20.76422213,0
Ukraine,1998,0,111.0794945,95.25762093,27.02742299,-2.792437569,49410.70818,92.51604079,-14.28420738,-13.69317157,13.78185677,11.95484857,48.48086678,79.06507326,4.004540879,0.976607909,139.6831716,30.07877627,65.82268542,0
Ukraine,1999,1,117.9513744,43.21159592,39.15940918,-1.461958254,9372.162795,66.75979199,8.478980814,8.644654802,-8.54919261,4.441281492,73.83719577,104.6872301,13.06639801,2.889102742,156.2221993,74.45351637,57.85587049,1
Ukraine,2000,0,133.4717248,22.19651862,16.59248351,9.63835569,2576.457361,-3.148702062,-13.91653167,-15.15855023,-10.31129425,9.194476028,-1.861174738,62.40250424,0.36552139,0.009994883,108.3345804,72.19258912,96.98448358,0
Ukraine,2001,0,84.99466896,56.6559664,9.152949612,5.678330194,43253.52018,51.39279267,0.362966992,-1.062453098,7.257610619,3.131303542,69.82803348,95.59317242,8.358401434,1.643753366,86.8929371,17.2628049,92.13674389,0
Ukraine,2002,0,114.9323946,20.13483064,24.96355639,7.944082619,17031.83842,61.06799207,2.33468819,2.814837004,-12.19387758,7.685154015,51.66286904,75.12900859,5.757754428,-0.355984981,151.8474159,11.91798401,83.80831435,0
Ukraine,2003,0,100.4924556,94.05886767,36.72239739,-1.224755587,42955.42032,99.43869341,-12.31636772,-11.07745391,5.593590624,8.605689549,2.301215726,92.62281721,9.058562933,-2.449970739,141.63368,78.35209381,24.55953476,0
Ukraine,2004,0,44.26319217,26.52216646,32.44216229,-5.31847592,33438.58945,99.5870303,-13.79970336,-16.60066682,-16.22287681,9.022887964,81.45954066,39.12163738,5.402580747,-1.745596324,61.68682377,76.95325173,52.16230738,0
Ukraine,2005,0,23.33965383,32.7489274,26.78805539,-1.762730692,6795.801197,85.04917971,4.622803861,5.027213353,4.805486398,2.882479939,26.38435991,71.45723097,10.76531868,-0.38392955,150.001946,39.55999231,75.68337778,0
Ukraine,2006,0,56.99038014,46.59728742,16.02697738,4.321838357,55948.16538,1.702254163,-5.38323438,-7.360477206,0.53626936,10.26034406,47.23702338,68.65622544,0.304971645,5.786284056,123.2776899,13.53943269,22.37285949,0
Ukraine,2007,0,77.59438182,44.48480217,23.96580606,-7.811391903,27303.15623,95.09402103,-12.32218712,-14.48001073,-15.44377138,5.341176395,24.34470129,115.7312877,6.088341582,5.691049352,163.0053435,53.32128869,38.86510334,0
Ukraine,2008,0,100.2237728,81.51966032,8.193569446,-4.590617888,44146.50248,59.32943095,4.06669541,4.805412338,5.964145395,2.988249454,17.90799407,111.8332368,12.468954,4.448970082,78.60763128,30.53870752,91.00057521,0
Ukraine,2009,0,130.494713,51.06851385,28.76308985,-9.067281991,30210.92815,79.0931109,6.229076754,5.094297457,-2.137713719,6.739107516,77.19665759,138.151629,3.753010767,-0.90744554,88.73246269,75.57060908,30.38246138,0
Ukraine,2010,0,45.51194317,25.3691434,30.37836066,-1.353045233,36380.38006,37.75524922,-0.315345231,-0.670063832,-11.31539797,10.42860699,-5.794337744,102.167227,0.791263176,0.974419265,131.4969109,65.62633475,24.10988035,0
Ukraine,2011,0,36.32147269,34.04889059,38.7761068,6.54891472,18375.58346,28.56529448,-10.96907979,-11.80908693,-5.864633772,11.62151096,-44.50561665,60.89112687,7.447861118,0.958045546,122.2600292,55.47156489,66.4468605,0
Ukraine,2012,0,145.2523932,55.82020467,14.11390756,-9.506726234,12261.51015,43.64063528,-14.61943821,-13.72942029,-0.315915774,9.10438995,81.96739653,121.8192062,14.64800191,0.482759203,107.9548057,29.91526933,95.71716923,1
Ukraine,2013,0,34.04579272,23.27085257,5.645974667,3.506470536,32691.44114,10.42182386,2.520062033,2.340780629,-16.33783091,0.564663192,73.75359296,84.60969366,0.962378423,-2.596077254,161.9049972,59.08880056,86.76997919,0
Ukraine,2014,0,82.20383911,65.04901081,24.09629625,8.64991749,26581.07269,32.49194457,-1.246508129,1.534243843,18.30437933,2.049058745,4.984071185,45.15411738,1.050847391,1.810746368,134.7127345,30.24177867,97.98180038,0
Ukraine,2015,1,96.12328474,60.91725759,29.73766765,-5.26144277,23589.75884,85.04983748,1.269928543,0.384225098,6.622486248,1.377150844,-22.18232919,117.1634909,8.926748474,-2.344692071,156.5407781,12.63416889,80.2818523,1
Ukraine,2016,1,90.37867472,74.32320847,32.66426166,3.872696815,40452.26155,-1.015198943,5.329616755,6.771322797,-15.89860075,1.663958044,51.33004646,37.22908144,3.751015693,4.217268126,72.98824435,45.59042113,54.98958193,0
Ukraine,2017,0,31.18418041,94.39341538,11.78086266,9.502038022,41523.24593,10.84219492,-4.144305575,-5.60055017,12.91448737,4.904901994,-38.18586445,43.15993306,6.153468505,3.221764286,159.3482443,44.20791814,95.72931517,0
Ukraine,2018,0,27.41349882,92.1029105,14.16135042,9.245561203,3041.427349,8.137196763,-11.88711328,-11.83459472,-7.097802762,4.392673121,13.56321333,118.6382707,12.45760729,0.17463306,119.2292162,63.41041811,54.13066228,0
Ukraine,2019,0,33.71284557,95.14680563,22.94068238,-5.301416139,20523.04631,37.32293198,8.499582135,8.815000646,3.871981469,1.807377285,-37.12065177,120.1188102,2.982730263,2.82422744,55.06519035,70.59717176,48.00756931,1
Ukraine,2020,0,96.1263989,32.02440373,16.57102835,-7.993378936,24882.34365,99.68362459,-1.368446819,-2.393791132,-8.914286337,10.64570654,39.6864513,122.8015649,10.78949905,-0.902666941,85.1737331,34.81279421,55.85567342,1
Ukraine,2021,0,90.76483539,21.8408776,35.11790203,-7.034349242,6084.462022,13.20258267,0.382352977,0.213036151,9.336237797,7.577417128,-45.91874243,58.13226617,7.567282699,-0.612749415,53.86345876,41.46311071,85.11791635,0
Ukraine,2022,0,50.38630296,37.20490304,21.58160538,4.04071337,14383.28174,10.27567821,8.335285739,7.010957566,8.920359,9.659328053,44.38575635,132.6563695,13.57436539,-0.172798348,118.5311783,42.92802938,93.41548399,0
Brazil,1980,0,102.9106384,90.55766555,32.98525254,4.515177509,3383.015294,91.08085163,8.289591408,5.325596098,2.081738275,4.772817972,50.98083599,113.9468577,3.451559323,5.756658003,169.55174,32.81158324,48.6145688,1
Brazil,1981,0,126.6087753,97.48481272,25.32169162,3.484731233,59775.65329,87.61530428,-0.697634832,-2.403745022,-10.3629763,5.217714187,23.07167119,128.4157632,12.05653175,1.364647071,81.60370203,79.12146919,56.97979652,0
Brazil,1982,0,25.40526478,87.3392456,32.05815496,-3.278432245,44272.46502,-1.61476115,-7.559714382,-6.359329347,-9.8518477,4.152643921,-23.74890061,112.118713,7.198065902,2.261823532,134.4171841,70.79528819,91.86618586,0
Brazil,1983,0,84.75689266,19.9015949,16.64355453,-6.604461205,5520.774343,73.92912582,9.92784085,11.553619,-4.685488132,5.541906039,-34.79090921,95.34753964,9.154529613,3.712582867,80.07006716,67.79696022,23.76349316,0
Brazil,1984,0,109.6103536,95.26851983,34.09958177,1.615221839,1508.887973,63.82389866,2.020427249,0.701644452,-14.1995133,7.519338517,-3.006147779,34.2213203,1.382301258,-0.131932723,92.75561376,45.07815843,82.70949553,0
Brazil,1985,1,52.80055052,48.10222246,14.61003104,-0.326391085,43241.48167,75.61278503,-4.789083078,-5.340825085,-6.493771472,6.16931609,19.78100194,112.4217076,3.07547375,-0.959336845,85.32219395,66.49612495,56.33742066,0
Brazil,1986,0,60.01021769,10.83792617,24.11345828,4.576682942,26519.77229,46.92275775,-1.004079929,-3.779885968,7.37418405,10.13604557,46.33124753,109.7599008,11.60036822,5.682166552,146.7507007,28.68087532,50.12146808,0
Brazil,1987,0,99.77292739,49.81543667,12.49024896,-1.172798426,47271.76353,99.09481794,-4.604148743,-6.181771337,13.2338112,10.85160044,-49.81248087,60.62384733,3.358626618,0.893538521,129.0093417,49.24546275,55.75370335,0
Brazil,1988,0,136.7315881,14.14622527,21.64342826,-3.227206106,55431.51946,-0.396063035,7.207628807,8.882944508,-6.69670838,5.901364314,56.65958789,115.65657,1.387947413,-2.985682561,158.1948719,37.50426429,53.49525404,0
Brazil,1989,0,125.2901746,58.9490129,16.13613233,-4.130428453,36078.23322,19.60901657,-2.937515628,-2.301598007,-10.65638967,3.257101774,56.90678982,91.55909195,8.958049234,4.539464687,82.9915156,21.99393381,80.52948946,0
Brazil,1990,0,95.80692848,40.46986247,14.33462007,-5.770593599,11470.37285,36.63732863,5.5882094,3.822832531,13.30570313,11.36971282,16.68067097,92.72281101,8.219047742,2.396977452,51.37228036,15.0829402,94.23580178,0
Brazil,1991,0,114.9288233,52.60914402,38.84447563,-4.685072476,46996.98395,42.22668386,6.004407446,4.549059416,15.6281611,8.952944395,1.510966862,67.78860824,9.118408935,-1.482972936,152.0764351,49.07528681,59.31646604,0
Brazil,1992,0,67.42692113,65.18533247,10.60259369,-8.103391223,57361.96107,91.74357728,5.608308443,7.509120581,-3.599139068,7.86146149,76.3462847,35.18205537,9.274582445,-2.728742761,67.22809377,16.83473944,86.61870286,1
Brazil,1993,0,103.3255187,88.19209862,32.55640431,-3.062859781,34939.80784,53.80045823,3.054715312,1.30922053,-18.92383385,9.072257937,67.6881223,48.20069952,7.502960188,-0.376658121,86.94578366,60.26021677,78.55556286,0
Brazil,1994,0,80.60360685,69.57114188,39.44577358,-9.268603753,41015.2476,-0.26334547,6.37194292,5.376889275,7.798464836,1.373790498,97.49141328,119.9481149,7.406608809,5.350983859,95.85292287,74.50279351,46.45446284,0
Brazil,1995,0,44.69169774,49.06439816,5.696551931,-6.271723057,20447.23929,37.82561116,-5.319260509,-4.333108359,11.36132945,1.277702768,5.789620801,55.28740156,13.86248348,5.40142053,162.0203138,21.34742768,66.98510516,0
Brazil,1996,1,111.2259756,83.74850683,29.46595949,4.935408892,23077.20337,38.7314933,-12.13341985,-11.76674553,-19.27902987,2.260887505,86.02489073,20.29289706,8.008225873,-0.200968623,143.8837716,42.9657005,73.345254,0
Brazil,1997,0,92.34040286,91.50239238,13.85191319,-3.490620226,44158.87352,96.37654854,6.061355109,5.826576341,3.801234134,2.195686126,-36.88971712,149.6122647,9.259503036,4.523378935,77.63981548,61.71422151,21.87994975,0
Brazil,1998,0,66.62080565,20.77839698,6.417073851,3.36474034,55687.93457,57.91569456,-2.545789608,-0.147343062,3.53475033,5.337710461,11.71990994,47.3886904,4.004540879,0.976607909,139.6831716,30.07877627,51.6764441,0
Brazil,1999,0,138.4740947,57.87396798,19.10113526,4.337683512,37850.60672,61.74336247,-11.81559919,-13.49733641,-4.85168365,2.310146946,19.80611781,105.1998094,13.06639801,2.889102742,156.2221993,74.45351637,99.41105407,1
Brazil,2000,0,22.72143532,35.60607638,37.73262336,1.623706855,47453.92014,69.89156828,-12.11718695,-10.6686676,9.990693034,10.32704491,16.13114743,140.4998606,0.36552139,0.009994883,108.3345804,72.19258912,70.98051417,0
Brazil,2001,0,61.05050966,14.23550781,5.411778303,9.173954827,10546.61054,75.85412815,-11.01894015,-13.06455711,-2.872838475,7.148114706,43.76472826,97.9626555,8.358401434,1.643753366,86.8929371,17.2628049,46.73952554,0
Brazil,2002,0,27.39458171,70.16920256,25.57599922,-9.571202668,12953.95769,61.68036237,3.774331492,4.468734493,7.071038072,4.735011808,-24.46882417,123.87398,5.757754428,-0.355984981,151.8474159,11.91798401,40.00192315,0
Brazil,2003,0,119.6485511,87.64936997,22.54887675,4.773053012,32062.4708,19.90540687,2.771416837,4.995158217,0.684692185,1.30065919,79.96782576,146.9283226,9.058562933,-2.449970739,141.63368,78.35209381,36.75852817,1
Brazil,2004,1,111.273969,24.6612389,35.56844575,9.175732879,10840.28528,86.77482101,-9.904532995,-10.15712228,-10.06141581,7.296819654,32.76460278,131.8472454,5.402580747,-1.745596324,61.68682377,76.95325173,52.13131272,0
Brazil,2005,0,63.07578844,83.11722919,7.940060008,7.245434587,38209.20569,71.87257904,6.173085453,7.518852496,4.26003452,1.840127437,85.6314322,92.52753153,10.76531868,-0.38392955,150.001946,39.55999231,35.46125525,0
Brazil,2006,0,107.8361773,86.80561602,28.85341105,-6.642146164,17711.69517,72.89640094,-7.967630112,-6.045269994,9.476339794,9.04703288,-49.6052534,67.28138096,0.304971645,5.786284056,123.2776899,13.53943269,30.81489456,1
Brazil,2007,0,71.47183941,92.29063984,28.80383945,-3.463593875,47554.49733,99.63845762,4.824639583,2.640798132,18.95622694,9.731718113,44.49821704,82.72037839,6.088341582,5.691049352,163.0053435,53.32128869,49.12506275,0
Brazil,2008,0,118.3129929,33.87565802,28.41780059,-6.550963202,48544.18769,79.26528616,-2.779852307,-1.544890935,-4.795642128,6.755726967,11.86867703,129.4374019,12.468954,4.448970082,78.60763128,30.53870752,68.55997541,0
Brazil,2009,0,79.04387616,91.35577587,37.98170732,2.026167276,27988.11111,82.06089733,3.288717063,5.807763207,-17.42109821,2.22043288,25.76485926,130.9360993,3.753010767,-0.90744554,88.73246269,75.57060908,31.71193457,0
Brazil,2010,0,73.59636462,38.85964793,33.80806352,4.24375964,11094.39491,94.89757915,-5.465308423,-5.007084764,19.51884885,9.548921323,61.57067662,129.9611399,0.791263176,0.974419265,131.4969109,65.62633475,23.54746191,0
Brazil,2011,0,141.514889,59.71042121,6.469045419,-3.658524613,38912.46518,10.86906998,-6.321485073,-8.204751605,4.952266377,4.040019576,-15.92723775,97.63917236,7.447861118,0.958045546,122.2600292,55.47156489,22.77062545,0
Brazil,2012,0,52.61428299,14.54567237,21.48789977,0.79013148,59569.38499,47.26137453,6.033989974,3.795645164,17.85801833,3.060511142,-19.26508472,82.00426931,14.64800191,0.482759203,107.9548057,29.91526933,41.39074019,0
Brazil,2013,0,35.6581542,13.94929795,18.92835697,3.818411401,37468.67661,55.95953748,-14.11744364,-15.55903165,-15.84691656,5.911401372,55.45117266,60.47394729,0.962378423,-2.596077254,161.9049972,59.08880056,35.21058324,0
Brazil,2014,1,95.99060472,74.83358915,15.85515274,-1.573203668,2435.749036,29.57395157,9.368423681,6.989503296,-6.318646405,11.11043178,28.20486384,20.43691117,1.050847391,1.810746368,134.7127345,30.24177867,63.14042882,0
Brazil,2015,0,146.0118356,50.00319802,20.79678538,7.080310609,1332.450353,83.13735111,1.204488957,1.284853386,-14.64253205,3.919792859,-14.95413529,119.3830852,8.926748474,-2.344692071,156.5407781,12.63416889,56.45761496,0
Brazil,2016,0,69.11909778,33.06631378,18.44679647,5.430998706,19425.60964,75.05406027,-4.187915295,-6.769687199,13.42040618,10.91415276,22.6027952,56.0097764,3.751015693,4.217268126,72.98824435,45.59042113,45.98132915,0
Brazil,2017,0,28.06477927,27.13721464,20.1316865,-8.706689123,11988.29327,70.69272282,0.701363279,-0.958208973,15.21370966,1.117013051,18.93376087,62.8581264,6.153468505,3.221764286,159.3482443,44.20791814,86.68342673,0
Brazil,2018,0,64.10968475,70.29581418,39.2741653,2.422505982,48839.15707,99.70069117,-11.93147634,-12.29201368,0.052467995,1.460522608,53.71666411,129.6525592,12.45760729,0.17463306,119.2292162,63.41041811,60.39575944,0
Brazil,2019,0,85.77111506,10.03613896,8.102154116,-5.293488981,50734.89832,22.23504421,-2.148688618,-2.305200115,-12.53575129,8.533451789,-49.60083446,26.79265043,2.982730263,2.82422744,55.06519035,70.59717176,27.32239937,1
Brazil,2020,0,41.04999086,82.53020523,37.27808044,1.150365293,15739.54065,72.22301143,9.627388083,10.01977899,-14.91524124,2.691815607,38.01403987,140.5906431,10.78949905,-0.902666941,85.1737331,34.81279421,43.66114833,0
Brazil,2021,0,105.5532883,17.13246455,21.80828497,9.137768853,19740.99318,52.89746987,-9.118264054,-7.884574277,3.526564403,4.141137857,40.85172258,20.17704992,7.567282699,-0.612749415,53.86345876,41.46311071,97.8671413,0
Brazil,2022,0,149.7074206,27.23406534,26.83097859,7.581240091,14403.94397,27.86386416,3.056952476,0.340324314,0.255052983,2.068289281,61.82652058,142.0919849,13.57436539,-0.172798348,118.5311783,42.92802938,98.15818566,1
Barbados,1980,0,78.72613188,44.76127558,34.05640383,-1.909671938,54530.43808,11.86162143,-4.125715604,-6.641989891,7.791564095,4.320855095,83.38456991,79.11860384,3.451559323,5.756658003,169.55174,32.81158324,40.37373084,0
Barbados,1981,0,66.11471237,53.63728657,17.61620602,-4.169722833,30308.16528,89.06780289,1.311453712,-1.323391377,-7.791709495,3.72528993,16.02846957,33.27594127,12.05653175,1.364647071,81.60370203,79.12146919,33.3788903,0
Barbados,1982,0,72.09154169,41.94956042,20.06476678,-5.311885112,39471.38153,57.52282568,-9.877819283,-10.33891739,-3.905280199,8.967882848,1.378033646,107.6409777,7.198065902,2.261823532,134.4171841,70.79528819,59.6550517,0
Barbados,1983,0,34.96900319,38.86409485,19.33314681,0.650297395,25104.28058,81.61805295,-3.238375435,-5.987287765,-19.14555705,8.573268964,-34.65194337,136.4613353,9.154529613,3.712582867,80.07006716,67.79696022,58.51719345,0
Barbados,1984,0,134.8255682,96.75244109,18.11558579,-7.715030935,37971.54735,52.26122332,9.502317846,10.97880545,4.405721803,11.48166253,0.525376734,76.94946619,1.382301258,-0.131932723,92.75561376,45.07815843,52.81101498,1
Barbados,1985,0,73.92733522,67.74217131,37.39352626,0.985500163,23335.56599,18.09759347,-10.11782122,-11.77982014,-3.074259146,8.830849379,-39.72730033,109.8765275,3.07547375,-0.959336845,85.32219395,66.49612495,62.3485782,0
Barbados,1986,0,70.34567349,12.10896598,34.01254619,-9.97332721,20578.80273,30.44262538,0.911125696,3.546400656,16.79058535,8.49040416,70.4230308,147.3171536,11.60036822,5.682166552,146.7507007,28.68087532,38.57563028,1
Barbados,1987,0,105.7597355,48.71583176,8.814999645,-3.523007385,38178.46037,35.06157846,-0.610056281,-0.69163375,5.671451908,8.483344724,71.05092218,51.29110708,3.358626618,0.893538521,129.0093417,49.24546275,29.19434732,0
Barbados,1988,0,77.46434472,88.75078298,8.784317337,-5.601313723,35586.40606,97.15815531,-0.873710343,-1.195755828,-4.052220342,10.65412574,12.58564859,126.6584294,1.387947413,-2.985682561,158.1948719,37.50426429,65.63691668,0
Barbados,1989,0,104.2703509,37.13105678,19.97543302,9.424375799,17823.61886,-4.40850577,0.378082241,2.061314397,-9.456432765,3.906722428,-11.05381492,58.38082422,8.958049234,4.539464687,82.9915156,21.99393381,94.60783974,1
Barbados,1990,0,27.98801772,18.51007103,8.453008186,4.544846391,9216.102484,98.49493242,-2.444050658,-1.165126754,16.2113977,3.951059256,-32.29698868,75.423888,8.219047742,2.396977452,51.37228036,15.0829402,31.01994213,1
Barbados,1991,0,125.7840347,78.25462944,26.66825833,-3.006932391,22304.02862,97.94847169,-14.57673124,-13.932877,-19.34939704,9.023958812,77.6855749,56.6295629,9.118408935,-1.482972936,152.0764351,49.07528681,76.38517794,1
Barbados,1992,0,142.2655139,64.54124487,10.02920625,-8.143098269,25087.29906,99.59583301,7.502420287,10.11330052,-6.92350131,3.130109077,81.62429176,77.9815273,9.274582445,-2.728742761,67.22809377,16.83473944,55.03173499,0
Barbados,1993,0,104.3395002,61.3281257,23.28306424,0.336011894,37832.45471,45.04175879,5.674470687,5.208026253,17.74022335,10.98823005,-10.05655781,20.66157422,7.502960188,-0.376658121,86.94578366,60.26021677,43.51812718,0
Barbados,1994,0,144.0935708,14.82189036,5.252698145,-5.731042373,54897.36719,96.19994181,-10.64580798,-8.794617922,6.161320279,6.649989838,43.26408227,59.44705015,7.406608809,5.350983859,95.85292287,74.50279351,88.24873747,0
Barbados,1995,0,39.68620087,22.64491088,16.08087219,0.728590918,2460.232413,36.53791409,-4.668170566,-5.387612891,1.308762851,3.951436673,-11.20195028,77.88822831,13.86248348,5.40142053,162.0203138,21.34742768,56.51933556,0
Barbados,1996,0,82.06410463,66.02944566,28.70167533,6.707247084,14846.56245,-2.23908373,4.263724517,6.293798563,-11.85861128,9.425149191,-16.23100593,102.1912239,8.008225873,-0.200968623,143.8837716,42.9657005,66.66496113,0
Barbados,1997,0,98.23487541,28.70414573,21.94136291,2.315851042,11864.84175,18.55645457,9.501557885,8.058405658,13.33499097,4.091687244,-46.81879241,102.8569809,9.259503036,4.523378935,77.63981548,61.71422151,55.44450296,0
Barbados,1998,0,95.62576416,55.36630718,39.23943201,2.675768391,30286.9762,94.25610572,8.778426161,7.514028598,-11.8320375,11.57770065,36.57391264,95.8921304,4.004540879,0.976607909,139.6831716,30.07877627,26.49996653,0
Barbados,1999,0,72.19003128,59.03935174,35.59363286,0.820605781,25953.13818,-3.5547072,7.483979992,8.551197196,-10.06985874,11.80437591,-27.50876852,58.09413785,13.06639801,2.889102742,156.2221993,74.45351637,67.59237495,0
Barbados,2000,0,63.95097322,35.51564712,17.56747727,8.545312653,43823.54614,52.32938422,-11.04065257,-12.7643728,-12.32595429,8.168156783,-48.14432257,143.1625611,0.36552139,0.009994883,108.3345804,72.19258912,53.507278,0
Barbados,2001,0,36.48712293,95.358264,6.592028952,8.638053688,14772.22998,2.938166834,7.86187765,6.236802772,-13.67402158,1.806789732,-34.27232535,70.95607709,8.358401434,1.643753366,86.8929371,17.2628049,26.94052849,1
Barbados,2002,0,70.92651857,85.82176962,34.5969205,0.254464021,35791.55244,25.07164073,6.961122824,5.792697398,18.13249984,3.526901774,-2.934621262,48.19621236,5.757754428,-0.355984981,151.8474159,11.91798401,67.66493875,0
Barbados,2003,0,41.14590596,75.01361569,36.89320086,-3.884810257,53066.27864,4.249749325,-5.576252221,-4.502679603,4.081263846,6.427295065,50.37447852,92.08668216,9.058562933,-2.449970739,141.63368,78.35209381,20.78967456,0
Barbados,2004,0,115.4675379,17.01944798,33.72195877,-0.808259882,54667.46107,85.25050522,-5.136935137,-2.800606582,5.51348528,10.29164568,-19.606542,117.3607271,5.402580747,-1.745596324,61.68682377,76.95325173,36.68163106,0
Barbados,2005,0,47.14802161,19.55170174,9.478247932,-6.268841756,57539.4409,57.06242451,-3.502276951,-2.454871044,18.17301863,2.626194715,83.13858438,21.59036447,10.76531868,-0.38392955,150.001946,39.55999231,82.48556295,0
Barbados,2006,0,27.61348969,54.35032113,39.9270297,2.726886306,46463.69078,89.7211789,1.404390774,3.37127624,-10.77699779,1.700639779,-6.726738443,55.92472096,0.304971645,5.786284056,123.2776899,13.53943269,23.03419399,0
Barbados,2007,0,91.80759792,24.46420143,14.05044775,0.001846716,54387.478,67.27708595,-8.4791096,-8.217746062,-19.76329846,1.356491057,-0.316056586,127.2471208,6.088341582,5.691049352,163.0053435,53.32128869,71.73456784,0
Barbados,2008,0,97.37986525,98.04389172,30.34717195,-7.933990444,14301.49306,96.95805878,-14.42628926,-17.01274994,3.955345983,6.330126967,-17.30342301,85.91274214,12.468954,4.448970082,78.60763128,30.53870752,95.9765557,0
Barbados,2009,0,133.348698,24.26682106,36.78122067,-6.047044378,12095.58238,48.53715375,-11.46926189,-13.86646462,0.313794129,10.67406115,-11.92919944,73.1034796,3.753010767,-0.90744554,88.73246269,75.57060908,33.69539665,0
Barbados,2010,1,95.00760961,53.87210519,13.249049,-0.407360876,687.3386017,62.06461109,-3.997102311,-3.67075044,-0.893984904,0.98713129,-38.87973282,141.0171663,0.791263176,0.974419265,131.4969109,65.62633475,53.36894882,0
Barbados,2011,0,64.91251098,42.77089512,36.78904941,7.751779814,42498.60814,55.51242609,-7.949935764,-8.983129952,-17.52479155,2.941697641,-5.784413193,31.63956263,7.447861118,0.958045546,122.2600292,55.47156489,66.03981579,0
Barbados,2012,0,124.3915446,67.54477793,15.83185527,1.327814413,56266.79111,45.84734509,4.112914026,2.436322468,-1.822605337,8.472455682,78.94261894,100.0241261,14.64800191,0.482759203,107.9548057,29.91526933,56.0332671,1
Barbados,2013,0,90.23625611,21.6132768,39.17446278,3.630700004,11460.0401,83.82573337,-12.33274824,-12.53520667,-8.497617396,9.997429504,53.26368121,64.48453311,0.962378423,-2.596077254,161.9049972,59.08880056,69.63021489,0
Barbados,2014,0,30.306437,48.72847852,14.84410071,-3.219429005,38325.53145,62.67513925,7.936630639,8.935611084,-9.017412911,9.785094587,81.29023058,29.20704178,1.050847391,1.810746368,134.7127345,30.24177867,52.32780201,0
Barbados,2015,0,93.56057284,34.72345295,38.37025387,1.428227861,44863.64763,79.13778781,7.383179499,6.693131185,-11.10473679,9.528282659,-34.27114784,47.78678612,8.926748474,-2.344692071,156.5407781,12.63416889,31.88033032,1
Barbados,2016,0,138.0424109,89.89763722,6.874062781,-1.052403547,55678.56984,77.56821334,7.718920423,9.534173966,-6.69886561,1.992697709,18.34249463,101.6313177,3.751015693,4.217268126,72.98824435,45.59042113,27.12354879,0
Barbados,2017,0,71.52064131,13.65271409,29.82452041,3.182598252,38917.55537,15.05974187,3.490249965,4.921389445,-5.874676994,5.068232195,-15.61176905,23.6760014,6.153468505,3.221764286,159.3482443,44.20791814,79.55545249,0
Barbados,2018,0,58.52235425,92.23547446,23.62388968,-8.988488678,58226.53585,63.26717091,-12.32500071,-10.91551142,-7.648968946,11.82456362,58.18233858,96.992346,12.45760729,0.17463306,119.2292162,63.41041811,39.08991596,1
Barbados,2019,0,38.65102941,84.96947247,21.7256977,-0.133995675,20876.98652,15.96304201,-4.046560716,-1.135422578,19.15010863,11.87220707,95.53567371,144.3905548,2.982730263,2.82422744,55.06519035,70.59717176,87.79602502,0
Barbados,2020,0,39.68791785,36.78136448,12.822301,-4.080147497,21190.73347,56.24865022,-11.7148657,-12.94348584,17.30924342,7.427915007,72.30392186,123.3624881,10.78949905,-0.902666941,85.1737331,34.81279421,79.44217951,1
Barbados,2021,0,76.26029296,81.03615892,29.69585264,-3.476298774,32717.84685,66.13064187,9.692479819,10.56083334,2.980403981,8.656572854,-44.70827499,64.92762031,7.567282699,-0.612749415,53.86345876,41.46311071,23.95625475,1
Barbados,2022,0,97.43837714,12.80922043,11.6783322,9.218348631,23195.0623,99.70968252,-6.674039415,-4.541169374,19.24219354,11.43976366,-2.501045803,37.96699403,13.57436539,-0.172798348,118.5311783,42.92802938,36.09688937,0
Democratic Republic of Congo,1980,0,30.48000267,97.01789953,24.34946286,-6.346103746,385.1159788,-1.793092294,-0.366736453,0.110410151,19.64792041,5.674170404,-45.71304643,80.45837641,3.451559323,5.756658003,169.55174,32.81158324,43.35941252,0
Democratic Republic of Congo,1981,0,142.1439166,57.39354483,13.86358771,-3.775094948,43986.7899,4.580451382,4.484826356,6.221839413,-5.762411599,2.073968866,-43.97495496,71.0835567,12.05653175,1.364647071,81.60370203,79.12146919,67.55857991,0
Democratic Republic of Congo,1982,0,118.1673703,37.29529235,38.44674829,0.197851515,45177.50738,3.087803119,8.015402106,7.502115221,-2.19249817,8.192912068,-38.07270438,146.3252848,7.198065902,2.261823532,134.4171841,70.79528819,84.78616003,0
Democratic Republic of Congo,1983,0,96.26110938,42.63248913,6.002091784,7.260538963,44894.3839,36.82793506,3.888693146,4.43164122,18.36247108,11.54117651,-8.550960654,148.6828471,9.154529613,3.712582867,80.07006716,67.79696022,24.82666041,1
Democratic Republic of Congo,1984,0,127.6970272,15.97648181,11.9904898,-1.666598336,20897.7338,81.26677796,1.862594469,-0.803407174,4.345047972,8.517870079,-4.369584854,73.37600532,1.382301258,-0.131932723,92.75561376,45.07815843,39.96871615,0
Democratic Republic of Congo,1985,0,30.42427839,99.04145626,13.48087122,4.877305618,31480.68156,83.62591494,-3.350455449,-0.435849814,-11.48283669,9.738192961,10.06802699,39.34191786,3.07547375,-0.959336845,85.32219395,66.49612495,50.09678099,0
Democratic Republic of Congo,1986,0,81.98905411,13.53627506,19.4923739,7.127481964,21790.41904,72.38285755,0.135003344,1.935114232,7.575226733,5.361611246,10.73966417,138.3792415,11.60036822,5.682166552,146.7507007,28.68087532,34.67017237,0
Democratic Republic of Congo,1987,0,101.9121065,68.94164108,13.14555847,-3.799672884,1257.373082,89.17221539,-12.64590478,-10.43305035,-11.77015272,1.609326273,65.71135178,123.1604958,3.358626618,0.893538521,129.0093417,49.24546275,63.6233678,0
Democratic Republic of Congo,1988,0,127.7248778,49.84623349,22.19721816,-2.144996329,33878.20179,28.90029414,7.098063549,8.263829218,-6.425690253,2.442143995,-28.78951346,86.46564687,1.387947413,-2.985682561,158.1948719,37.50426429,58.24019835,0
Democratic Republic of Congo,1989,0,121.8510428,95.40245964,35.53629331,-2.868875526,7688.511765,4.256237646,-1.405567279,-3.289267082,-10.89759348,11.80053054,-26.33890763,67.49610359,8.958049234,4.539464687,82.9915156,21.99393381,45.31965136,0
Democratic Republic of Congo,1990,0,56.01900246,32.13997663,29.92221975,6.657116172,5078.467048,1.106067939,-13.99662374,-16.81045308,-10.20079136,6.171619645,43.98835775,78.26155759,8.219047742,2.396977452,51.37228036,15.0829402,61.35095095,0
Democratic Republic of Congo,1991,0,142.314422,57.88781415,25.29866932,-9.113062761,45403.2944,84.47393556,7.997553141,10.18549279,-19.81377674,0.638236787,35.76132283,137.2445528,9.118408935,-1.482972936,152.0764351,49.07528681,48.46572515,0
Democratic Republic of Congo,1992,0,36.16495939,53.41205877,8.115111229,-3.831578223,867.5202844,71.69581091,-2.767450654,-3.389466732,15.22835329,11.48672373,-26.89929418,44.00364821,9.274582445,-2.728742761,67.22809377,16.83473944,47.4555254,0
Democratic Republic of Congo,1993,0,133.7673704,73.25797996,29.28972379,3.588171152,57552.80408,68.35460713,6.714728539,5.297917795,-8.160380189,6.224468988,77.83966403,124.8818577,7.502960188,-0.376658121,86.94578366,60.26021677,41.23164203,0
Democratic Republic of Congo,1994,0,146.2222324,16.12092088,10.82449995,1.308869991,31060.74524,30.66601555,6.422198855,6.792236608,-16.54502482,10.11708658,-0.641087885,22.36478227,7.406608809,5.350983859,95.85292287,74.50279351,63.23503475,0
Democratic Republic of Congo,1995,0,43.02995802,27.4410217,32.52285851,-1.274212814,58986.08091,34.8900448,5.393789686,4.919180821,-16.52050377,6.807268633,5.045102282,139.6743591,13.86248348,5.40142053,162.0203138,21.34742768,55.52923156,0
Democratic Republic of Congo,1996,0,113.8685883,29.31083381,13.75198655,0.798964544,3762.455077,95.60192053,-13.46492452,-12.55492854,2.240731058,1.669576262,13.06901213,85.03864635,8.008225873,-0.200968623,143.8837716,42.9657005,35.70598273,0
Democratic Republic of Congo,1997,0,25.23711744,76.43356794,19.59670549,-6.048308283,35136.71407,1.69949813,-8.823333864,-8.920574466,19.71682202,7.579050195,-1.594719389,49.47721742,9.259503036,4.523378935,77.63981548,61.71422151,21.03730087,0
Democratic Republic of Congo,1998,0,72.70496727,27.02248267,17.26645708,-1.385667568,21154.82405,76.24183238,6.888696812,8.072095654,-14.19910131,11.97010318,33.61825784,20.37134537,4.004540879,0.976607909,139.6831716,30.07877627,32.07436325,0
Democratic Republic of Congo,1999,0,87.1168289,61.61425875,35.05848701,0.034059684,50655.90482,27.51149899,7.474776401,9.595316018,-16.01512876,0.8994845,8.297158474,92.74104094,13.06639801,2.889102742,156.2221993,74.45351637,23.42676812,0
Democratic Republic of Congo,2000,0,95.48387937,29.37194385,9.429056055,8.023782439,21864.99729,-0.899265067,-3.548278441,-5.374936375,-2.467844784,10.18063327,-11.08479111,51.78342317,0.36552139,0.009994883,108.3345804,72.19258912,54.52790669,0
Democratic Republic of Congo,2001,0,141.6718423,87.54624551,24.79757088,-4.783296744,15851.10847,72.96986163,-3.998963309,-5.022366025,2.533250154,3.20802915,85.67123016,102.0643637,8.358401434,1.643753366,86.8929371,17.2628049,38.00774831,0
Democratic Republic of Congo,2002,0,107.3925893,94.7966909,9.972156331,7.356570043,51495.92169,29.745748,-10.62148415,-11.00059063,-8.224785645,5.029461561,-3.747388979,56.55200659,5.757754428,-0.355984981,151.8474159,11.91798401,53.6364266,0
Democratic Republic of Congo,2003,0,82.56613366,56.66436774,29.66785426,2.884828017,22666.78957,70.82548947,9.210269717,11.98262041,-7.899116299,4.786159385,54.77333882,31.44312379,9.058562933,-2.449970739,141.63368,78.35209381,46.35598987,0
Democratic Republic of Congo,2004,0,125.2577547,41.70779958,36.67773447,-9.593183379,1304.949196,69.30371023,-9.671538116,-10.47953643,-3.020939926,10.83616773,2.084015554,85.65671188,5.402580747,-1.745596324,61.68682377,76.95325173,63.04118485,1
Democratic Republic of Congo,2005,0,143.5692667,31.06519975,20.21126789,4.492626738,23600.25932,51.15262192,-10.22658039,-10.93998129,-7.434175394,6.301591172,15.28299803,93.38314572,10.76531868,-0.38392955,150.001946,39.55999231,77.9093463,0
Democratic Republic of Congo,2006,0,22.86859933,14.48029014,22.08322911,-9.288962449,39374.97946,76.62417857,1.518224254,2.439059391,16.61326334,5.642504299,-14.60847149,78.83670332,0.304971645,5.786284056,123.2776899,13.53943269,58.34511505,0
Democratic Republic of Congo,2007,0,147.7277654,34.16500686,37.45979928,9.947622536,15485.26447,56.00902404,-8.928892425,-9.413694166,-18.32181715,9.907288752,62.84944291,79.54462206,6.088341582,5.691049352,163.0053435,53.32128869,24.95744488,1
Democratic Republic of Congo,2008,0,31.19717808,68.8812202,23.2346986,7.452733754,26089.65927,25.09686955,8.469290275,11.17663275,-10.61719361,1.062432045,60.58048771,96.65451663,12.468954,4.448970082,78.60763128,30.53870752,21.40083851,0
Democratic Republic of Congo,2009,0,125.8702813,58.02552382,22.06594533,-4.053125049,3685.893755,72.08210661,-14.72732512,-12.36051255,12.34211185,1.494247624,-46.66400813,88.42595622,3.753010767,-0.90744554,88.73246269,75.57060908,37.0584933,1
Democratic Republic of Congo,2010,0,56.44351783,94.96371505,25.24151859,-4.851775396,35409.13965,56.85968067,-14.85616844,-14.77571578,13.35832499,0.749421854,-40.97089395,37.23378005,0.791263176,0.974419265,131.4969109,65.62633475,53.9974009,0
Democratic Republic of Congo,2011,0,37.18335551,45.66495362,29.12304077,-2.371178358,45450.80695,-3.663635423,-2.378079964,-1.50942856,-15.53779684,8.411803396,88.35646821,45.62113404,7.447861118,0.958045546,122.2600292,55.47156489,23.59240229,0
Democratic Republic of Congo,2012,0,77.18123316,72.44770081,8.740918128,-2.876660694,24974.75992,89.67263867,-2.798438502,-5.450255131,18.950538,6.544585576,83.32402709,38.43283539,14.64800191,0.482759203,107.9548057,29.91526933,46.21870439,0
Democratic Republic of Congo,2013,0,103.7143553,54.03904727,33.73886847,-2.553243632,25387.88818,52.29257992,-10.91589945,-9.741516284,7.734193996,10.57425445,25.91307892,110.1284257,0.962378423,-2.596077254,161.9049972,59.08880056,90.96205663,0
Democratic Republic of Congo,2014,1,69.52373985,56.13185943,20.24267596,-3.634469078,5570.465166,86.20586288,-2.637010926,-1.393805688,-9.096277761,6.233128384,24.00360873,88.71779358,1.050847391,1.810746368,134.7127345,30.24177867,27.20152175,1
Democratic Republic of Congo,2015,0,27.09350308,34.09968831,7.532197846,2.422668137,12355.86961,87.68736809,-4.708472371,-5.553276597,-1.758485407,3.050925087,71.86362616,75.88116606,8.926748474,-2.344692071,156.5407781,12.63416889,95.88132078,0
Democratic Republic of Congo,2016,0,97.92994816,50.94556992,32.51639342,-6.714726726,9534.115597,41.72149896,7.258238134,5.576335435,-8.114455217,9.759194791,-29.23247797,123.7840694,3.751015693,4.217268126,72.98824435,45.59042113,88.53374204,0
Democratic Republic of Congo,2017,0,137.3124259,52.37064973,18.19324901,6.919625849,29056.75979,48.30429963,-14.76865199,-12.27818158,-13.99911001,3.884724324,48.0548682,62.35330577,6.153468505,3.221764286,159.3482443,44.20791814,86.54249248,0
Democratic Republic of Congo,2018,0,69.81799757,73.59782696,8.512862328,6.248049681,31896.55579,38.65421071,9.406745126,8.966974531,-8.35287741,11.26043249,21.39744917,93.8538662,12.45760729,0.17463306,119.2292162,63.41041811,89.09268087,0
Democratic Republic of Congo,2019,0,48.12326109,94.65759993,27.18226638,-0.470335843,56951.72584,42.19086141,0.609819107,1.532055736,3.2036775,3.37987471,61.4996544,29.67298819,2.982730263,2.82422744,55.06519035,70.59717176,26.40402122,0
Democratic Republic of Congo,2020,0,77.53505497,39.63891497,35.80459737,7.054599306,4671.920805,88.99045169,-11.20391386,-14.00394109,13.03878779,2.428787508,-45.4845813,116.7725309,10.78949905,-0.902666941,85.1737331,34.81279421,32.09344752,0
Democratic Republic of Congo,2021,0,26.28715244,13.79804217,36.07137283,-5.057098599,36112.118,77.75512147,-13.83099965,-14.34659666,-5.458837004,6.173225902,38.90883246,110.3750178,7.567282699,-0.612749415,53.86345876,41.46311071,30.74979412,0
Democratic Republic of Congo,2022,0,126.663386,54.6665613,38.51822162,-9.648690886,31731.96208,8.285196013,-1.547358536,0.35619433,-6.083938378,1.080923857,33.50923228,124.3093518,13.57436539,-0.172798348,118.5311783,42.92802938,28.89934486,0
Mozambique,1980,1,127.4243054,59.00151989,35.36969109,2.384158501,31119.11595,59.08231706,-9.127745851,-9.802289848,-1.279971957,0.918734878,76.12724944,134.9818745,3.451559323,5.756658003,169.55174,32.81158324,46.21689756,0
Mozambique,1981,1,96.44006025,25.1596496,5.074932177,-0.841811861,52427.60946,99.57019724,-7.470861575,-6.851894614,5.782223999,6.20416727,51.52544463,118.5436747,12.05653175,1.364647071,81.60370203,79.12146919,86.41735064,0
Mozambique,1982,0,65.90337556,78.44181456,18.30844082,1.343290926,12570.6467,57.53282363,-8.871695879,-10.61256108,10.0646505,2.973729129,82.02405376,129.7836857,7.198065902,2.261823532,134.4171841,70.79528819,40.15697149,0
Mozambique,1983,0,123.9718374,98.64361976,33.6489903,7.98678818,2734.164478,77.51652069,1.254307839,0.753461732,-6.928019808,0.607555342,83.09099825,64.93509787,9.154529613,3.712582867,80.07006716,67.79696022,39.53773432,0
Mozambique,1984,0,92.10931322,95.11972453,17.81885521,9.398511471,40434.60901,75.75145471,-1.161775947,1.404050361,3.454098713,3.904654481,11.22460013,64.63385706,1.382301258,-0.131932723,92.75561376,45.07815843,74.07110059,0
Mozambique,1985,0,127.3712001,27.73954349,26.05419772,2.689062795,20905.90061,31.78334022,-13.05063941,-12.65192891,-4.425566349,5.989724569,-29.38487994,142.7591066,3.07547375,-0.959336845,85.32219395,66.49612495,27.75400817,0
Mozambique,1986,0,102.089643,88.78269159,26.22109316,5.281111797,1350.117998,34.04417678,-1.836836671,0.574752084,8.655994015,5.034320067,44.54254837,138.8946897,11.60036822,5.682166552,146.7507007,28.68087532,48.82239939,1
Mozambique,1987,0,121.9727115,73.40442728,17.77588564,-8.32383133,15307.02824,71.02802429,4.779744139,7.191859936,-13.41300318,2.057898861,81.06191476,91.30465434,3.358626618,0.893538521,129.0093417,49.24546275,43.63410455,0
Mozambique,1988,0,97.81318912,50.84619074,36.65658745,-6.785688302,18766.80842,47.49827082,-12.97013523,-10.30524843,-9.723005398,7.16626052,-38.75699837,67.65264209,1.387947413,-2.985682561,158.1948719,37.50426429,87.78406913,1
Mozambique,1989,0,73.83833887,58.65498949,22.61299209,4.664096099,37125.25109,54.90992446,7.243474406,9.615824366,-2.957583206,8.668829398,33.68849096,132.5801989,8.958049234,4.539464687,82.9915156,21.99393381,61.16010221,0
Mozambique,1990,0,144.5329618,86.46401575,21.26744721,-1.372690872,10603.3719,69.85510799,-0.542333764,-3.52264699,15.5765916,8.268700365,-32.750071,62.04344722,8.219047742,2.396977452,51.37228036,15.0829402,71.71788513,0
Mozambique,1991,0,90.34479723,53.21214457,39.9129811,-1.080694592,24959.34457,76.64537784,8.765611732,11.36970108,2.933031574,5.028262095,-45.95060124,39.97256078,9.118408935,-1.482972936,152.0764351,49.07528681,30.32274706,0
Mozambique,1992,0,98.66163741,43.58866322,22.27251274,-3.827846367,29103.78403,23.50924066,-11.29646956,-13.47171292,18.61584476,2.082355738,51.94530309,103.1340478,9.274582445,-2.728742761,67.22809377,16.83473944,94.31346084,0
Mozambique,1993,0,48.66339312,54.39227437,11.24393882,2.14712767,27716.47226,10.41334474,9.839124984,7.07868249,-15.86889259,6.244097895,52.27744178,25.54083527,7.502960188,-0.376658121,86.94578366,60.26021677,45.79617233,0
Mozambique,1994,0,101.3346026,62.12168236,22.9574298,-6.296699092,58444.26377,25.63843791,1.106821649,-1.560847143,-1.592983454,10.73996518,40.09870675,69.2832478,7.406608809,5.350983859,95.85292287,74.50279351,76.54710703,0
Mozambique,1995,1,94.30899443,27.01698884,33.49058574,2.538325586,3016.602996,48.29152413,-0.812645013,-1.719147842,-3.236858798,5.890312763,78.88342059,124.996296,13.86248348,5.40142053,162.0203138,21.34742768,96.37009439,0
Mozambique,1996,0,44.02899173,91.08169572,32.19011144,-6.524022857,57072.80073,30.92483832,-2.118009397,-1.393184886,4.008247056,2.750332072,-37.86853403,58.37810544,8.008225873,-0.200968623,143.8837716,42.9657005,60.69190893,0
Mozambique,1997,0,27.74632266,70.67682539,32.60036178,-8.723479306,35041.65168,54.67808968,-14.40864067,-14.99477349,12.47858435,1.570112986,-34.21096075,141.0710123,9.259503036,4.523378935,77.63981548,61.71422151,60.6028207,0
Mozambique,1998,0,98.56671156,66.99420256,29.78083244,-3.392846226,47804.94458,0.613901033,8.490979789,5.644305497,13.65792102,11.35515634,79.6803157,144.2572067,4.004540879,0.976607909,139.6831716,30.07877627,29.37995388,1
Mozambique,1999,0,119.279995,18.95466036,13.89762402,-5.37719316,25994.4393,48.52379322,1.099861821,0.958757626,6.807784348,9.044608202,25.49150798,126.0561191,13.06639801,2.889102742,156.2221993,74.45351637,51.22204451,0
Mozambique,2000,0,88.04217822,64.37565444,35.172943,7.779832771,27394.12151,33.63841523,-12.70933789,-13.05655343,5.66145457,4.099120186,-9.042078674,148.3936315,0.36552139,0.009994883,108.3345804,72.19258912,88.19719511,0
Mozambique,2001,0,49.48044129,20.8864596,36.27052129,-8.900930923,52795.79199,51.14000926,-14.47619574,-12.93510015,17.96118168,3.896552671,60.7235467,88.9993345,8.358401434,1.643753366,86.8929371,17.2628049,30.80852057,0
Mozambique,2002,0,106.647857,17.08279077,11.79534438,-6.467726149,53787.28943,39.36600226,-13.73040902,-15.05273163,-4.652503934,10.7950126,84.16055839,93.99594178,5.757754428,-0.355984981,151.8474159,11.91798401,93.40033044,0
Mozambique,2003,0,30.41374446,57.45798061,9.565947279,0.974392112,14549.72622,24.84371432,0.234894086,-1.459918871,13.31133257,2.5420347,53.44049293,128.701686,9.058562933,-2.449970739,141.63368,78.35209381,73.38475315,0
Mozambique,2004,0,77.43838162,46.25069806,39.1461739,-0.378656183,12194.74015,89.93133007,0.350385372,-1.113980882,16.86014908,6.652928831,68.7898895,84.06468325,5.402580747,-1.745596324,61.68682377,76.95325173,53.6767868,0
Mozambique,2005,0,41.23767859,62.99292431,35.39133873,-9.082959633,29925.23988,14.40032378,-2.508317705,-3.68587877,-0.338430229,8.705299165,-7.625413971,72.87360089,10.76531868,-0.38392955,150.001946,39.55999231,63.71987348,0
Mozambique,2006,0,43.97967664,18.02999513,36.26326515,-9.85495144,54046.53852,66.54338544,-7.330854484,-6.735865243,9.164103144,5.058489048,-6.683696088,99.91796685,0.304971645,5.786284056,123.2776899,13.53943269,32.03972862,0
Mozambique,2007,0,46.29821339,48.78847566,36.02317346,9.761358839,19544.59908,92.08769482,-1.70643171,-1.877278797,-4.919205733,0.958876939,79.61858205,105.4957364,6.088341582,5.691049352,163.0053435,53.32128869,37.39866345,0
Mozambique,2008,0,70.27191742,25.73080435,23.95903884,3.176694007,39225.27254,51.56034577,-2.092454478,-3.071087087,-13.64483943,3.119226358,42.2294273,117.6164568,12.468954,4.448970082,78.60763128,30.53870752,42.91267417,1
Mozambique,2009,0,26.64952673,98.83900773,27.62406078,-2.691877382,42576.65576,87.0228913,-14.514611,-15.26872605,3.460155259,10.87079358,-14.87558725,106.8660906,3.753010767,-0.90744554,88.73246269,75.57060908,50.78768945,0
Mozambique,2010,0,71.71314732,60.50351912,24.08769982,-0.591355047,46786.87749,8.109405235,-7.938269242,-8.712727281,-12.14113397,6.515868119,28.62427232,116.9438334,0.791263176,0.974419265,131.4969109,65.62633475,93.2417596,1
Mozambique,2011,0,86.52196812,71.86931748,6.792222222,-4.668997591,33966.29014,46.84782088,-13.67036646,-10.8359263,-1.696034768,9.877574335,52.87907072,107.6927572,7.447861118,0.958045546,122.2600292,55.47156489,49.405522,1
Mozambique,2012,0,82.82825705,39.28764526,31.09260799,-3.102524326,24326.57414,42.98765445,7.503868786,5.901850715,14.91517253,6.890383742,-17.21763781,82.45788101,14.64800191,0.482759203,107.9548057,29.91526933,61.90681923,1
Mozambique,2013,0,69.76193305,18.52650233,22.68662117,2.980889345,58030.85453,-4.147525261,3.13057907,5.038948431,-16.5592725,11.3514241,48.23596123,37.54149596,0.962378423,-2.596077254,161.9049972,59.08880056,32.96209291,0
Mozambique,2014,0,129.089059,97.82837765,27.66981762,7.656235977,36796.44597,41.54202084,9.902879255,11.15214428,-18.78285857,10.95504187,-43.67827253,122.1076198,1.050847391,1.810746368,134.7127345,30.24177867,78.87785608,0
Mozambique,2015,0,38.89247001,35.76331318,22.59239317,-6.317399538,43795.34313,33.74812442,-7.445718417,-10.41229838,4.259113895,6.053212483,-4.446256549,24.00128968,8.926748474,-2.344692071,156.5407781,12.63416889,64.82246793,0
Mozambique,2016,0,85.74057669,48.14273667,22.21339628,6.807230108,20895.47589,65.32886642,6.962146194,9.921203503,-6.757546936,4.160151293,51.09577176,149.0250119,3.751015693,4.217268126,72.98824435,45.59042113,55.19259664,1
Mozambique,2017,1,28.0653842,68.48775295,11.01261883,-7.56886741,40295.96611,93.52462675,0.076356698,1.614992922,-3.282491723,7.419191054,-27.59764018,127.6996037,6.153468505,3.221764286,159.3482443,44.20791814,95.77491724,0
Mozambique,2018,0,29.25023825,12.22275679,14.75498003,-5.700155528,15690.52043,4.008064268,-3.671864827,-2.577167309,-3.771576454,8.261208339,-16.6701454,107.218379,12.45760729,0.17463306,119.2292162,63.41041811,91.25206753,0
Mozambique,2019,0,94.60256046,82.92332175,10.55984422,-9.256494239,14932.28598,29.38502061,-9.435672218,-10.00372397,-16.53519084,6.231083561,81.86399355,145.6588803,2.982730263,2.82422744,55.06519035,70.59717176,72.76090179,1
Mozambique,2020,0,93.58239524,58.2920371,11.84832035,-7.183762758,42968.91545,41.62679743,3.459804132,3.791022666,-19.85734269,9.956257043,51.14816491,99.62113659,10.78949905,-0.902666941,85.1737331,34.81279421,93.74499249,1
Mozambique,2021,0,134.1443567,35.03954684,39.05420831,8.346062909,31427.26575,42.79446469,7.603518723,6.123144097,15.93692971,2.608278001,24.83780654,27.3362745,7.567282699,-0.612749415,53.86345876,41.46311071,65.18254359,0
Mozambique,2022,0,92.52357784,15.54471868,10.3589706,-0.811225068,41091.61364,76.35502069,-9.117290048,-11.90438962,-11.28805756,4.345736052,-18.36599118,92.71968262,13.57436539,-0.172798348,118.5311783,42.92802938,86.15497214,0
Poland,1980,0,144.7728327,24.62485739,14.42446485,-8.446682764,16385.4779,41.55654491,-10.61524163,-8.599111675,-2.956840325,8.39332811,1.211448487,56.03654414,3.451559323,5.756658003,169.55174,32.81158324,52.75681313,0
Poland,1981,0,26.33033029,90.5530473,25.67063802,9.194536761,36043.78346,-2.148063347,2.405547875,4.784454837,18.87703187,3.336864452,36.14957474,68.03207864,12.05653175,1.364647071,81.60370203,79.12146919,26.93953531,0
Poland,1982,0,32.74099902,71.74218015,26.35625017,7.579846155,26802.83889,69.56092993,9.424329068,7.399152888,13.07050328,5.558214564,-26.70311091,79.74607026,7.198065902,2.261823532,134.4171841,70.79528819,99.53188716,1
Poland,1983,0,25.728562,32.49115495,10.38909454,5.093650417,35938.52912,87.90711799,3.748877528,5.471214103,-15.68276579,11.58293579,22.26161198,120.698097,9.154529613,3.712582867,80.07006716,67.79696022,33.25052167,1
Poland,1984,0,44.08599054,15.90406885,32.7801099,8.669455839,17665.52001,48.95999482,-7.885481524,-6.438565484,0.340761265,7.697573686,11.34615912,85.38079787,1.382301258,-0.131932723,92.75561376,45.07815843,40.12080314,0
Poland,1985,0,90.36511442,72.15537811,32.48210038,-5.597411583,43012.42253,56.01639478,-4.501114396,-6.430864385,9.20316106,11.4141582,21.50310121,81.70843781,3.07547375,-0.959336845,85.32219395,66.49612495,33.04827115,0
Poland,1986,1,103.9243836,61.51669534,13.30611965,6.72738586,48413.98316,12.10832609,-5.392059114,-5.861086298,7.9357114,8.808076137,-34.16587681,59.25637791,11.60036822,5.682166552,146.7507007,28.68087532,46.99836144,0
Poland,1987,0,25.92607053,46.4067572,15.10332059,3.799823927,15817.01349,18.16782419,6.302375451,5.838922976,10.4336741,8.833667851,-34.02543694,90.18339144,3.358626618,0.893538521,129.0093417,49.24546275,43.1424107,0
Poland,1988,0,142.9762157,42.72503043,37.82957529,7.395184991,18247.04742,19.69287511,4.284269472,5.844055022,-1.701813804,7.306357497,94.61664291,52.29081108,1.387947413,-2.985682561,158.1948719,37.50426429,68.08817988,0
Poland,1989,0,129.481499,29.51328483,33.89850061,5.938231315,39770.9099,40.22790736,-0.275614131,1.750351304,-12.96308283,2.13539884,96.90516006,53.929196,8.958049234,4.539464687,82.9915156,21.99393381,99.71680115,0
Poland,1990,0,58.55962268,70.26501309,29.42289616,-3.070098736,41826.43491,92.45524819,-8.12602224,-10.55737151,-1.405102243,6.476714345,13.92469869,118.4436408,8.219047742,2.396977452,51.37228036,15.0829402,24.20072444,1
Poland,1991,0,30.03437893,97.3601225,7.878162753,5.48797074,42334.75116,49.78740051,8.449713193,8.827528602,5.915489967,3.405661306,68.34931805,64.53114439,9.118408935,-1.482972936,152.0764351,49.07528681,82.27544906,1
Poland,1992,1,42.08531952,25.81437213,19.63924283,-4.75087394,41057.10074,15.17025275,1.332880619,2.903371601,4.343683464,11.98473438,48.36871404,26.68195748,9.274582445,-2.728742761,67.22809377,16.83473944,30.23935395,0
Poland,1993,0,36.50277379,63.7404958,24.57556552,-3.428156739,23750.6207,22.93921227,9.261916161,10.97905973,-17.17911785,3.570062311,-32.46247181,64.67804717,7.502960188,-0.376658121,86.94578366,60.26021677,21.58680197,0
Poland,1994,0,36.02689131,48.17665502,11.55939508,-7.841885656,23872.76436,35.32157812,-0.497074174,-2.609113027,-17.40190264,3.1528872,-5.4982014,103.014387,7.406608809,5.350983859,95.85292287,74.50279351,71.08614561,0
Poland,1995,0,87.41301953,50.20198496,20.68793037,8.70153232,15512.61213,60.44219245,5.529818959,5.682849818,18.61031325,7.674656284,-2.952288703,125.8181263,13.86248348,5.40142053,162.0203138,21.34742768,89.86521831,0
Poland,1996,0,51.96016752,32.87325521,26.03590571,-4.179932732,9662.971884,41.20348107,5.327634485,7.472986723,-13.9277818,6.375911352,39.36616523,145.0517686,8.008225873,-0.200968623,143.8837716,42.9657005,34.10388053,0
Poland,1997,0,66.55816315,84.26213881,16.4581838,0.412449303,41646.86955,36.20670864,-6.566780579,-7.65566912,-8.22150144,0.745558502,36.99650685,117.0086548,9.259503036,4.523378935,77.63981548,61.71422151,47.32910277,0
Poland,1998,0,148.6356933,53.67300437,32.33306866,-2.173343271,5863.370523,54.29650304,9.100518074,8.651219467,10.70537929,1.989631558,88.52630406,75.75070922,4.004540879,0.976607909,139.6831716,30.07877627,33.50001634,0
Poland,1999,0,108.9608524,58.9065267,34.41573536,9.198562412,56286.19952,20.39267447,-14.45146331,-12.62531224,-3.612916967,9.826993831,68.5054471,58.8855063,13.06639801,2.889102742,156.2221993,74.45351637,92.52060554,0
Poland,2000,0,143.3674867,37.42848215,16.32633143,-3.299016581,49653.17233,3.284843621,4.217772719,1.753689846,-12.74140587,6.062457484,78.52714969,36.85189872,0.36552139,0.009994883,108.3345804,72.19258912,41.62883459,1
Poland,2001,0,38.53235215,26.36276191,34.35300041,5.570916428,51493.09268,-2.436496944,9.138927144,11.29588688,-1.310704708,2.17917497,83.68429204,101.5992365,8.358401434,1.643753366,86.8929371,17.2628049,55.57703131,1
Poland,2002,0,69.67813173,17.73193494,8.625179814,7.108323093,54428.12823,21.38221216,-6.527294918,-7.660354618,2.757998831,5.850289473,70.19150088,86.28483083,5.757754428,-0.355984981,151.8474159,11.91798401,91.5793021,0
Poland,2003,0,92.11513443,74.27072268,34.32051845,-1.28787005,24693.71675,4.617163585,1.202764695,-1.788533406,-1.889335629,3.411214455,-0.067810841,108.1011971,9.058562933,-2.449970739,141.63368,78.35209381,64.2295363,0
Poland,2004,0,29.97854805,27.66108535,10.34626511,-2.436563711,50848.03318,30.31576704,-0.944418754,-2.539463884,16.75784302,3.071301803,-17.7480543,50.82731034,5.402580747,-1.745596324,61.68682377,76.95325173,94.62798406,0
Poland,2005,0,20.54436767,72.10678188,7.902450338,4.954916419,9736.259627,76.15802174,4.037682742,1.574686587,-8.612028196,11.51384068,35.7651007,62.07374185,10.76531868,-0.38392955,150.001946,39.55999231,94.11603317,0
Poland,2006,0,107.1564634,45.13388014,27.46213916,8.257919606,1592.015138,70.2109047,6.654448041,4.208757483,6.453286428,4.663282059,53.43524747,57.97239543,0.304971645,5.786284056,123.2776899,13.53943269,56.92808159,0
Poland,2007,0,103.4365372,47.41973209,21.5178078,5.098634661,47158.01626,59.14740039,0.076114232,1.233128637,-15.50821114,1.033957704,7.985195344,123.6947395,6.088341582,5.691049352,163.0053435,53.32128869,66.59060902,0
Poland,2008,0,73.4025453,52.22597465,36.77617101,-5.457472688,4765.359885,84.51252561,5.39761466,3.681472673,-4.308581693,11.65875674,77.25079749,42.25987593,12.468954,4.448970082,78.60763128,30.53870752,38.4251419,0
Poland,2009,0,83.65372988,43.09376573,17.71162186,7.766154949,59314.92264,24.61710058,-7.192860603,-4.584406425,9.639730063,9.64065511,94.08498892,99.10137521,3.753010767,-0.90744554,88.73246269,75.57060908,99.2428655,0
Poland,2010,0,74.00759008,19.05579795,15.05032922,-2.248366651,40585.34685,87.93064407,-9.285323532,-9.186656253,-11.00732238,3.425753025,35.40935892,26.67615205,0.791263176,0.974419265,131.4969109,65.62633475,42.26533283,0
Poland,2011,0,23.12065583,37.8668629,22.52572172,1.524588236,45280.9477,36.92011282,-4.233307762,-4.472718214,3.590841826,5.202256099,18.48880933,91.43858487,7.447861118,0.958045546,122.2600292,55.47156489,82.66455904,0
Poland,2012,0,63.59830881,69.73609246,20.9581165,6.628712386,14974.49022,37.09379842,1.94341499,1.549116099,-13.86251883,10.41633011,76.43306754,28.30881685,14.64800191,0.482759203,107.9548057,29.91526933,45.03752481,0
Poland,2013,0,43.0206932,69.92059613,17.05498162,-6.232104652,40529.76402,37.56191943,-10.31882628,-9.163300439,-15.89193235,4.610255472,-46.35956795,42.8639568,0.962378423,-2.596077254,161.9049972,59.08880056,45.04338097,0
Poland,2014,0,32.79514458,35.76018765,29.28094545,5.690202714,2880.230254,5.299908455,2.008804804,1.722381379,0.929309957,7.025146483,-30.64810762,34.69328927,1.050847391,1.810746368,134.7127345,30.24177867,28.30903414,0
Poland,2015,0,144.3736564,51.40923639,31.58466419,1.923255958,50318.19548,97.42650232,-5.147658786,-7.376056648,7.000439843,6.650854001,76.84864885,65.074296,8.926748474,-2.344692071,156.5407781,12.63416889,64.79166486,0
Poland,2016,0,97.91676426,27.41025052,34.85443892,7.866832837,10426.55835,9.543211672,4.889381847,7.170414931,-15.46531735,5.114887309,59.80428785,64.6850843,3.751015693,4.217268126,72.98824435,45.59042113,39.58658705,0
Poland,2017,0,114.725317,28.93348734,39.04998116,-6.560591963,41932.27659,30.79300107,-14.07910457,-14.50873248,16.71105009,7.854271871,12.42050473,127.4345065,6.153468505,3.221764286,159.3482443,44.20791814,31.87158062,1
Poland,2018,0,60.99728662,12.07423796,14.33296672,-1.586355259,13701.48592,28.52653363,1.699565946,-0.8564066,-10.96910949,5.942843479,83.32777866,49.33936868,12.45760729,0.17463306,119.2292162,63.41041811,38.13333556,1
Poland,2019,0,71.10912683,90.70718949,30.06327189,6.656861857,4386.654215,2.841340446,1.245558416,1.421754341,-15.20098767,0.744150654,2.718743147,31.23027643,2.982730263,2.82422744,55.06519035,70.59717176,40.08745257,0
Poland,2020,0,50.80011921,28.96359986,18.79903824,-9.615365931,29045.17261,10.98731366,8.523386903,9.407468054,-11.89204367,9.865405738,45.07680368,98.45653281,10.78949905,-0.902666941,85.1737331,34.81279421,60.32667649,0
Poland,2021,0,32.60553723,30.47804892,28.69786902,-7.755972665,10406.38675,-0.289874701,2.834188839,1.487683624,-13.21710174,1.801291502,45.15017055,109.3685909,7.567282699,-0.612749415,53.86345876,41.46311071,50.87384292,0
Poland,2022,0,43.27411287,35.16412894,21.65935916,9.811304255,43847.8061,25.70247182,4.907547411,6.709589857,-16.37301398,5.837034205,-22.35021611,58.32707008,13.57436539,-0.172798348,118.5311783,42.92802938,26.03922248,0
liberia,1980,0,123.6768259,21.46672645,39.7820586,-4.392116428,14482.68085,85.99897702,7.614775396,8.633430473,11.91356939,7.168859096,-7.272239575,98.36583513,3.451559323,5.756658003,169.55174,32.81158324,62.88228663,1
liberia,1981,0,108.0809547,67.53365949,30.51157475,9.510863874,20745.61161,30.6414316,1.876297957,2.778344973,-0.17848901,8.613319623,87.4010384,120.8873538,12.05653175,1.364647071,81.60370203,79.12146919,83.01979613,0
liberia,1982,0,91.10075388,16.76286579,38.33719552,-6.34936898,34176.1233,7.987642367,-7.746159126,-8.221209409,-4.459222385,5.224160156,-22.48777193,65.18188208,7.198065902,2.261823532,134.4171841,70.79528819,65.93881287,0
liberia,1983,0,81.76168347,22.07821837,34.22393423,-2.77811114,17312.60617,62.79785618,6.74434499,9.515836798,18.02511708,8.958807601,-23.96380672,88.29599919,9.154529613,3.712582867,80.07006716,67.79696022,97.96322018,1
liberia,1984,0,139.9164569,68.02810539,36.60153539,5.05738889,22865.89054,99.64309577,3.689452987,2.334587995,-5.159664517,2.010525974,21.94232106,39.06232558,1.382301258,-0.131932723,92.75561376,45.07815843,27.93201665,0
liberia,1985,1,29.45554321,40.56945584,33.5046719,3.155568145,48992.61973,19.3939979,-4.3890599,-3.922826894,-13.32109096,8.014623805,-36.17039476,23.07408414,3.07547375,-0.959336845,85.32219395,66.49612495,85.69218694,0
liberia,1986,1,56.47810572,73.7153044,21.07056956,1.622447999,10998.82802,24.35495556,2.763229316,1.617560261,-9.038284323,10.00289767,84.19392835,147.5778367,11.60036822,5.682166552,146.7507007,28.68087532,60.45541359,0
liberia,1987,0,65.49192096,60.16822702,13.81259587,0.597983516,5207.434892,97.0439407,6.69222193,8.161050447,-10.44133866,10.72860569,-34.97762925,58.96501057,3.358626618,0.893538521,129.0093417,49.24546275,61.7276142,0
liberia,1988,1,121.7153556,33.04190558,17.96120614,6.868808873,19902.95977,13.77151019,9.391303285,6.678052188,-0.050348817,7.165014703,42.48362153,56.25726659,1.387947413,-2.985682561,158.1948719,37.50426429,61.52799477,0
liberia,1989,0,149.0269006,68.57451554,5.708268142,-5.301028743,25635.29299,48.67747708,8.808787599,6.084150806,-8.339795042,4.098294778,0.967278467,146.5218673,8.958049234,4.539464687,82.9915156,21.99393381,46.02550623,0
liberia,1990,0,51.28716692,20.46463123,23.33976086,-1.15058146,32696.75914,20.16347397,-6.866804331,-5.001638514,0.642446887,2.378599885,70.64093282,114.6703581,8.219047742,2.396977452,51.37228036,15.0829402,45.96440114,0
liberia,1991,0,133.6599534,58.27693448,22.67702301,-6.890954157,22533.69466,92.89694928,-4.457657157,-4.852048191,6.771736998,4.473925658,38.47161187,96.08872543,9.118408935,-1.482972936,152.0764351,49.07528681,70.54756053,0
liberia,1992,0,127.9809589,49.34332945,23.38376627,1.918831915,47457.7285,98.05970653,-12.26158488,-13.21450455,11.09195143,6.709705291,8.245921162,110.9120414,9.274582445,-2.728742761,67.22809377,16.83473944,23.58120683,0
liberia,1993,0,49.20546169,34.10862245,39.09109287,-4.989111515,2647.373414,80.54327384,-8.811392825,-8.166231651,8.406311251,2.757797576,97.58094768,112.2904537,7.502960188,-0.376658121,86.94578366,60.26021677,67.10288362,1
liberia,1994,0,71.91323543,64.3604498,36.90089012,-3.323158713,26076.52203,28.05230066,7.060530212,8.271926275,-11.77637134,11.45392142,-40.06535173,119.2336644,7.406608809,5.350983859,95.85292287,74.50279351,77.96725746,1
liberia,1995,0,73.25747301,88.42002331,10.65994724,-0.574985668,23120.6781,37.3661849,-5.978751843,-7.771543762,-15.36401123,10.81705743,36.66794548,28.73460008,13.86248348,5.40142053,162.0203138,21.34742768,48.50610348,0
liberia,1996,0,147.1686869,99.90142298,17.91088825,-9.464588286,38960.4359,20.44209678,0.513816465,-1.373596087,1.698006364,0.879007741,98.43524673,73.66808457,8.008225873,-0.200968623,143.8837716,42.9657005,37.38855516,0
liberia,1997,0,43.51594718,64.69864919,19.83846628,-8.161241282,57986.69224,88.52958654,1.649140458,4.398044944,-12.04352835,6.96256068,53.64289648,58.36694132,9.259503036,4.523378935,77.63981548,61.71422151,37.07095302,1
liberia,1998,0,123.8905362,46.42352869,17.61865212,3.718584414,30769.41178,91.02861916,4.545731879,5.083717717,-16.60265113,9.577051088,60.96544475,29.17405301,4.004540879,0.976607909,139.6831716,30.07877627,26.54717227,1
liberia,1999,0,63.44505284,30.26863902,32.94735873,-1.420600386,59216.54776,38.98141954,-10.42999924,-11.08930038,1.083773719,3.322007539,-45.18632831,73.63786959,13.06639801,2.889102742,156.2221993,74.45351637,27.17754554,1
liberia,2000,0,115.013145,33.13864805,23.34131845,7.29580444,18344.28888,63.93597234,-7.379671635,-5.571021467,-6.928232596,6.524806673,-46.79552554,100.1025531,0.36552139,0.009994883,108.3345804,72.19258912,33.33502946,0
liberia,2001,1,74.60143056,53.15094803,25.02349359,3.893440073,2142.827513,12.38308388,-3.791591464,-3.640637711,10.24596048,5.168906648,-44.5834832,43.2046984,8.358401434,1.643753366,86.8929371,17.2628049,21.5338324,0
liberia,2002,0,95.18676921,43.05499312,34.85547456,-9.837981167,10190.0911,40.66826954,-5.878973469,-7.428996607,-7.432334778,2.760282039,98.75858533,59.65347671,5.757754428,-0.355984981,151.8474159,11.91798401,41.2988326,0
liberia,2003,0,128.2395305,92.24330704,33.20748537,2.334246615,23888.95562,61.3074062,9.572630821,7.813042655,19.14868548,7.569479915,96.92796411,103.0922068,9.058562933,-2.449970739,141.63368,78.35209381,44.51214634,0
liberia,2004,0,124.5415234,43.14659209,9.627403299,-8.125502679,19185.13438,35.46732744,5.87352008,5.254675677,10.34092765,11.92746002,0.176338865,95.31220548,5.402580747,-1.745596324,61.68682377,76.95325173,99.61770027,0
liberia,2005,0,132.6350139,43.6100132,29.98701044,5.618663596,6094.13162,32.5479502,-3.007831134,-0.848455973,-17.69227114,4.700803493,-6.35272756,132.9421102,10.76531868,-0.38392955,150.001946,39.55999231,99.33501901,1
liberia,2006,0,27.75025229,44.51810612,20.24026451,9.830153766,26129.80843,-4.895105812,6.981715652,4.350403148,0.354909614,6.852358595,-28.10618817,122.8600261,0.304971645,5.786284056,123.2776899,13.53943269,34.96390775,0
liberia,2007,0,109.9665719,85.29581893,15.31271161,0.623975885,20485.51157,79.4508137,-6.30867631,-7.997520306,2.504820049,4.270328839,-0.628955125,145.5294368,6.088341582,5.691049352,163.0053435,53.32128869,37.04257265,1
liberia,2008,0,38.19835897,68.57094888,6.750658732,3.655590004,7620.367461,88.38044926,4.645708097,7.00461901,7.812108427,10.58490909,5.522489582,97.63513031,12.468954,4.448970082,78.60763128,30.53870752,59.35250964,0
liberia,2009,0,74.05641384,65.27519653,22.05373461,-5.253716782,17978.1927,96.7936706,-9.408110047,-11.67770263,-0.088128119,10.44293105,62.24242251,110.8007576,3.753010767,-0.90744554,88.73246269,75.57060908,31.9027467,0
liberia,2010,0,91.31649396,40.07287201,17.44028383,-1.248045125,53220.2325,70.52349543,4.308051131,5.08580544,-0.662256063,2.555893961,79.94403294,131.8658136,0.791263176,0.974419265,131.4969109,65.62633475,60.32315265,0
liberia,2011,0,72.35613302,83.61137591,13.80295639,7.121906645,18332.31727,52.6231928,-3.58866492,-5.307596711,-5.282455533,10.84941205,62.01026796,129.1990178,7.447861118,0.958045546,122.2600292,55.47156489,51.95117638,0
liberia,2012,0,87.54951785,13.45274752,29.31351054,-6.651541045,42923.13877,23.27487458,-12.31251698,-11.67731589,-9.141544644,2.242350177,46.97126516,113.4338135,14.64800191,0.482759203,107.9548057,29.91526933,45.96983128,0
liberia,2013,0,149.5484201,88.37174551,31.93198856,-4.689287888,36839.21066,99.92644498,-8.168438636,-8.869813635,17.84800848,1.597559536,64.88501171,85.03330722,0.962378423,-2.596077254,161.9049972,59.08880056,85.80841366,1
liberia,2014,0,37.57825078,56.14749098,13.56763317,-1.091326494,25802.7154,56.92404973,-4.943134399,-7.333073021,-7.296133215,8.008748081,60.77462187,55.51689547,1.050847391,1.810746368,134.7127345,30.24177867,86.249416,1
liberia,2015,0,107.8092859,45.84252114,6.730660284,4.244977837,14569.83052,66.52117759,3.732322792,4.227173197,-17.46314702,4.937897218,21.36245406,134.038048,8.926748474,-2.344692071,156.5407781,12.63416889,99.03115736,0
liberia,2016,0,71.48012563,54.74505526,34.70634452,-2.482320904,22330.17755,66.65264701,-13.17543213,-12.07717565,-13.30861043,6.603516825,0.377710369,120.9652075,3.751015693,4.217268126,72.98824435,45.59042113,37.84704913,0
liberia,2017,0,37.29127386,70.06739775,5.348590942,8.554645596,35648.80064,83.75143855,1.488674877,2.570310591,14.29106544,8.004563992,-7.582892468,128.9279038,6.153468505,3.221764286,159.3482443,44.20791814,91.06219977,0
liberia,2018,0,40.63577924,11.14888839,37.79893729,-8.110858975,21239.96692,-3.984383421,2.900341023,3.722547478,3.465338365,1.107628235,51.90331893,38.30261136,12.45760729,0.17463306,119.2292162,63.41041811,63.02767437,0
liberia,2019,0,143.4055038,88.43966708,26.96669559,-2.583916049,13129.31708,18.12592875,1.348034248,1.349382934,11.15122198,3.868961468,93.89561867,60.92567416,2.982730263,2.82422744,55.06519035,70.59717176,67.31675451,1
liberia,2020,0,134.3481946,50.20655728,16.26463223,4.179082469,7252.826109,64.88107002,4.016740954,4.133576655,12.35126185,5.800422585,37.15820784,75.23505493,10.78949905,-0.902666941,85.1737331,34.81279421,91.70345715,0
liberia,2021,0,137.9154549,40.86698677,13.62672684,-5.480264687,52822.08619,88.99030237,-10.5457846,-9.731943941,12.92945757,3.565755213,86.87897537,128.9857564,7.567282699,-0.612749415,53.86345876,41.46311071,95.41046371,0
liberia,2022,0,148.8992609,22.44210091,5.315198249,3.128262685,26586.68465,66.9605721,-0.322416123,0.819140047,2.02454831,1.063170919,-47.86559435,136.0752675,13.57436539,-0.172798348,118.5311783,42.92802938,78.14490062,0
Costa Rica,1980,0,47.0810007,49.55188369,13.2414996,-6.715660835,37624.93681,38.41658561,8.52862368,9.457884113,-12.91517617,1.496780592,69.17059701,57.03605285,3.451559323,5.756658003,169.55174,32.81158324,47.82739455,0
Costa Rica,1981,0,66.20711386,54.66904942,9.820490553,-8.880394303,29577.49856,32.96332707,0.269606745,0.791280135,-14.07068991,9.720100491,78.04039869,109.2357917,12.05653175,1.364647071,81.60370203,79.12146919,59.17343917,0
Costa Rica,1982,1,106.9984739,46.3282025,26.42581773,-7.579685665,52392.22115,72.48454087,0.283408674,-1.781557417,2.959376815,10.98094773,44.64907569,30.1158468,7.198065902,2.261823532,134.4171841,70.79528819,69.20430912,0
Costa Rica,1983,0,82.89433018,71.07940844,10.8290956,8.599695663,32952.01069,72.8299582,3.410991053,1.674690284,-5.339425853,2.250682978,90.1091499,73.24452536,9.154529613,3.712582867,80.07006716,67.79696022,86.29120312,0
Costa Rica,1984,1,74.39063934,47.88068759,23.50204431,1.035017659,29002.65065,58.74108921,-6.669894197,-8.108550071,2.32192965,3.366512509,38.48694893,83.26698401,1.382301258,-0.131932723,92.75561376,45.07815843,72.63581643,0
Costa Rica,1985,0,66.51546241,96.52758201,25.65407478,5.92691551,55498.67913,25.60403753,2.511897533,5.029867476,-0.06088623,8.000868154,-13.91946462,119.5322659,3.07547375,-0.959336845,85.32219395,66.49612495,49.23580934,0
Costa Rica,1986,0,97.19148215,63.9349766,15.43145944,-3.346909982,43265.46888,92.14125593,7.905845833,9.462216384,4.087923188,11.47412543,-17.64241558,135.9563908,11.60036822,5.682166552,146.7507007,28.68087532,53.43043611,0
Costa Rica,1987,0,94.82714572,82.67301421,6.227273216,1.853172958,6959.529469,52.94739392,-14.72761317,-14.41041226,-18.71552837,3.945281655,33.37544,63.84682066,3.358626618,0.893538521,129.0093417,49.24546275,24.03501616,1
Costa Rica,1988,0,40.98951843,19.84203128,6.303885821,-0.100957326,10908.95633,78.00169741,6.752826028,5.265167599,-18.68653277,10.3349567,85.97258957,88.60605569,1.387947413,-2.985682561,158.1948719,37.50426429,93.94142883,0
Costa Rica,1989,0,81.32617888,45.75621637,5.922156627,8.914759188,47291.23492,17.50236753,-9.534541719,-11.86919258,8.863806834,6.319283411,-39.14480814,104.1682689,8.958049234,4.539464687,82.9915156,21.99393381,27.04952107,0
Costa Rica,1990,0,91.95133091,40.31629313,30.86936335,4.951492721,50200.32387,31.1242828,-3.601918157,-1.209362802,-12.27491025,11.50042435,40.65857683,62.72933976,8.219047742,2.396977452,51.37228036,15.0829402,66.39446325,0
Costa Rica,1991,0,94.13730204,61.25341493,16.13033967,4.61085263,32847.8925,86.83084922,6.308695024,8.664691119,6.087938488,2.066974618,65.47052095,148.1199677,9.118408935,-1.482972936,152.0764351,49.07528681,89.7321505,1
Costa Rica,1992,0,47.31393508,87.50021681,32.87050651,-9.072934611,33400.9771,0.261238144,5.597803186,3.261976761,1.863036432,11.69723258,-32.68968956,133.8506693,9.274582445,-2.728742761,67.22809377,16.83473944,53.66921996,0
Costa Rica,1993,0,116.495281,17.0504396,20.11064883,0.99339338,38026.39788,48.79310768,7.298186953,9.08148695,19.27177886,5.57125422,-32.48454639,58.53236775,7.502960188,-0.376658121,86.94578366,60.26021677,84.010039,0
Costa Rica,1994,0,23.27588233,16.53173182,20.85493353,-0.660170922,26515.21172,45.57907538,8.510419816,8.190290232,13.41623516,11.45879149,4.9191995,86.03301003,7.406608809,5.350983859,95.85292287,74.50279351,84.30528637,0
Costa Rica,1995,0,66.12814122,86.52859373,22.95089109,8.556845332,40907.88767,73.87916984,-3.821076081,-4.877274484,-3.474619147,5.774937496,-8.917823968,50.00927972,13.86248348,5.40142053,162.0203138,21.34742768,24.78768309,1
Costa Rica,1996,0,121.4276443,29.15650774,29.95610097,-4.853160236,6776.331077,24.59884591,1.40909527,2.843722487,4.656512804,6.595944542,-20.25287617,86.88550946,8.008225873,-0.200968623,143.8837716,42.9657005,52.97149806,0
Costa Rica,1997,0,93.30607974,70.1877929,14.5726003,-4.603330934,57688.37077,18.0020163,-5.238038987,-4.55206174,-15.30842171,9.754912612,-20.19587396,108.8332048,9.259503036,4.523378935,77.63981548,61.71422151,75.28203893,1
Costa Rica,1998,0,53.95111623,58.85903191,9.255557234,-1.773075022,45084.24298,92.24394807,-6.232082063,-4.551901417,-4.544558282,8.810227759,-30.39964514,31.11774206,4.004540879,0.976607909,139.6831716,30.07877627,53.78828073,0
Costa Rica,1999,0,110.3439055,84.96042354,24.46200673,-5.132605732,37981.09998,55.02951346,-4.210114735,-6.764141571,9.355509644,7.625438185,41.62810196,133.1152366,13.06639801,2.889102742,156.2221993,74.45351637,63.61337985,0
Costa Rica,2000,0,93.76082274,21.25800189,16.44421681,-7.416321644,19184.4268,5.99240467,3.57690337,2.488425489,4.906863365,5.295270271,53.21884054,97.1869629,0.36552139,0.009994883,108.3345804,72.19258912,67.55663237,0
Costa Rica,2001,0,123.5116692,21.68046692,20.48719598,7.148296933,9909.042601,15.26879703,-2.463981321,-3.548080219,-0.621147025,9.613041225,55.44043403,148.6483768,8.358401434,1.643753366,86.8929371,17.2628049,32.09835014,0
Costa Rica,2002,0,115.5532742,60.11365243,27.64313479,1.165530488,24737.77494,99.87673625,5.351491861,4.330010415,-12.93883584,11.40462583,29.85309642,23.32689594,5.757754428,-0.355984981,151.8474159,11.91798401,52.95849649,0
Costa Rica,2003,0,99.31402986,95.1740788,22.29440094,7.227254379,39796.13141,15.53894461,3.63046193,3.645341166,12.12583705,0.612825315,92.93594045,128.0947856,9.058562933,-2.449970739,141.63368,78.35209381,22.27705773,0
Costa Rica,2004,0,83.46309779,47.34979825,26.7097586,6.622695308,38132.47168,59.09992869,-14.48803847,-15.78995565,-9.073335824,7.260218609,82.07991664,122.9551963,5.402580747,-1.745596324,61.68682377,76.95325173,31.97008666,0
Costa Rica,2005,0,37.31367634,39.42478902,24.04700007,-4.359152904,23143.67696,39.11344829,0.755953928,0.422255588,12.81916327,10.45878068,93.6446714,37.27082657,10.76531868,-0.38392955,150.001946,39.55999231,60.98032507,0
Costa Rica,2006,0,53.97329233,64.60203909,30.89287302,0.954748886,36913.19771,87.98790496,-4.085721917,-4.879056359,4.464362512,8.010794179,8.319321719,63.58973256,0.304971645,5.786284056,123.2776899,13.53943269,65.88687984,0
Costa Rica,2007,0,74.48293148,93.74037405,29.70778162,-8.335645945,48880.77325,74.29270219,-3.584275271,-2.172498983,-5.090742882,9.709536465,81.66747399,135.0235064,6.088341582,5.691049352,163.0053435,53.32128869,31.69875253,0
Costa Rica,2008,0,97.90890731,85.32350496,23.69664621,8.305037681,1869.200909,57.67989661,5.459326347,6.080331121,-18.37579112,10.79320269,64.43120491,87.39905836,12.468954,4.448970082,78.60763128,30.53870752,80.44954162,0
Costa Rica,2009,0,86.78202118,99.59352497,28.76160573,-1.914745699,27202.07656,-3.872406911,-1.309800348,-0.388023754,-10.70324623,9.135936682,0.995935455,72.16659337,3.753010767,-0.90744554,88.73246269,75.57060908,49.83903103,0
Costa Rica,2010,0,57.46398837,12.03117249,35.57458608,-2.126476322,45585.74714,87.37849679,7.140545586,5.404048951,15.56283702,8.745700116,-34.01101122,137.7145362,0.791263176,0.974419265,131.4969109,65.62633475,93.65199431,0
Costa Rica,2011,0,20.84036651,20.15723302,20.12949507,-3.944892588,32904.82489,41.69008444,2.82013981,1.773152802,12.71897376,11.59457775,52.39318748,32.13478818,7.447861118,0.958045546,122.2600292,55.47156489,51.01301786,0
Costa Rica,2012,0,84.51109885,64.8520987,19.44670755,-0.786725106,39193.12245,92.81565357,-1.178999781,-4.052007095,2.994132517,10.43237357,-29.53215138,81.50596178,14.64800191,0.482759203,107.9548057,29.91526933,31.98487811,0
Costa Rica,2013,0,57.13137851,83.85187954,31.74859673,-4.964812269,31145.58064,47.03159635,3.863449404,1.513697648,-1.347101442,9.8768455,-5.93362895,104.8086327,0.962378423,-2.596077254,161.9049972,59.08880056,80.63763669,0
Costa Rica,2014,0,115.4990791,35.67199081,25.3893843,-2.502954544,59514.91032,67.89357136,-14.04127373,-15.45094833,5.885707173,1.493638645,25.05468647,99.11038707,1.050847391,1.810746368,134.7127345,30.24177867,65.42406404,0
Costa Rica,2015,0,23.11301449,31.52899792,7.485237308,5.998940972,3560.905728,2.275728194,-14.32290863,-16.9301263,-1.350074886,3.248843656,51.98238027,54.35593907,8.926748474,-2.344692071,156.5407781,12.63416889,50.93505346,0
Costa Rica,2016,0,96.02761547,80.82782194,36.22392055,6.685110072,29615.37586,73.24092362,-12.91626683,-12.30047242,5.772193629,6.90269428,88.93414858,93.23067759,3.751015693,4.217268126,72.98824435,45.59042113,48.47657307,0
Costa Rica,2017,0,142.3916509,15.07436685,6.077408578,-3.916350447,5757.567982,30.48958329,-4.060866871,-1.072086176,-7.703836014,8.659941207,38.98600673,112.1130294,6.153468505,3.221764286,159.3482443,44.20791814,32.06151788,0
Costa Rica,2018,0,42.67320472,43.24443828,31.19387247,-0.619711389,9839.198058,31.8926965,-9.113746359,-11.50885507,13.53988872,3.986971273,50.71196495,96.03510295,12.45760729,0.17463306,119.2292162,63.41041811,47.2667702,0
Costa Rica,2019,0,81.3144338,55.52283003,31.55779499,7.476395526,23167.38952,7.458863694,9.60653236,11.53391364,8.076715739,1.573273301,-3.497922477,108.9800894,2.982730263,2.82422744,55.06519035,70.59717176,22.34753128,1
Costa Rica,2020,0,31.88485894,60.43138069,38.35888798,-8.946533363,9585.743463,10.42000061,-1.442746525,-3.729849041,-6.800974863,4.077640648,53.09389246,53.29023612,10.78949905,-0.902666941,85.1737331,34.81279421,60.19215313,0
Costa Rica,2021,0,101.3386486,75.57536411,6.894704294,7.78289924,57832.12381,14.5047009,1.560393652,2.579877765,13.22664459,9.366835577,15.66851811,128.2703635,7.567282699,-0.612749415,53.86345876,41.46311071,91.73789935,1
Costa Rica,2022,0,91.56911848,41.93611511,25.88999013,-5.616313087,56823.34967,29.4616477,-8.029496594,-7.170550975,-0.506298766,10.59011184,78.53967743,78.45963981,13.57436539,-0.172798348,118.5311783,42.92802938,83.6264637,0
Somalia,1980,0,72.95751815,65.14159102,19.97441997,3.570784884,20365.74588,88.65684084,-6.955077285,-4.538775676,-13.01444541,10.99839196,8.867577085,148.3390997,3.451559323,5.756658003,169.55174,32.81158324,22.28169578,0
Somalia,1981,0,87.77901279,62.68378805,16.57215342,1.651033928,38492.93841,33.66732501,-6.613452146,-8.929778464,-16.89150152,4.85696681,20.24080325,23.02709169,12.05653175,1.364647071,81.60370203,79.12146919,90.5008261,1
Somalia,1982,0,136.5547056,59.28544906,8.16114961,1.058814964,32165.07324,71.05808419,2.468392629,1.361059425,7.984229905,4.784193611,14.88816354,69.44099826,7.198065902,2.261823532,134.4171841,70.79528819,56.18598631,0
Somalia,1983,0,45.5182593,67.64349638,24.69289419,7.187204495,48990.54274,3.688487908,-3.157344808,-5.612666246,14.60483217,5.177135916,71.66842515,43.4617568,9.154529613,3.712582867,80.07006716,67.79696022,35.27131723,0
Somalia,1984,0,22.93338652,33.3504254,21.7664254,-7.968557127,37758.50291,57.06537392,-2.057908687,-2.613608732,12.29767954,4.821808898,93.05487955,92.22923851,1.382301258,-0.131932723,92.75561376,45.07815843,80.19295642,0
Somalia,1985,0,132.016435,17.61838782,8.659406035,-3.059439493,315.0715331,45.59857928,-0.199925446,2.269633595,6.226041209,8.161260986,-0.908554853,51.61666227,3.07547375,-0.959336845,85.32219395,66.49612495,45.82988401,0
Somalia,1986,0,95.02522071,20.73445048,26.43713275,0.765054927,45861.51082,97.68558443,4.220291406,5.909430312,-14.34499778,4.620717515,21.25418511,115.8721331,11.60036822,5.682166552,146.7507007,28.68087532,40.26547385,0
Somalia,1987,1,135.7855992,30.21241444,30.82835921,6.225777079,44886.83284,83.85181584,-12.74075629,-11.40335568,-16.23823696,0.733955271,55.88894,134.6425621,3.358626618,0.893538521,129.0093417,49.24546275,32.90547254,0
Somalia,1988,0,97.60287904,55.0178142,31.85474054,-5.671138332,30730.44552,42.75712611,4.421847805,4.620012835,-6.19881508,5.548782908,84.30724331,47.41496597,1.387947413,-2.985682561,158.1948719,37.50426429,58.92975255,1
Somalia,1989,0,125.3209417,85.63984755,36.68806159,6.058596827,54204.2627,76.38999022,-0.919123278,1.381791176,14.19643562,3.077748761,24.05510453,40.88809038,8.958049234,4.539464687,82.9915156,21.99393381,27.47151996,0
Somalia,1990,0,75.85753724,73.11640079,19.33147597,-2.00723035,54534.23848,15.26906784,1.727386121,1.424036911,18.46945081,0.831282085,-33.66597377,133.7964341,8.219047742,2.396977452,51.37228036,15.0829402,82.84905033,1
Somalia,1991,0,117.4817911,81.01365438,38.3575469,-6.221722871,31577.5271,54.04531438,-6.811205879,-8.913091876,-10.34556581,5.914693943,5.300707525,66.96534896,9.118408935,-1.482972936,152.0764351,49.07528681,57.65396613,0
Somalia,1992,0,138.6953907,41.58780615,35.29002918,5.179728809,36596.8974,2.835000835,-4.76532908,-2.739817741,10.48382682,2.868477431,32.55428282,76.49587254,9.274582445,-2.728742761,67.22809377,16.83473944,55.75811335,0
Somalia,1993,0,94.37598528,46.41883675,15.37755499,-8.182021971,59792.36769,31.54934839,-9.220854509,-10.54302454,2.954768676,5.706530871,12.62869089,48.72603532,7.502960188,-0.376658121,86.94578366,60.26021677,20.14831652,0
Somalia,1994,0,43.50206957,45.43136974,10.57490631,0.295347482,18139.56802,18.71552907,9.482499935,6.804301182,-18.72770532,3.694124846,-22.01664098,75.29093285,7.406608809,5.350983859,95.85292287,74.50279351,85.42910882,0
Somalia,1995,0,54.94368995,27.2685866,20.23862886,-8.722484323,19679.64937,70.48553061,-2.574925687,-4.818697503,1.716653997,7.442652008,-44.4515757,50.0690095,13.86248348,5.40142053,162.0203138,21.34742768,59.42696472,0
Somalia,1996,0,45.823795,15.50949923,19.06645478,-2.871642897,11211.60199,46.45952258,9.901922895,10.55627639,12.23761612,11.89508995,53.11129991,106.5705673,8.008225873,-0.200968623,143.8837716,42.9657005,55.19156158,0
Somalia,1997,0,52.09141359,63.18244835,25.15017569,2.02153598,53783.25627,73.86240028,-2.755350548,-2.112858765,-8.955088666,6.793167088,98.91057862,84.85393362,9.259503036,4.523378935,77.63981548,61.71422151,80.91079082,0
Somalia,1998,0,59.83400842,99.02950151,25.41851813,1.12231083,44745.95688,49.10602095,-9.50621839,-10.94511936,15.89446496,7.939303044,87.88099508,122.447858,4.004540879,0.976607909,139.6831716,30.07877627,25.03188393,0
Somalia,1999,0,92.16739228,25.01467345,31.24954445,-1.906891642,6606.878078,4.080866426,-2.313690082,-0.950609194,-10.54958373,11.07167121,52.49063663,60.65465509,13.06639801,2.889102742,156.2221993,74.45351637,49.33443649,1
Somalia,2000,0,96.43891183,14.20163379,22.84614819,-1.419040121,58911.51087,72.21360322,-14.01011071,-12.36826977,-16.94107469,4.801004804,76.22947128,85.72735201,0.36552139,0.009994883,108.3345804,72.19258912,66.0587166,0
Somalia,2001,0,75.44496714,80.15785136,8.668792433,-5.464608933,43938.41398,82.48907272,7.619245036,10.14226079,-13.60242762,2.415307173,-11.64085723,53.73803199,8.358401434,1.643753366,86.8929371,17.2628049,56.84620502,0
Somalia,2002,0,100.0047014,32.7327406,35.04019674,-0.882348232,51076.16994,89.87077872,5.46375628,5.973381272,13.48011475,3.752168754,43.36516541,141.4816109,5.757754428,-0.355984981,151.8474159,11.91798401,34.53111119,0
Somalia,2003,0,30.60474033,84.66794248,15.84176041,9.065097114,3174.602114,55.05915426,3.145513017,4.822053202,-3.307763238,5.132141818,-40.90936769,87.85163681,9.058562933,-2.449970739,141.63368,78.35209381,43.94212061,1
Somalia,2004,0,31.41247082,73.35430003,38.99541111,7.009058356,30446.16686,74.12646269,0.245667886,1.764265965,11.87782254,7.917703334,56.0775891,42.55012452,5.402580747,-1.745596324,61.68682377,76.95325173,44.01604461,0
Somalia,2005,0,42.33782985,95.11061833,9.125103804,-7.095342618,42006.31772,73.96465537,-0.504144158,-1.957289867,1.24932244,0.552762338,95.48085085,55.4595357,10.76531868,-0.38392955,150.001946,39.55999231,99.35766422,0
Somalia,2006,0,87.35007475,46.80345122,38.53879103,-9.404384254,32713.9111,11.35372478,9.918205352,8.77956092,-0.777635008,10.31390697,79.11959608,30.77725534,0.304971645,5.786284056,123.2776899,13.53943269,46.0957695,0
Somalia,2007,0,47.81930823,69.57728555,8.185413241,8.670486254,40098.8537,12.24317218,-8.05006415,-8.179169775,12.27652606,1.37508069,30.16613122,23.61607943,6.088341582,5.691049352,163.0053435,53.32128869,36.414565,0
Somalia,2008,0,56.82697245,51.83693027,13.08626483,0.534994998,49127.0816,2.44297811,4.492109134,1.606342939,-3.060495532,10.85753421,68.3110329,88.36983739,12.468954,4.448970082,78.60763128,30.53870752,85.81097225,0
Somalia,2009,0,72.0406687,66.75298276,6.630297973,0.756756463,22647.92266,28.59093169,-0.464880745,-1.680494106,12.08130924,11.41849699,91.58482149,63.82597993,3.753010767,-0.90744554,88.73246269,75.57060908,53.6937004,0
Somalia,2010,0,125.5425961,50.46390154,29.67896013,5.614359914,50965.51993,44.71840171,9.397013594,9.240310834,-15.9735134,11.88618213,-17.59736331,145.2905492,0.791263176,0.974419265,131.4969109,65.62633475,55.50909556,0
Somalia,2011,0,21.80207767,26.97690218,34.76045578,-3.706220523,10026.09145,99.77927454,5.695079582,3.343495354,5.452432622,9.809367121,68.98877695,42.27308153,7.447861118,0.958045546,122.2600292,55.47156489,63.91112508,1
Somalia,2012,0,104.4192466,55.71076744,20.19248786,-0.361848623,16471.89749,40.25430092,9.963127825,7.720783151,8.103482262,2.131338548,-9.522956305,123.2086449,14.64800191,0.482759203,107.9548057,29.91526933,67.65513578,0
Somalia,2013,0,106.953949,57.57257813,37.49827263,9.373258263,2887.73351,71.25547179,-0.291875138,-0.512454724,15.96389585,8.620920997,81.54211329,61.07628749,0.962378423,-2.596077254,161.9049972,59.08880056,67.24444803,0
Somalia,2014,0,123.8252514,82.95434634,25.66046751,3.442973739,22056.28064,67.80668776,-9.886401061,-8.500610872,-11.02704325,2.838194842,-35.24682415,49.05986019,1.050847391,1.810746368,134.7127345,30.24177867,22.75997779,0
Somalia,2015,0,141.2578821,76.19686352,27.05024974,-6.92509936,22980.59983,16.47060478,-2.407824108,-0.405330522,4.168795204,10.81697011,-23.26723717,146.0527865,8.926748474,-2.344692071,156.5407781,12.63416889,85.50739463,0
Somalia,2016,0,22.61792036,69.74124615,34.58967206,-7.33546504,48374.65465,1.143250902,2.777778351,3.055661736,-2.669737452,4.140968145,58.09246952,124.3349578,3.751015693,4.217268126,72.98824435,45.59042113,35.58822553,0
Somalia,2017,0,39.99188172,20.2048386,15.38800718,-5.914704833,39291.90102,52.33070891,4.359009655,4.20750358,-4.689133778,4.258153736,-23.78337442,101.9807159,6.153468505,3.221764286,159.3482443,44.20791814,43.38737022,0
Somalia,2018,0,135.2022682,74.85546616,17.39930025,5.334233488,26372.33672,68.53208719,-14.98725027,-15.68156686,-15.73145779,11.0530129,-26.29185471,110.6257348,12.45760729,0.17463306,119.2292162,63.41041811,33.8743616,1
Somalia,2019,1,79.60741308,55.02746407,36.70831717,-4.092459923,39231.20452,99.81643797,-2.374322787,-4.216628833,-14.63066678,0.652157314,33.32003161,148.8795917,2.982730263,2.82422744,55.06519035,70.59717176,81.3661326,0
Somalia,2020,0,93.39678306,90.46895825,36.53372236,-9.572223066,3451.166026,32.65416049,-9.119135501,-11.23976348,13.47953846,2.730610742,75.24808566,97.11696315,10.78949905,-0.902666941,85.1737331,34.81279421,66.69263941,0
Somalia,2021,0,106.1935365,92.78838407,39.17689717,8.88348727,11062.2107,89.11827902,6.872795831,8.624174541,9.990137293,5.352221065,-9.729886209,33.2470586,7.567282699,-0.612749415,53.86345876,41.46311071,80.42369222,0
Somalia,2022,0,108.2786586,14.96409315,36.56434108,-6.605731672,37728.78696,35.10290787,-11.1773639,-11.38732411,-4.706354788,8.558298024,76.17072741,28.43259647,13.57436539,-0.172798348,118.5311783,42.92802938,72.27187243,0
Ghana,1980,0,141.1262524,83.85774043,9.458021261,-9.808836277,38589.59911,67.38822939,1.661406239,3.403327712,13.13946326,7.94701091,71.19300948,106.6588811,3.451559323,5.756658003,169.55174,32.81158324,28.33269075,0
Ghana,1981,0,149.6034243,13.39276514,33.83035001,-5.257367952,46515.83912,57.8165577,-8.348445242,-7.123947026,-16.76935261,8.198236564,36.86581014,105.4881487,12.05653175,1.364647071,81.60370203,79.12146919,44.11998207,0
Ghana,1982,1,113.6204699,43.04526631,19.34434673,-5.299424258,24359.08562,0.562773297,-6.08644642,-7.923070933,4.990956681,10.62025333,46.98441305,117.2625931,7.198065902,2.261823532,134.4171841,70.79528819,60.58121277,0
Ghana,1983,0,57.3387572,58.80699781,39.67804746,-1.559894983,43436.47957,3.230784832,8.513981519,8.575825104,14.72704211,1.891849741,-43.93382201,34.14123493,9.154529613,3.712582867,80.07006716,67.79696022,44.39560251,1
Ghana,1984,0,134.3678123,23.32907188,21.52983375,8.40779663,41133.62585,-2.819770579,-8.988796865,-9.324697082,13.55456924,6.504859507,5.070333746,142.8372957,1.382301258,-0.131932723,92.75561376,45.07815843,36.58431235,0
Ghana,1985,0,26.39871889,77.16824313,24.38426289,7.583698356,57814.58469,33.93757888,-12.62493095,-13.08168992,-5.088689602,8.842993425,-10.49076033,91.65059381,3.07547375,-0.959336845,85.32219395,66.49612495,89.58495753,0
Ghana,1986,0,50.04051087,10.75192338,23.54212203,-0.8621089,13143.27452,73.30911012,-13.26787746,-13.01245117,9.809354122,7.815362094,-27.49942089,104.4422177,11.60036822,5.682166552,146.7507007,28.68087532,79.82269402,0
Ghana,1987,0,136.6601433,25.17391436,16.26079605,-1.7820019,33235.26996,13.13931637,-2.384622248,0.507869159,-2.901274179,5.655612379,8.448899374,24.53080984,3.358626618,0.893538521,129.0093417,49.24546275,47.61760484,0
Ghana,1988,0,53.30489688,62.27171469,7.625773111,1.100181729,36225.33719,58.61456168,1.042787057,2.920190643,13.60552658,0.696817738,3.235629452,144.9266479,1.387947413,-2.985682561,158.1948719,37.50426429,81.20098901,0
Ghana,1989,0,48.68463775,74.29488058,36.34779306,-5.130919761,59919.27873,25.3269169,-6.817658911,-4.395384321,1.230478006,1.195201055,59.33375172,93.13694034,8.958049234,4.539464687,82.9915156,21.99393381,70.20308948,0
Ghana,1990,0,37.95628811,92.49787924,33.09365344,-8.956300161,12310.69329,78.68422552,2.256493545,-0.565668956,10.59428196,1.867825259,39.71445107,93.23720469,8.219047742,2.396977452,51.37228036,15.0829402,20.30285869,0
Ghana,1991,0,131.6845285,73.49469867,9.88343732,8.784482723,31536.11579,78.83159565,-13.47415704,-15.63213883,-16.85713671,4.447119158,86.96501032,142.6621911,9.118408935,-1.482972936,152.0764351,49.07528681,50.42096208,0
Ghana,1992,0,85.00757369,70.46013432,32.1868895,-6.266020302,20967.26287,76.41852407,6.433366123,3.941948084,3.601038864,1.853014706,-28.18886254,140.8155232,9.274582445,-2.728742761,67.22809377,16.83473944,43.23899994,1
Ghana,1993,0,107.7361164,45.49070317,26.90463331,-6.031985415,31695.81022,50.10751895,5.414180243,3.993566274,2.011367099,5.3999466,-41.0377092,48.63881694,7.502960188,-0.376658121,86.94578366,60.26021677,37.43268974,0
Ghana,1994,0,51.07862993,10.1155983,19.32003258,-0.550793423,14158.07755,24.87950456,9.637406785,9.288761737,4.399068869,2.554382892,30.19116812,141.0428468,7.406608809,5.350983859,95.85292287,74.50279351,40.12715153,0
Ghana,1995,0,118.5452547,20.81433329,13.89074022,-0.167733103,3142.458992,79.99162461,8.412624523,9.264944008,7.825664317,9.460411272,-49.84592921,115.7607676,13.86248348,5.40142053,162.0203138,21.34742768,95.38918773,0
Ghana,1996,0,118.8007208,58.10990903,35.09050742,-9.631315806,34482.1576,14.540559,-6.095070902,-6.090083304,16.7243588,10.52210759,68.15784147,22.45709455,8.008225873,-0.200968623,143.8837716,42.9657005,58.90536544,0
Ghana,1997,0,60.63774324,70.76168973,29.50658908,-7.040905225,20350.50266,25.42475821,-5.0181154,-2.59901191,11.42728327,4.980946342,25.8959333,51.17960934,9.259503036,4.523378935,77.63981548,61.71422151,87.81669746,0
Ghana,1998,0,73.38874229,47.57034555,24.17089683,-2.436903629,11161.90168,14.31450915,3.649121187,6.28825694,-11.21448034,6.380315301,23.20983641,73.68741891,4.004540879,0.976607909,139.6831716,30.07877627,37.13737217,0
Ghana,1999,0,47.25973607,75.76111104,26.33489869,3.67461387,19638.95329,65.79206684,-11.6479307,-13.66680499,13.03585077,11.46520678,4.374396809,95.76691922,13.06639801,2.889102742,156.2221993,74.45351637,33.95230397,1
Ghana,2000,0,146.952933,56.96760658,8.187316373,-5.431630863,3242.028026,67.05478295,-7.149632244,-5.032154722,-15.1168129,6.658339187,6.246075422,111.172865,0.36552139,0.009994883,108.3345804,72.19258912,91.10316707,0
Ghana,2001,0,103.928335,16.6758576,21.58719163,-1.539711075,57041.40138,63.51354924,-12.03647658,-12.14614335,4.887943427,11.94334198,14.67005174,47.32735121,8.358401434,1.643753366,86.8929371,17.2628049,59.65637486,0
Ghana,2002,0,141.4907045,27.28146259,11.77951025,1.146901294,34994.53052,38.63815402,-3.627838773,-3.907861945,15.31015233,2.134506427,-47.59514834,128.7710669,5.757754428,-0.355984981,151.8474159,11.91798401,91.61217002,0
Ghana,2003,0,59.44012067,85.59984009,12.29342877,7.771849892,48941.69028,5.517955756,-1.199893003,0.509743088,-15.95511783,10.41560384,-37.46813192,129.9429921,9.058562933,-2.449970739,141.63368,78.35209381,25.04230823,0
Ghana,2004,0,121.6458187,75.2421472,28.14563868,-3.478589953,25560.15639,90.67280637,-9.720988251,-12.1621452,13.98770613,6.217834531,25.757203,102.5498465,5.402580747,-1.745596324,61.68682377,76.95325173,93.31484177,0
Ghana,2005,0,119.5616237,90.52857883,36.89396531,-7.328834683,54227.88565,48.31175122,-14.33420783,-12.03924906,11.94482937,0.761212279,-27.48166022,139.7422084,10.76531868,-0.38392955,150.001946,39.55999231,53.23562531,1
Ghana,2006,0,109.9152347,20.58015242,19.13148137,-0.214555482,29154.09783,37.73208047,2.983895794,4.009075921,0.151017354,11.68056383,66.81439125,125.6877155,0.304971645,5.786284056,123.2776899,13.53943269,32.42963899,0
Ghana,2007,0,145.5330668,99.12002812,12.27122456,4.934432034,34564.53574,56.82661379,-14.49987089,-12.24830124,-7.644095908,11.59805085,-8.827223899,48.81107571,6.088341582,5.691049352,163.0053435,53.32128869,74.67061515,1
Ghana,2008,0,71.16219369,28.84660426,27.7061428,-7.802804859,29660.10061,15.24299576,9.335065223,12.30193069,-3.782470877,4.907614662,-35.3150544,123.8279926,12.468954,4.448970082,78.60763128,30.53870752,83.75221466,0
Ghana,2009,0,36.99325207,11.06018887,35.49154662,-1.506330166,44076.71426,8.917621806,-9.459818581,-9.351791867,18.74632543,11.47263382,-14.71851111,143.9162702,3.753010767,-0.90744554,88.73246269,75.57060908,23.78997821,0
Ghana,2010,0,107.3221517,99.76806451,31.19115804,-9.644297175,34129.36783,37.58014825,1.597502303,-0.84292451,-11.93209775,2.121610886,3.564734523,37.88883811,0.791263176,0.974419265,131.4969109,65.62633475,98.97567795,0
Ghana,2011,0,114.8102741,35.29664969,35.40650307,-9.328816367,16514.45574,18.85817288,-4.131206844,-6.132063666,3.184171513,8.321266623,-44.70250871,147.230725,7.447861118,0.958045546,122.2600292,55.47156489,75.76215099,0
Ghana,2012,0,94.75787455,70.12175073,23.77941349,-0.340932736,8988.71002,20.65048093,-13.50815349,-14.56644404,-16.67037008,2.707183349,-28.74867134,23.24906358,14.64800191,0.482759203,107.9548057,29.91526933,45.71215933,0
Ghana,2013,0,46.88632611,25.90140828,31.31566855,-4.036054037,36485.62602,88.71370622,-3.195409834,-5.574092181,-11.28427743,3.336443218,-1.422986828,87.88174182,0.962378423,-2.596077254,161.9049972,59.08880056,32.10350366,1
Ghana,2014,0,85.57927242,62.2205679,9.902259578,6.90214598,29504.0437,50.7297136,-2.080984143,-0.188933186,10.53265552,9.462380528,-3.427928929,120.6061081,1.050847391,1.810746368,134.7127345,30.24177867,51.40251317,1
Ghana,2015,0,60.58466575,91.36314878,17.18961154,2.043086123,6029.749093,45.76425175,6.367080202,5.148287309,-7.896038386,4.839617973,70.05800448,122.7569533,8.926748474,-2.344692071,156.5407781,12.63416889,37.64525284,0
Ghana,2016,1,75.57064866,38.81630507,18.63422076,-0.921340765,23918.36271,67.39535734,3.308726741,6.164043869,19.43064282,0.581966283,76.4883213,115.507434,3.751015693,4.217268126,72.98824435,45.59042113,59.53225789,0
Ghana,2017,0,103.8784149,70.32285784,22.89535112,-1.841292579,31032.15239,94.91255194,-13.01743813,-11.80188954,0.032681724,5.263741878,-20.98721013,88.81567846,6.153468505,3.221764286,159.3482443,44.20791814,82.55141668,0
Ghana,2018,0,116.8779165,26.91132299,37.51767261,-0.055090396,49665.52606,6.780849269,-9.770932914,-11.73035069,0.661573012,3.122797187,-31.40901741,104.6253619,12.45760729,0.17463306,119.2292162,63.41041811,72.81043112,1
Ghana,2019,0,50.18920982,66.23158588,35.60037961,-9.191223376,4843.233033,82.52112955,-7.202807895,-7.346552013,-18.54741043,8.358294006,45.12437265,110.9911841,2.982730263,2.82422744,55.06519035,70.59717176,54.87479238,0
Ghana,2020,0,72.69229688,40.28053166,9.70839223,7.855867128,21105.17229,56.32201389,-12.08980784,-12.28850251,18.26106998,2.736160012,70.69353335,84.29009915,10.78949905,-0.902666941,85.1737331,34.81279421,29.51551397,0
Ghana,2021,0,54.99100423,29.00874327,11.04763782,9.966063115,49412.57053,10.34736215,-3.577523227,-3.622453277,-13.03066236,10.18591558,94.55846458,97.43904677,7.567282699,-0.612749415,53.86345876,41.46311071,96.57255379,0
Ghana,2022,0,45.8221098,38.18638456,17.51741924,-6.370257503,39010.90873,26.20067846,9.607729772,9.821876795,1.533623952,3.571569639,-48.98055729,130.0278469,13.57436539,-0.172798348,118.5311783,42.92802938,41.62964204,0
Iraq,1980,1,121.8403386,26.09569617,15.17603531,-7.592340705,17610.51181,45.64794873,-2.134680219,-4.947641725,-4.173015602,5.01982497,12.05171701,60.67427275,3.451559323,5.756658003,169.55174,32.81158324,42.22676367,0
Iraq,1981,0,138.2028503,91.17244971,26.51698336,-7.128450731,50766.50678,67.57360018,3.547054208,4.664860963,-3.37661197,3.927423899,60.09817511,88.01682251,12.05653175,1.364647071,81.60370203,79.12146919,71.64017775,0
Iraq,1982,0,68.13018414,45.74681977,36.59716167,3.220541165,29749.62676,20.47373678,2.073444942,1.996595594,5.732006641,7.9051185,74.28389483,21.10236373,7.198065902,2.261823532,134.4171841,70.79528819,81.64076977,0
Iraq,1983,0,117.6662602,32.07513745,38.68020396,3.228816769,30051.60791,51.16227562,6.247785877,7.993578271,6.483547084,1.663380724,-40.6571077,109.366732,9.154529613,3.712582867,80.07006716,67.79696022,98.73222123,0
Iraq,1984,0,136.6093876,50.35670569,27.87610334,6.958483246,58602.26415,66.89052088,-9.606912738,-7.714815299,-13.82845541,5.998142786,52.09217792,45.4001104,1.382301258,-0.131932723,92.75561376,45.07815843,97.53314085,0
Iraq,1985,0,129.9961474,38.84825501,34.33557205,5.036527769,56842.85524,42.11777884,3.845656542,2.228867274,-0.016533875,4.346230375,-6.65919239,82.53016298,3.07547375,-0.959336845,85.32219395,66.49612495,93.10084194,0
Iraq,1986,0,43.76574051,76.99773284,23.38207701,-1.006206533,21704.4012,85.61772592,7.033881008,4.324418686,11.61909797,10.66758658,-38.8104561,47.32667812,11.60036822,5.682166552,146.7507007,28.68087532,54.82508539,0
Iraq,1987,0,144.3179446,97.40979207,12.29144314,2.257107231,8692.573981,86.2932058,-10.71225443,-9.492851289,-2.268540658,1.344239076,23.36538726,23.0593829,3.358626618,0.893538521,129.0093417,49.24546275,33.33357278,0
Iraq,1988,0,68.96793726,49.4230291,23.36409442,3.765693407,19742.30392,44.42257785,-6.329944505,-3.463367775,-13.36782117,10.04149325,-26.27699852,82.81867172,1.387947413,-2.985682561,158.1948719,37.50426429,66.75769626,0
Iraq,1989,0,64.10128595,87.493006,24.42789105,0.254729406,2119.850641,97.15719959,9.252544108,8.932492028,-7.471322274,2.42832548,60.55112771,75.22836886,8.958049234,4.539464687,82.9915156,21.99393381,21.38052044,0
Iraq,1990,0,28.11607255,60.92767662,30.98601475,-0.486980311,1539.842837,2.936434703,4.519696149,3.077373007,-11.50481744,1.518643089,61.18926995,75.26943676,8.219047742,2.396977452,51.37228036,15.0829402,35.69990712,0
Iraq,1991,0,83.20257503,24.15120986,12.69590464,2.901948913,23912.67153,-4.646950276,-7.935229187,-9.995197819,-14.96730128,2.826712868,76.31016475,47.14480079,9.118408935,-1.482972936,152.0764351,49.07528681,20.20235174,0
Iraq,1992,0,34.17177003,72.15604679,17.89086337,1.14949098,56478.88342,34.9701677,-0.901455759,-2.176782175,-4.896754903,1.680509293,6.635302772,143.1365967,9.274582445,-2.728742761,67.22809377,16.83473944,34.44287301,0
Iraq,1993,0,52.31017672,56.20910474,17.74096142,2.878846107,52320.03327,58.11519144,-4.891846929,-5.924329621,1.637449728,6.491315404,-48.00353042,20.45592974,7.502960188,-0.376658121,86.94578366,60.26021677,57.98056987,1
Iraq,1994,0,61.20254083,68.55458709,38.58038585,2.257095479,30833.13718,61.06601653,-2.750870592,-3.207622131,-17.08993899,11.86447196,-11.03960924,135.9009085,7.406608809,5.350983859,95.85292287,74.50279351,51.46594489,0
Iraq,1995,0,125.1474221,90.07186713,20.53807361,4.38393121,34044.01496,45.02680231,-6.120845215,-5.188402476,4.152934889,0.894764547,20.17175493,115.79725,13.86248348,5.40142053,162.0203138,21.34742768,49.54372519,0
Iraq,1996,0,133.8135246,49.63911136,31.42828886,2.856070176,654.2297557,8.11274789,-8.016724537,-9.3777462,19.72097761,5.802976017,54.10169191,42.36936436,8.008225873,-0.200968623,143.8837716,42.9657005,86.47622911,1
Iraq,1997,0,59.32062127,91.10598609,31.27839835,0.394849729,13165.419,12.90223979,1.869076035,-0.825063384,18.56499728,4.939808785,7.306087853,81.38495822,9.259503036,4.523378935,77.63981548,61.71422151,73.99970437,0
Iraq,1998,0,131.6307558,77.56021129,14.29404647,3.635936226,1779.015378,84.4755383,4.463545377,3.703217047,13.16693928,4.405473764,30.40725941,148.5505106,4.004540879,0.976607909,139.6831716,30.07877627,94.91454103,0
Iraq,1999,0,131.4400219,53.97444333,25.01543913,-1.010360696,45346.0101,86.13066883,6.848928069,8.982705766,-9.346355488,4.31643152,28.63953812,103.6807708,13.06639801,2.889102742,156.2221993,74.45351637,55.62728725,0
Iraq,2000,0,119.4046236,64.28999221,36.30060127,-5.166575481,8995.054023,65.75934648,-11.11675082,-11.12664175,-19.10369614,10.7926467,-25.2526476,36.5589741,0.36552139,0.009994883,108.3345804,72.19258912,41.77837404,1
Iraq,2001,0,39.07036482,39.30230193,21.63192018,-9.971635597,52182.11202,64.74288709,5.571388091,8.360090638,13.34166812,0.718225727,43.45742501,79.49349105,8.358401434,1.643753366,86.8929371,17.2628049,29.81476304,0
Iraq,2002,0,109.7419701,98.52375698,38.07911276,1.199282943,38706.46153,57.75662344,-8.629979388,-8.608250202,-17.77119072,9.411538455,15.88775923,80.86640255,5.757754428,-0.355984981,151.8474159,11.91798401,73.76219165,0
Iraq,2003,0,142.8531284,70.06160467,12.50603803,1.813104532,13996.29499,16.307218,-4.316590252,-5.661197351,-11.77487674,3.408731556,71.18780525,124.2942333,9.058562933,-2.449970739,141.63368,78.35209381,87.33928708,0
Iraq,2004,0,108.7302622,13.94621672,7.595568702,9.440979296,9715.90293,39.96632353,7.536092146,5.69597613,1.778128618,4.907898374,53.59168122,139.1011813,5.402580747,-1.745596324,61.68682377,76.95325173,34.69914914,0
Iraq,2005,1,63.11019038,39.39597152,36.20088556,-2.770433318,37769.19465,68.0689384,-3.637409975,-2.470262995,-12.86487843,5.331723998,-33.27962207,30.69140063,10.76531868,-0.38392955,150.001946,39.55999231,90.30021956,0
Iraq,2006,0,85.07531127,66.09829904,34.66884193,-2.117335143,54079.96772,51.41148856,-10.07341165,-9.855123934,13.35153325,4.004415172,23.31376151,60.8248473,0.304971645,5.786284056,123.2776899,13.53943269,62.10209614,0
Iraq,2007,0,103.9442556,15.069995,39.74064566,-5.964008373,43186.10507,-3.049064924,-11.00328362,-10.37929005,11.08638785,1.575926911,55.37415377,58.7969565,6.088341582,5.691049352,163.0053435,53.32128869,31.52645057,0
Iraq,2008,0,86.37415313,12.14957722,28.77877208,-8.589314095,21108.2351,95.12346471,-3.175405834,-1.644645098,10.23078023,1.814804762,-36.94824113,149.4862562,12.468954,4.448970082,78.60763128,30.53870752,71.42906599,0
Iraq,2009,0,35.59388243,50.50218156,37.78407743,5.456089857,35366.80064,83.70568552,4.066810599,5.422231385,12.64510464,3.928507927,68.87455488,92.69952517,3.753010767,-0.90744554,88.73246269,75.57060908,61.60421932,0
Iraq,2010,0,60.5683258,39.94211617,33.94321588,-5.006378713,18852.47321,22.35722648,9.930128599,7.1903084,-11.21192879,9.950804108,-16.6993228,134.3780945,0.791263176,0.974419265,131.4969109,65.62633475,22.25468379,0
Iraq,2011,0,124.311484,49.44687472,34.55492166,2.178097221,59949.22914,59.72818819,4.685215711,6.500647143,9.155695046,2.048218007,25.46271932,75.38427043,7.447861118,0.958045546,122.2600292,55.47156489,51.93945638,0
Iraq,2012,1,131.984346,33.64239789,24.91995497,3.755460711,45005.69955,91.94013529,6.925298974,7.121518816,-5.788739896,9.040358081,91.08419312,113.9540096,14.64800191,0.482759203,107.9548057,29.91526933,82.78303944,0
Iraq,2013,0,37.84900425,24.82459722,18.38276093,-0.575266254,36978.58389,5.081156272,3.695809023,3.046060208,6.673790383,3.822001888,35.70013522,57.2561335,0.962378423,-2.596077254,161.9049972,59.08880056,64.43390027,0
Iraq,2014,0,143.8102778,72.02290213,37.70953254,7.527042261,25568.57082,47.81809548,7.385877519,7.610994077,-15.11913085,10.65984675,13.60816776,138.5321831,1.050847391,1.810746368,134.7127345,30.24177867,42.5632901,0
Iraq,2015,0,62.74694032,56.31140046,20.12410115,-1.12410318,37203.69173,42.90551771,-13.09266142,-12.41795273,8.223463203,5.425777467,-48.98076089,79.16901133,8.926748474,-2.344692071,156.5407781,12.63416889,94.29134107,0
Iraq,2016,0,106.100786,28.01387901,23.85867785,-4.301827539,20694.47893,38.07152555,8.248289975,6.145327834,18.88430912,2.474818103,-29.98795658,124.4843147,3.751015693,4.217268126,72.98824435,45.59042113,39.02232304,0
Iraq,2017,0,117.737269,38.76304836,20.61400075,7.920310459,2023.230916,82.73680393,-5.089846157,-5.585353785,-18.25598539,11.83721118,36.79958276,53.25619483,6.153468505,3.221764286,159.3482443,44.20791814,40.21888055,0
Iraq,2018,0,125.5530105,63.26271169,24.76864099,7.231285685,23886.78478,34.9678454,8.040355582,7.053872843,-16.24684395,2.531296971,24.0737561,110.1685644,12.45760729,0.17463306,119.2292162,63.41041811,48.3711477,0
Iraq,2019,0,142.9474613,16.50064134,21.46767776,-6.719201058,55849.70493,1.68464999,-13.10667906,-14.00422539,-15.05452931,7.027627944,4.574376347,72.67059257,2.982730263,2.82422744,55.06519035,70.59717176,91.5630289,0
Iraq,2020,0,60.67954124,23.27077083,6.67886455,-9.480779633,37690.17536,1.912962927,2.881073928,0.429083558,-2.777443802,7.046794498,88.48238281,24.08712499,10.78949905,-0.902666941,85.1737331,34.81279421,60.61003163,1
Iraq,2021,0,131.6058391,16.59210437,35.87168651,-8.200288873,5312.155473,-0.511816315,3.392218717,1.351279645,-8.368792603,4.787354689,-0.127619386,73.69107299,7.567282699,-0.612749415,53.86345876,41.46311071,74.57432474,0
Iraq,2022,0,37.11929745,83.10855994,20.55378366,-4.269052029,53134.11872,37.9602693,9.922772232,7.893764638,12.27680614,11.44211881,30.57261347,91.50281343,13.57436539,-0.172798348,118.5311783,42.92802938,98.1011338,1
Paraguay,1980,0,111.6553178,77.71683099,25.6130277,9.445196035,16351.82851,70.43265916,4.221381767,3.460730227,-1.048510432,10.20455747,35.30701143,39.72900981,3.451559323,5.756658003,169.55174,32.81158324,82.66370375,0
Paraguay,1981,0,116.4571048,77.79816387,9.871573097,1.170323063,14853.03874,16.3908585,-5.435657355,-3.068708085,-0.618506292,10.04292495,29.12025851,43.90870368,12.05653175,1.364647071,81.60370203,79.12146919,33.80800949,0
Paraguay,1982,0,108.1040214,74.46928091,5.118574679,-2.534765359,18036.33084,62.87919465,-1.06878621,-2.832621978,8.681524053,11.70274726,21.63780873,80.43216378,7.198065902,2.261823532,134.4171841,70.79528819,83.06831432,1
Paraguay,1983,0,52.8009157,70.24468813,13.58515328,7.774321892,34758.9735,67.14428957,-5.836226546,-6.3390715,-5.521240699,5.756757389,0.559560402,64.55486262,9.154529613,3.712582867,80.07006716,67.79696022,79.86697194,0
Paraguay,1984,1,133.4956091,52.92927238,29.66051112,-0.93727337,32817.87918,21.79622302,-10.09953387,-11.22987738,-5.871710103,1.61763642,86.31454496,77.29626994,1.382301258,-0.131932723,92.75561376,45.07815843,38.60935956,1
Paraguay,1985,0,41.95160024,67.80503472,8.471808554,-3.695227432,29637.40115,58.05855389,-8.787441812,-7.063141937,10.27705551,9.302743143,17.62048926,79.90750861,3.07547375,-0.959336845,85.32219395,66.49612495,46.02798647,0
Paraguay,1986,0,26.9725229,13.45253993,36.81106041,8.824390575,43136.95075,66.9111757,-9.449736643,-12.14897805,11.20166983,4.879344664,29.2673301,38.20988568,11.60036822,5.682166552,146.7507007,28.68087532,76.81025919,0
Paraguay,1987,0,113.2704488,65.93179804,12.52578993,6.990353324,19197.30256,43.99443039,-1.279616746,-3.100356373,-19.4240491,2.688969246,48.47169757,43.55529479,3.358626618,0.893538521,129.0093417,49.24546275,39.07144753,0
Paraguay,1988,0,81.81184298,80.0089935,12.1607765,6.873367508,46989.25194,30.35524271,7.654015863,5.917865117,-14.24838097,6.057344447,-39.85159364,130.2615012,1.387947413,-2.985682561,158.1948719,37.50426429,36.65494952,0
Paraguay,1989,0,130.3827426,55.03225243,11.35277866,0.245694861,10766.7042,60.01091292,7.818165652,10.77594245,-11.47607275,11.14576781,67.19322122,41.15342961,8.958049234,4.539464687,82.9915156,21.99393381,76.27782177,1
Paraguay,1990,0,69.84162834,42.17619956,5.489359954,5.788767976,47022.46111,97.67394417,-13.63090556,-13.20625545,-5.93598125,2.470605719,26.87609651,106.5688633,8.219047742,2.396977452,51.37228036,15.0829402,90.44763943,0
Paraguay,1991,0,41.87621651,34.96840613,32.0131914,-6.412932815,39929.46328,39.81834798,-13.00251498,-15.16876539,-8.342076663,10.26003638,48.57654038,74.40864608,9.118408935,-1.482972936,152.0764351,49.07528681,26.00133461,0
Paraguay,1992,0,128.737485,67.85218451,35.62620859,1.464459151,41087.53608,36.13218511,-8.872023571,-10.23882874,6.740801936,5.309356829,65.80180981,145.8707692,9.274582445,-2.728742761,67.22809377,16.83473944,55.67261882,1
Paraguay,1993,0,91.35825211,72.35210788,26.49569459,9.676918457,29048.73781,43.74802475,-8.623513688,-10.61658112,13.12540935,2.073222778,81.11490861,28.59356705,7.502960188,-0.376658121,86.94578366,60.26021677,68.57401763,1
Paraguay,1994,0,44.59545301,88.38708399,11.58699936,-4.18083139,40119.9915,3.002931312,-12.62777062,-14.8801432,-12.31652071,10.2563965,8.833062543,127.9505526,7.406608809,5.350983859,95.85292287,74.50279351,74.10214287,0
Paraguay,1995,0,113.6499198,40.81006742,14.98472989,5.887046585,5063.88368,53.08214437,-5.288416471,-3.5053243,2.519202424,11.65063392,71.7144839,83.88840004,13.86248348,5.40142053,162.0203138,21.34742768,99.69567299,0
Paraguay,1996,0,86.444773,79.27950766,21.65743441,-0.190431856,51137.60169,29.51322566,-0.306865183,-0.332349411,-5.287349957,3.849613232,-11.17446567,20.69580821,8.008225873,-0.200968623,143.8837716,42.9657005,74.61535683,0
Paraguay,1997,0,98.56068769,60.52202418,38.40210831,-9.203886336,3616.169839,7.749322845,-0.545944985,0.241315836,0.231115002,3.990666413,49.05034764,54.27582846,9.259503036,4.523378935,77.63981548,61.71422151,69.61232904,0
Paraguay,1998,0,79.91678397,89.45528416,13.65729801,5.260387956,9179.868139,43.95695782,-1.414257969,-2.426750487,4.830313671,4.991278805,-34.5939049,73.00059083,4.004540879,0.976607909,139.6831716,30.07877627,99.17873218,1
Paraguay,1999,0,127.7321679,57.50308975,30.60760664,-6.628617112,34734.3456,-4.64468141,-6.533201878,-6.211031361,15.74399275,9.862499191,-46.99542989,60.84531795,13.06639801,2.889102742,156.2221993,74.45351637,24.85345123,1
Paraguay,2000,0,127.843153,56.58668456,20.38068782,2.629471343,44442.86389,37.18745074,2.661392133,1.206806328,-12.30829329,0.619797763,-35.63553108,67.11843032,0.36552139,0.009994883,108.3345804,72.19258912,25.95495169,0
Paraguay,2001,0,112.2205468,62.00893733,15.42465719,-8.286716119,4852.218391,6.102203132,5.662098525,4.510316174,-16.51973652,3.075500345,-2.092627016,139.1673482,8.358401434,1.643753366,86.8929371,17.2628049,64.85460211,0
Paraguay,2002,0,33.70217906,77.43838196,20.9570578,8.93734795,55269.6594,-2.449266143,-6.343143338,-5.429715672,5.088476762,8.617847828,-45.33580793,66.92142421,5.757754428,-0.355984981,151.8474159,11.91798401,48.69316915,0
Paraguay,2003,0,129.051002,96.82214309,7.492235114,-4.165522256,58424.37663,81.56987986,-12.86161602,-14.95951526,-4.234766049,5.164853681,44.57369083,74.44781932,9.058562933,-2.449970739,141.63368,78.35209381,27.7358011,0
Paraguay,2004,0,107.2316875,16.62070188,32.95405798,-5.470706166,36475.22533,91.20612434,-7.591743723,-6.888412568,-13.48389227,4.298399664,-2.518319243,118.947102,5.402580747,-1.745596324,61.68682377,76.95325173,44.51591169,0
Paraguay,2005,0,110.6131416,14.80911422,13.51556748,-7.417271919,29030.23429,16.80583808,-11.56578364,-9.452374737,-15.31651331,10.53125322,60.45641016,123.1983635,10.76531868,-0.38392955,150.001946,39.55999231,73.94835899,0
Paraguay,2006,0,67.18776925,94.37953037,30.38942431,8.920043867,44561.27985,51.6263177,-3.316031819,-5.593492462,2.356391475,11.04934008,-43.11272956,30.93165473,0.304971645,5.786284056,123.2776899,13.53943269,90.44919709,0
Paraguay,2007,0,134.3063423,57.6888063,7.392193001,4.238074849,19902.93393,24.1856065,-11.10162122,-8.716853534,-7.981176219,11.40184152,-17.49476502,111.5291045,6.088341582,5.691049352,163.0053435,53.32128869,27.54595813,0
Paraguay,2008,0,114.298308,65.34127131,38.42844947,4.833217774,29747.88672,46.82563106,-3.428881059,-5.952206977,19.89705518,3.634331126,11.2005138,82.73435398,12.468954,4.448970082,78.60763128,30.53870752,63.211605,0
Paraguay,2009,0,34.63676065,53.41812414,11.75552449,-0.011908772,54994.2163,40.84628869,-9.474927692,-10.38147233,-3.763967227,10.99389501,7.397734344,37.40100612,3.753010767,-0.90744554,88.73246269,75.57060908,43.68924518,0
Paraguay,2010,1,73.01114447,18.42917073,35.89597267,-0.505444295,57352.62889,23.25036078,3.468277637,4.131333528,-11.50853565,8.975103879,-30.35019907,54.41237331,0.791263176,0.974419265,131.4969109,65.62633475,73.38609306,0
Paraguay,2011,0,135.2294471,79.12804406,33.33156234,-7.79957514,55646.02623,68.54132586,-14.31079398,-13.95430542,5.153961805,2.273469608,99.12052204,25.85461465,7.447861118,0.958045546,122.2600292,55.47156489,63.95611956,0
Paraguay,2012,0,26.13557122,77.25021806,38.87509734,1.196821912,15968.1496,8.281550729,-1.131342404,-3.552995969,-10.22980441,7.518105326,-7.334062875,66.83083455,14.64800191,0.482759203,107.9548057,29.91526933,94.13688048,0
Paraguay,2013,0,144.9841606,38.05329893,21.72617313,-5.061670098,14178.4017,0.572642128,-10.76279313,-8.96931412,-0.236558271,0.802850422,58.1548127,53.20283724,0.962378423,-2.596077254,161.9049972,59.08880056,23.01471096,0
Paraguay,2014,0,108.2911339,37.56153207,30.45890528,9.542906656,18070.571,75.60592047,-14.97520339,-12.13628363,-0.696952651,8.646348791,-16.99599542,69.67344166,1.050847391,1.810746368,134.7127345,30.24177867,57.602982,0
Paraguay,2015,0,102.0788771,85.40572428,17.974873,5.9316188,26646.27341,64.92265328,6.730002202,4.817371937,-1.857694811,8.93602651,81.67768161,95.44427118,8.926748474,-2.344692071,156.5407781,12.63416889,35.42076443,0
Paraguay,2016,0,55.17270334,16.5121532,11.45288833,-1.740158796,19055.79454,47.34524304,1.788194695,4.158980514,11.84342785,9.577392849,8.163746522,115.2041418,3.751015693,4.217268126,72.98824435,45.59042113,62.94253669,0
Paraguay,2017,0,52.34293254,89.29946335,20.50765765,-6.973174826,22640.50391,44.1179259,-12.52642945,-12.1855728,-11.33547994,2.484038122,85.13537335,98.69575825,6.153468505,3.221764286,159.3482443,44.20791814,88.28634753,0
Paraguay,2018,0,142.4675685,33.09955209,10.80121554,5.706633823,37352.02604,47.22819485,1.601809192,4.21741182,16.1722922,7.724874321,1.275237945,108.1890493,12.45760729,0.17463306,119.2292162,63.41041811,92.90532222,0
Paraguay,2019,0,58.77541905,63.3686273,39.3715618,-7.558924658,45822.78292,40.88752799,0.291183318,-1.652300931,11.65362013,2.556851876,-48.70342678,132.5330857,2.982730263,2.82422744,55.06519035,70.59717176,51.85853306,0
Paraguay,2020,0,120.8156886,94.23947611,8.36862719,-6.21332493,44212.82444,36.25369106,-3.166082824,-1.413954465,-6.67510543,11.38647596,27.55306466,133.5971776,10.78949905,-0.902666941,85.1737331,34.81279421,84.94244186,0
Paraguay,2021,0,71.10583377,71.03102514,25.62241032,-5.769589645,48921.08695,47.4675133,-4.518547539,-7.159858087,-12.77589975,8.262622966,28.71819042,131.8935153,7.567282699,-0.612749415,53.86345876,41.46311071,42.44064598,0
Paraguay,2022,0,38.1030292,47.29868312,26.92623493,1.137812765,2221.408872,50.49409297,7.176744073,9.475922754,-8.81859902,1.596247252,-32.02487258,39.91195901,13.57436539,-0.172798348,118.5311783,42.92802938,20.50439571,0
chad,1980,0,21.3929887,72.0580788,23.832784,5.74113308,3149.707244,67.64974298,-8.871299503,-7.826342969,-6.694550124,2.650870645,-14.75546399,52.63898737,3.451559323,5.756658003,169.55174,32.81158324,88.4191246,0
chad,1981,0,90.75345381,40.95816727,28.176506,-3.713702426,47426.16275,69.67675188,-5.042248575,-5.820719871,2.277326752,8.129791128,67.52433865,85.30228964,12.05653175,1.364647071,81.60370203,79.12146919,29.55297939,0
chad,1982,0,146.8512464,34.95325747,9.066327125,-8.306603714,32124.80569,34.65105341,-6.772114678,-8.629313737,-18.14527325,5.981710706,-44.48662631,66.63610822,7.198065902,2.261823532,134.4171841,70.79528819,21.40888987,0
chad,1983,0,67.9877052,99.70149501,24.42564835,-0.70923073,34814.99822,38.42175489,4.280025726,6.179224317,16.57436519,8.967423161,23.429003,37.11696588,9.154529613,3.712582867,80.07006716,67.79696022,48.30381307,0
chad,1984,1,66.43500342,77.57112081,15.05243999,4.962204823,3439.435555,34.23820282,7.911632656,8.531080584,-16.05300573,3.729071188,29.56121851,57.4075305,1.382301258,-0.131932723,92.75561376,45.07815843,50.35039917,0
chad,1985,0,64.73191032,68.02479796,37.90616222,-5.566723138,15542.23393,51.33625623,6.244542469,5.407037586,-8.829064236,8.066051674,53.3068091,146.805739,3.07547375,-0.959336845,85.32219395,66.49612495,26.17761366,1
chad,1986,0,87.67069885,41.97606789,31.67250787,-5.601509039,38409.752,42.60212148,4.942598257,4.605613206,-15.62850248,2.535041932,-44.38155989,65.10047821,11.60036822,5.682166552,146.7507007,28.68087532,85.13461172,0
chad,1987,0,77.28643485,14.42447462,39.03800688,8.944540547,51593.15884,88.40762863,9.669748639,11.62900458,-9.733086939,6.752668029,37.84694906,74.45882888,3.358626618,0.893538521,129.0093417,49.24546275,52.44741842,0
chad,1988,0,134.3889015,12.79511884,6.314462441,9.083074542,55043.90881,68.11793303,2.42861376,1.46217692,13.50695274,11.5146953,-49.53529451,20.83218484,1.387947413,-2.985682561,158.1948719,37.50426429,59.1938891,0
chad,1989,0,85.71770292,59.87631299,14.97966113,9.809314641,30175.0439,89.35892029,3.77634478,1.314140849,4.607032455,7.724555671,-10.22324491,113.5239344,8.958049234,4.539464687,82.9915156,21.99393381,41.17002144,0
chad,1990,0,86.00851896,78.58294489,11.83979053,6.153192031,32864.81169,69.45938411,9.570063493,12.03775653,-10.907071,1.074926601,24.9526383,73.76150852,8.219047742,2.396977452,51.37228036,15.0829402,60.92054019,0
chad,1991,0,37.98830731,58.36412714,5.390410556,-6.236316617,50033.06297,96.9541756,-14.82523037,-15.50116793,14.87034119,11.87076458,86.69220061,33.40820818,9.118408935,-1.482972936,152.0764351,49.07528681,81.33851125,0
chad,1992,0,147.7561403,85.67065647,13.48140056,-5.760369584,32396.18866,61.75236172,0.851209411,-0.058465522,12.02848237,2.303962791,-31.0115276,145.912376,9.274582445,-2.728742761,67.22809377,16.83473944,92.49461724,1
chad,1993,0,52.49647581,13.00838798,28.75715942,-3.19549517,31156.45397,96.17276451,3.474288299,1.700686012,10.14597129,8.757794681,-24.60663065,121.0663176,7.502960188,-0.376658121,86.94578366,60.26021677,97.64236806,0
chad,1994,0,29.53732877,43.00768688,13.08811227,-3.637349373,54333.51705,11.60783849,7.945676344,10.33021177,13.90530794,6.624095449,50.38750966,114.3995116,7.406608809,5.350983859,95.85292287,74.50279351,54.13791397,1
chad,1995,0,106.2090124,31.33633521,22.81512059,9.130554982,47458.98345,0.510156487,7.096107605,5.401139607,4.785987261,3.88514791,6.229254073,144.5234035,13.86248348,5.40142053,162.0203138,21.34742768,99.2027087,0
chad,1996,0,97.39762812,50.25456713,36.07363402,5.781479658,54571.62982,55.80814445,6.049017031,6.869054239,0.057494408,2.539070582,43.51321029,72.97241099,8.008225873,-0.200968623,143.8837716,42.9657005,43.59645694,0
chad,1997,0,73.96893502,16.51387539,29.28152721,4.480175843,13329.34917,98.26678661,8.644781799,10.92937187,-5.042598953,2.543577189,99.61812507,113.4093602,9.259503036,4.523378935,77.63981548,61.71422151,20.55807482,0
chad,1998,0,74.8849904,95.87184774,18.81201745,-6.280735519,31605.21655,38.84855097,-1.565520302,-4.356038615,-11.04943918,10.37159633,98.0307492,46.80702666,4.004540879,0.976607909,139.6831716,30.07877627,81.40936351,0
chad,1999,0,122.0583097,30.0929861,18.03641286,8.190511187,50595.58608,17.26455303,-14.82699761,-12.85424738,2.296466306,10.53849391,3.057036924,110.6256712,13.06639801,2.889102742,156.2221993,74.45351637,34.27485188,0
chad,2000,0,45.44264321,93.00769979,20.95075349,6.55740759,6935.5253,49.76185217,-14.72364003,-15.2600435,15.57969383,5.849173499,25.58880307,21.83028198,0.36552139,0.009994883,108.3345804,72.19258912,24.19638705,0
chad,2001,1,126.6329315,48.33038395,11.19645044,-6.727163173,47741.33061,63.12385558,-1.38402361,-0.436176158,3.75927156,1.691646824,85.70352379,36.41969946,8.358401434,1.643753366,86.8929371,17.2628049,93.92071381,0
chad,2002,0,104.3371248,98.69717199,27.19002686,7.423406639,11223.51099,28.09376303,-4.118194028,-4.883766649,16.78427447,10.66789869,-36.17485064,75.28365942,5.757754428,-0.355984981,151.8474159,11.91798401,83.34486644,0
chad,2003,1,74.46607059,59.86525451,17.74534867,-4.555049273,48544.68967,70.05078264,-3.718873666,-2.545776128,-5.723305216,6.100689591,17.84558558,21.57205032,9.058562933,-2.449970739,141.63368,78.35209381,28.21318412,0
chad,2004,0,79.54372016,93.77495778,34.83278722,-8.382605083,36836.45597,97.38702324,-4.98988157,-6.464112082,7.805518901,5.545767863,6.636602247,80.05556121,5.402580747,-1.745596324,61.68682377,76.95325173,82.15281219,0
chad,2005,0,53.36413693,10.48140898,31.4793431,3.13644613,11836.18869,89.18112778,7.943145227,5.074728482,5.946618899,5.184605781,-5.767584101,87.96292738,10.76531868,-0.38392955,150.001946,39.55999231,87.51997579,0
chad,2006,0,117.7748633,77.34149256,26.36796074,3.076093188,28559.24451,25.61646422,-6.020741221,-3.334016132,6.817353763,4.697662999,99.13063179,100.8088577,0.304971645,5.786284056,123.2776899,13.53943269,92.42413321,0
chad,2007,0,86.6737165,91.27455878,17.74707779,-8.101359809,41009.73844,29.30598673,6.405673544,3.503880128,5.80168049,6.549062141,60.0323941,33.05026801,6.088341582,5.691049352,163.0053435,53.32128869,63.4955254,0
chad,2008,0,61.71109056,22.57485103,12.34761411,-3.622963821,38141.01818,34.01182857,7.571619845,9.516215583,-11.133813,7.452224106,8.312048859,43.53154871,12.468954,4.448970082,78.60763128,30.53870752,76.27296564,0
chad,2009,0,97.48651505,18.65132666,32.16531524,9.856289245,25806.65762,36.42804173,-2.51245575,-4.49763019,-14.25636407,5.863970341,74.35328375,99.72683819,3.753010767,-0.90744554,88.73246269,75.57060908,80.97914232,0
chad,2010,0,149.4454788,48.21153465,22.02431846,3.56853334,53992.18178,5.533547415,-3.826549066,-4.473227694,19.14513025,10.81145388,23.44991511,105.5644026,0.791263176,0.974419265,131.4969109,65.62633475,75.09111481,0
chad,2011,0,76.58409636,94.03110155,12.86625134,4.601503332,31300.02584,75.00609808,4.025515105,5.960469364,-18.18819485,4.153104128,80.92366186,23.36702967,7.447861118,0.958045546,122.2600292,55.47156489,71.74668962,0
chad,2012,0,139.6898821,58.81479042,11.83111153,-5.741654288,30500.27772,33.36062268,2.699287691,0.934880593,-1.290540519,7.150586353,-10.04302316,90.24775707,14.64800191,0.482759203,107.9548057,29.91526933,63.80474022,1
chad,2013,0,64.85218919,57.47108173,10.78903166,-8.42435858,4016.36022,87.38109755,-6.786622085,-4.592376452,-2.996787314,3.949470082,-16.45996589,122.0476252,0.962378423,-2.596077254,161.9049972,59.08880056,58.33563634,0
chad,2014,0,27.1152519,22.70135065,32.20064187,-4.461966205,55350.58727,92.32876543,-12.43629685,-12.44974322,-5.599241671,9.163525274,-12.90699781,28.98311411,1.050847391,1.810746368,134.7127345,30.24177867,99.69000157,1
chad,2015,0,46.55147383,10.071056,13.01455149,-5.022032296,10873.85915,-2.434712523,-8.378689995,-9.181769219,11.27935414,1.674392642,30.77208642,73.71247248,8.926748474,-2.344692071,156.5407781,12.63416889,47.00486243,0
chad,2016,0,74.43036863,82.91260817,23.43247922,-5.309117985,31842.1782,98.79282234,-11.72428735,-10.74966087,9.814011533,2.670038463,-6.302991327,62.44646549,3.751015693,4.217268126,72.98824435,45.59042113,27.06150164,1
chad,2017,0,48.55254072,17.88171067,20.80412263,-6.144913562,48272.9858,69.55238681,-7.631693106,-8.583354774,16.20899694,9.713816214,-27.93204738,138.7765313,6.153468505,3.221764286,159.3482443,44.20791814,81.2029572,0
chad,2018,1,20.02951497,67.04648369,25.28638147,1.495113813,13162.56063,49.64118373,-8.45446086,-9.370730707,-4.180498953,2.606772345,99.19418778,44.15431112,12.45760729,0.17463306,119.2292162,63.41041811,37.10595023,0
chad,2019,0,138.9501999,92.31548091,35.70042151,-3.437930483,31784.18541,35.90039888,0.942785597,2.343943943,2.567181117,7.696082981,85.06498412,61.38685371,2.982730263,2.82422744,55.06519035,70.59717176,62.61546877,0
chad,2020,0,129.7043235,28.77867218,35.37115865,6.406900301,14668.88908,49.44440392,8.862400711,7.721394059,15.69228189,11.6577997,45.25186562,136.7978168,10.78949905,-0.902666941,85.1737331,34.81279421,27.66412133,1
chad,2021,1,116.4979901,69.87455526,20.78766251,-6.321051643,45653.79137,29.08559602,2.143593308,0.348229198,19.75392251,6.513242058,83.73143109,62.98492979,7.567282699,-0.612749415,53.86345876,41.46311071,69.54270887,1
chad,2022,0,41.81589743,17.0828719,5.537818776,-0.707458583,33991.16772,60.38222044,8.166235202,10.01211197,18.77177449,2.655059133,90.31941063,89.07516728,13.57436539,-0.172798348,118.5311783,42.92802938,95.52059231,0
Belize,1980,0,35.64726491,64.33796295,19.9255332,-9.726843271,51401.75887,4.762929027,4.603306465,6.435532668,8.713754851,4.187947025,51.41624378,24.29459384,3.451559323,5.756658003,169.55174,32.81158324,77.81637701,0
Belize,1981,0,28.78861743,24.75385489,26.21677381,-0.366353551,53705.11277,60.21787331,3.196940552,3.182454774,-14.27089769,9.969767879,27.8019668,148.0373167,12.05653175,1.364647071,81.60370203,79.12146919,37.16278226,0
Belize,1982,0,114.1237945,76.23582045,24.52176657,-8.883235582,39029.3889,23.91120926,-4.648451495,-4.488517798,-19.07255953,4.544100501,82.30026883,127.243072,7.198065902,2.261823532,134.4171841,70.79528819,97.69104362,0
Belize,1983,0,140.7450349,37.11081653,27.7967637,9.554470237,43605.8574,-3.14834295,-6.880137428,-5.703677674,13.00873426,8.820380629,35.16954954,102.4721228,9.154529613,3.712582867,80.07006716,67.79696022,44.56695448,0
Belize,1984,0,75.96965672,51.70519079,10.39265064,5.811842573,33088.43996,53.03410545,6.156934312,6.212580062,13.63768098,9.439525723,-30.97991857,27.8981855,1.382301258,-0.131932723,92.75561376,45.07815843,54.92919892,0
Belize,1985,0,35.48828736,63.94874878,27.62872846,-0.197770467,23250.39536,55.73701436,7.634830823,7.137070577,9.854436331,6.263602743,5.028400069,29.73309498,3.07547375,-0.959336845,85.32219395,66.49612495,59.84936163,0
Belize,1986,0,86.6110667,25.41460696,11.39280666,-8.268252836,38992.64,39.78974549,-3.702937659,-0.733572499,-8.80306056,9.50695392,16.88814276,90.846572,11.60036822,5.682166552,146.7507007,28.68087532,99.25749947,1
Belize,1987,1,65.34814797,76.74740368,31.26833932,1.848908816,54524.83082,2.590054418,-14.77342255,-16.88757998,5.592714384,4.144384551,90.30535242,57.05837671,3.358626618,0.893538521,129.0093417,49.24546275,25.51131206,0
Belize,1988,0,68.72724017,37.23763066,16.86806646,5.175275014,25175.81871,88.80101004,4.813276473,5.369644348,-7.350062327,6.435835937,48.87782085,100.9626282,1.387947413,-2.985682561,158.1948719,37.50426429,75.73826355,0
Belize,1989,0,100.7729811,69.61346739,29.84634017,-6.18565494,19070.27857,59.20023476,-7.873278988,-5.558100832,-1.974070156,8.395420036,81.29163442,97.76502264,8.958049234,4.539464687,82.9915156,21.99393381,48.95447006,0
Belize,1990,0,113.4333547,24.24547456,6.675295962,1.364166816,23489.68523,7.149896455,-14.75280337,-13.62951313,-4.702596601,2.432841194,63.63875513,129.0246818,8.219047742,2.396977452,51.37228036,15.0829402,26.26602553,0
Belize,1991,0,34.37846785,71.93058933,19.2751009,6.284217968,26293.23852,48.64771054,5.124713974,7.410253769,16.54560347,3.646652625,-3.520867022,56.57901789,9.118408935,-1.482972936,152.0764351,49.07528681,94.80253261,0
Belize,1992,0,24.62673,21.53692655,29.67620828,5.364955553,4691.59343,47.21170317,-2.06464528,-3.046636957,-10.63370677,7.998420939,57.80634896,95.12225818,9.274582445,-2.728742761,67.22809377,16.83473944,67.18866553,0
Belize,1993,0,149.2629393,48.28208466,12.94046807,6.059840357,30056.97787,1.342196223,2.130268658,0.762226516,3.104436183,8.036641378,-20.70503961,121.0572314,7.502960188,-0.376658121,86.94578366,60.26021677,80.28144061,1
Belize,1994,0,50.25468536,32.24854664,32.83504657,7.586468497,29810.56061,58.72026888,7.867245529,9.97487985,-5.560738839,6.172980434,11.22187176,83.80048822,7.406608809,5.350983859,95.85292287,74.50279351,39.23083485,0
Belize,1995,0,26.99796824,77.35377245,27.07729066,8.753642043,35430.09651,79.87427189,-1.470654247,-2.105966789,6.522844477,9.649231603,70.91377857,127.9836764,13.86248348,5.40142053,162.0203138,21.34742768,80.92327381,0
Belize,1996,0,44.68379278,33.58315041,25.56466203,-1.889576896,21960.35582,73.6458457,-2.420148186,-1.162054247,2.582525647,6.043631373,41.78937429,37.0659062,8.008225873,-0.200968623,143.8837716,42.9657005,86.2780352,0
Belize,1997,0,25.06452003,89.35455758,17.3742099,1.37538205,36902.52348,16.31178849,-7.733446966,-9.846955496,16.95910725,10.63520605,73.81187589,115.4067095,9.259503036,4.523378935,77.63981548,61.71422151,54.46635178,0
Belize,1998,0,70.9354163,90.26381903,21.88580146,5.813190521,52729.51372,85.5407156,-7.370154139,-5.835125387,-15.93551393,8.962889455,-11.79446265,142.5876719,4.004540879,0.976607909,139.6831716,30.07877627,65.75651782,0
Belize,1999,0,124.312232,27.67971837,25.90722553,3.942796279,57341.61813,30.96692739,4.913551651,5.207447545,-11.17436641,4.118990928,62.46232486,63.14483173,13.06639801,2.889102742,156.2221993,74.45351637,97.74980279,0
Belize,2000,0,64.36177847,65.24613505,21.53617399,9.910404565,35141.6493,94.38337972,-3.77426886,-5.162599021,10.65391855,5.045421098,-19.65134578,67.62373751,0.36552139,0.009994883,108.3345804,72.19258912,87.73837134,0
Belize,2001,0,77.74384289,17.89458775,29.44096634,-9.726446978,2842.679952,2.533536244,-10.91184478,-10.944821,-5.248526404,8.178396886,31.79562586,30.86145803,8.358401434,1.643753366,86.8929371,17.2628049,55.58800489,0
Belize,2002,0,107.8262806,45.23833896,20.17939266,-2.897335694,58163.38904,46.05191229,-12.6367809,-11.45511914,-13.36864855,10.78620512,15.03018917,103.3940613,5.757754428,-0.355984981,151.8474159,11.91798401,73.1659087,0
Belize,2003,0,86.15622911,74.19895566,12.07956136,-4.379441475,42439.96504,57.6980596,-3.176997078,-6.105678625,0.13285037,2.555150426,33.47137867,91.81859433,9.058562933,-2.449970739,141.63368,78.35209381,82.73851814,0
Belize,2004,0,131.9879392,69.34809222,12.4876824,-4.753682997,20357.02982,21.00326034,-3.37612441,-2.551322057,6.085682464,6.418630696,-29.6699864,25.24494864,5.402580747,-1.745596324,61.68682377,76.95325173,21.94630565,0
Belize,2005,0,132.5846378,66.22306025,5.20313191,-5.54940435,9085.314748,75.99491982,1.336456955,1.586001625,-18.20693143,1.866020845,4.184181327,117.7875635,10.76531868,-0.38392955,150.001946,39.55999231,67.06927893,0
Belize,2006,0,21.28839041,35.42867773,15.53352004,4.182476816,8862.091151,60.82404638,-3.223313056,-4.90159605,-8.335124425,3.713734286,50.03557463,127.8069844,0.304971645,5.786284056,123.2776899,13.53943269,98.76228907,0
Belize,2007,0,121.1460198,44.02224545,31.21211742,-8.304810534,10314.34105,-3.098509085,-11.4131074,-9.895220953,12.37690151,8.388785632,33.77961911,137.9255485,6.088341582,5.691049352,163.0053435,53.32128869,95.77445199,0
Belize,2008,0,79.89536803,19.26515302,32.79569481,4.832176679,3020.67954,58.87870202,-2.30492788,-3.484161972,0.809782664,1.393948305,32.34546384,90.9454312,12.468954,4.448970082,78.60763128,30.53870752,86.59523158,0
Belize,2009,0,148.5492704,74.71205384,12.08636397,3.86851684,54158.60506,46.60521461,7.669735097,6.330900686,-18.58483139,8.117123692,26.62451682,78.83540454,3.753010767,-0.90744554,88.73246269,75.57060908,28.49712745,0
Belize,2010,0,82.82016986,55.34999171,38.56653989,-4.98391735,32583.8635,15.58306618,-11.01396471,-11.18665462,-8.721959789,10.85932789,91.58273651,133.8978301,0.791263176,0.974419265,131.4969109,65.62633475,99.5233162,0
Belize,2011,0,148.2964729,73.78890691,22.58409777,-4.943324337,42087.57694,99.55356384,2.243866024,3.300764095,5.565626239,11.64775835,90.18545469,71.83058648,7.447861118,0.958045546,122.2600292,55.47156489,68.76305225,0
Belize,2012,0,118.094017,32.40491723,37.09425622,2.577211707,49738.078,89.20203046,-0.153518376,2.419557479,-12.02562122,2.991270312,4.02174592,105.2076063,14.64800191,0.482759203,107.9548057,29.91526933,37.83265995,1
Belize,2013,0,52.318635,39.19944058,29.73678487,5.24342211,47554.99808,25.71330798,3.714643168,1.562786627,13.09565625,9.112326501,2.784251738,99.99709333,0.962378423,-2.596077254,161.9049972,59.08880056,73.94149517,0
Belize,2014,1,89.99134731,40.07938035,30.28516981,7.529712262,52991.55574,51.81244668,-11.23499316,-11.85618444,7.063036283,11.15326016,33.23476849,68.38094298,1.050847391,1.810746368,134.7127345,30.24177867,88.52188497,0
Belize,2015,0,148.9776331,12.31681688,7.976526746,7.042791277,58045.10096,28.23272469,8.540133423,5.942070978,-1.144837562,1.550747075,-35.65905738,31.29569188,8.926748474,-2.344692071,156.5407781,12.63416889,28.98622087,0
Belize,2016,1,131.478979,40.69430855,12.69968944,9.297659883,26512.5157,76.42705392,0.524160694,2.075465179,16.62495124,5.261271498,-4.548994885,22.78402003,3.751015693,4.217268126,72.98824435,45.59042113,93.31505146,1
Belize,2017,0,32.65769619,82.29741162,5.308519165,1.627697907,57035.02736,92.68480049,6.176778442,5.86317578,-4.327969163,11.07321232,-15.36986513,75.67090627,6.153468505,3.221764286,159.3482443,44.20791814,93.61634251,0
Belize,2018,0,111.8283596,90.75686462,30.06446742,8.173111227,43480.40992,32.67700373,-8.834830908,-7.593256097,-10.59706358,2.83205623,-16.49154975,82.55620473,12.45760729,0.17463306,119.2292162,63.41041811,21.0771525,1
Belize,2019,0,64.92534616,56.63964841,17.05534009,6.170265465,4518.890961,79.58634616,3.485322235,2.418488779,6.456119701,11.23824786,45.77582888,126.9481749,2.982730263,2.82422744,55.06519035,70.59717176,92.02552973,0
Belize,2020,0,20.90769404,50.99515257,32.53283806,7.893352486,41002.45234,47.33279198,4.525767608,6.591671057,2.931807499,6.562708818,7.652550152,73.87351449,10.78949905,-0.902666941,85.1737331,34.81279421,95.74543346,0
Belize,2021,0,72.45252597,12.77421568,16.8627677,-9.767467974,41296.98458,36.64074894,-5.06411819,-4.855149721,-6.590083963,1.648770449,-24.32534379,56.55078372,7.567282699,-0.612749415,53.86345876,41.46311071,23.01534376,0
Belize,2022,0,50.51807482,89.12839038,33.67668133,9.318059837,54379.87566,93.53429447,-5.401163678,-2.739516747,-6.253417547,5.673589143,83.13577675,80.07254085,13.57436539,-0.172798348,118.5311783,42.92802938,43.53330588,1
Cameroon,1980,0,126.4530052,11.17091921,9.574438881,-0.529396743,22564.04831,48.59249232,1.444906626,-1.082205539,-4.071587655,4.252003748,81.12230319,50.93876246,3.451559323,5.756658003,169.55174,32.81158324,49.84860055,1
Cameroon,1981,0,63.85297915,95.02750722,11.06806049,5.963659791,35219.21657,44.07810253,-12.66480796,-12.57914701,-8.354457301,3.745347846,79.36943853,31.87687944,12.05653175,1.364647071,81.60370203,79.12146919,47.91123777,0
Cameroon,1982,0,127.5780802,54.02946238,16.93067889,-7.455917613,1027.596795,65.60561221,3.390603755,4.989335231,8.409656254,6.72696912,8.611741339,34.69559438,7.198065902,2.261823532,134.4171841,70.79528819,80.72025898,0
Cameroon,1983,0,20.07773205,40.77410442,19.29705861,-2.081178084,20124.89196,22.42959111,-13.927831,-13.32691512,6.054336202,6.061315944,-41.45263197,61.49007979,9.154529613,3.712582867,80.07006716,67.79696022,48.64835674,0
Cameroon,1984,0,60.0164895,93.17965914,17.20459838,-4.57078674,4015.950452,29.10325143,-10.23524247,-13.09607763,-2.368893898,6.042622336,-33.98869732,21.64793428,1.382301258,-0.131932723,92.75561376,45.07815843,96.52630479,0
Cameroon,1985,0,51.35147786,12.19518938,31.72764614,-4.16682459,31455.81647,92.86481281,1.603593931,4.437626001,-4.085812969,1.513629908,-8.592788034,48.62642727,3.07547375,-0.959336845,85.32219395,66.49612495,99.59941002,1
Cameroon,1986,0,50.36375694,62.32824054,8.393298742,-7.534887601,49101.62474,66.24563377,-12.54190832,-13.75232616,-5.397949226,9.726659082,-17.00449938,122.3780083,11.60036822,5.682166552,146.7507007,28.68087532,45.34550966,0
Cameroon,1987,0,28.86426057,59.4039272,17.29259569,6.115276651,12624.62872,81.79690052,9.296052287,7.791719485,-8.661267144,6.036552127,81.09784302,50.50023502,3.358626618,0.893538521,129.0093417,49.24546275,60.70406026,0
Cameroon,1988,0,44.32615515,29.73883611,34.30339998,-9.815153708,31788.23042,23.466735,6.709905237,6.62386449,-16.57213347,9.94041703,97.95372706,34.39483644,1.387947413,-2.985682561,158.1948719,37.50426429,64.61646722,0
Cameroon,1989,0,92.22144409,48.59986882,7.337897704,-3.74989086,12479.3156,52.09796994,0.65755831,0.910506955,-9.271812579,9.982838378,72.50104935,143.3804728,8.958049234,4.539464687,82.9915156,21.99393381,66.3522264,0
Cameroon,1990,1,57.87693947,68.70376053,37.98202277,-6.511789136,7505.10153,96.99660803,5.476436392,7.074165217,-7.151946052,4.147056236,59.47733541,100.9211151,8.219047742,2.396977452,51.37228036,15.0829402,49.93671954,0
Cameroon,1991,0,74.2613217,75.44180772,39.52108948,1.780778812,30806.50848,28.4639094,7.189501215,6.549143161,1.907360251,0.549982494,38.29362099,27.80337343,9.118408935,-1.482972936,152.0764351,49.07528681,33.27948016,1
Cameroon,1992,0,68.99269445,10.06451728,8.099886084,-4.914951948,5025.172671,11.85003001,-8.513108761,-8.873346502,10.95154036,10.97932529,65.48624488,28.09171564,9.274582445,-2.728742761,67.22809377,16.83473944,24.36484334,1
Cameroon,1993,0,133.8676402,94.31680871,15.19453828,-4.820030909,35365.07148,48.64303086,6.235289699,6.445049194,-4.171914207,9.24798897,92.05499683,99.57587634,7.502960188,-0.376658121,86.94578366,60.26021677,28.50789325,0
Cameroon,1994,0,137.6888699,24.80728352,18.03402331,-0.23323712,2170.846402,35.72121432,-10.13015541,-10.76383281,17.79027623,1.733397503,40.20170049,90.21674427,7.406608809,5.350983859,95.85292287,74.50279351,92.10329901,0
Cameroon,1995,0,84.08440632,31.02223908,32.1736979,3.053780787,6670.883821,11.75560944,-4.666443396,-2.179154922,13.09399854,8.569860891,-26.8080134,28.88872041,13.86248348,5.40142053,162.0203138,21.34742768,42.43000053,0
Cameroon,1996,0,62.92027354,33.71261011,25.85743842,-7.573905909,33134.84988,88.29789518,-1.043509219,1.064002581,19.39207392,0.73026759,-25.42125241,49.16101175,8.008225873,-0.200968623,143.8837716,42.9657005,26.14583866,0
Cameroon,1997,0,33.88409152,13.40381229,27.55279952,-6.489770951,35607.02255,99.02601061,2.847274077,2.577116247,15.04812164,0.819229296,37.57942047,140.7755789,9.259503036,4.523378935,77.63981548,61.71422151,69.88237596,1
Cameroon,1998,0,143.9423743,21.07469112,31.5128438,-5.056505108,2030.519727,54.70112897,-14.24646706,-17.24529788,4.669037972,6.546967255,0.020280968,94.36140536,4.004540879,0.976607909,139.6831716,30.07877627,26.0245721,0
Cameroon,1999,0,27.82950284,98.77149306,9.12926498,9.474964282,34530.59424,76.34106068,-7.737264681,-5.331657707,3.939171513,1.604430436,86.53710629,77.24230176,13.06639801,2.889102742,156.2221993,74.45351637,25.60423517,0
Cameroon,2000,0,58.69453608,38.36950636,34.16233099,-2.056950001,50358.60076,85.1990288,0.212977455,-2.041003104,-14.81895493,11.58987001,41.74635008,52.52020355,0.36552139,0.009994883,108.3345804,72.19258912,69.72564047,1
Cameroon,2001,0,58.74860615,20.37709813,29.69669315,1.979801813,43422.27578,68.60311063,-6.065783021,-7.59870853,8.895969956,10.77905911,51.47389201,37.3807455,8.358401434,1.643753366,86.8929371,17.2628049,67.31161954,0
Cameroon,2002,0,61.6521672,19.62921351,25.20696038,-5.169143746,8131.750704,-0.363614843,4.375626391,2.289794097,4.008274304,7.972838359,-49.12689348,72.34211893,5.757754428,-0.355984981,151.8474159,11.91798401,23.31818296,0
Cameroon,2003,0,41.35728963,74.75139709,36.14073672,-0.190809497,35670.73646,11.55159433,1.291304029,-0.629802551,0.277284136,1.232653165,24.82728281,139.9076527,9.058562933,-2.449970739,141.63368,78.35209381,56.83822675,0
Cameroon,2004,0,121.810986,86.91117976,29.51072239,-8.517616512,40433.47425,2.453865071,-9.139963657,-7.32269843,7.731474902,4.235605465,14.67470821,26.33248144,5.402580747,-1.745596324,61.68682377,76.95325173,54.86146463,1
Cameroon,2005,0,35.92472206,33.12570696,12.05949869,-9.305157082,2522.702745,-3.962641303,-11.35177551,-10.87476686,-2.238086286,4.774814476,55.88077852,148.8272461,10.76531868,-0.38392955,150.001946,39.55999231,63.73513038,0
Cameroon,2006,0,102.5378657,11.88185611,20.04108834,-0.625329464,51364.25582,27.12962292,0.72617484,3.462745818,0.954386496,6.030118112,7.39579905,47.01565363,0.304971645,5.786284056,123.2776899,13.53943269,79.02757683,1
Cameroon,2007,0,36.09998347,30.07810166,22.29150034,-2.02681425,54404.16362,36.19737585,-3.738316807,-5.349595733,-4.065907808,2.442383051,96.48625478,73.13975685,6.088341582,5.691049352,163.0053435,53.32128869,42.6240038,1
Cameroon,2008,0,29.16963289,15.08641217,6.932616936,-7.262393606,51072.00072,20.3081219,-10.77607397,-10.86226452,8.694835735,7.141383892,50.53047723,25.85667006,12.468954,4.448970082,78.60763128,30.53870752,54.62242269,0
Cameroon,2009,0,138.2258355,19.3055443,38.41231297,3.752028578,49530.49864,1.783488049,-6.840644867,-3.976074653,15.06443882,5.511362451,48.98774997,96.0216864,3.753010767,-0.90744554,88.73246269,75.57060908,83.41941475,0
Cameroon,2010,0,44.71673962,48.83573079,9.500204128,9.858069818,44774.42235,50.63562454,-7.423831292,-5.465170206,13.63379757,11.39391508,87.90117171,82.8621845,0.791263176,0.974419265,131.4969109,65.62633475,93.80451124,0
Cameroon,2011,0,126.7625201,30.69265338,29.41114435,-2.087063576,38115.89227,23.6985286,-12.29670069,-10.92500662,11.44101088,11.26624514,99.28072508,106.6719145,7.447861118,0.958045546,122.2600292,55.47156489,91.30583784,1
Cameroon,2012,0,90.80201324,56.43512907,22.71808626,2.491172718,40814.0322,78.58390126,-1.327274518,-3.19342331,-19.44849182,7.002950486,-20.32689661,90.54815655,14.64800191,0.482759203,107.9548057,29.91526933,58.21047617,0
Cameroon,2013,0,30.12134755,32.81443779,5.897128746,9.259518847,48441.79901,-4.154474729,4.091215848,5.707648253,16.47521856,7.910017364,71.57997148,71.763112,0.962378423,-2.596077254,161.9049972,59.08880056,61.66926376,1
Cameroon,2014,0,144.2082649,94.6483571,37.36616166,6.630699449,39851.15796,83.46534039,-0.613327779,-1.527937043,-9.004971171,2.084659379,-25.6520757,115.9083707,1.050847391,1.810746368,134.7127345,30.24177867,62.32843537,0
Cameroon,2015,0,52.10495171,91.53495711,34.81428831,-0.728955534,19865.29931,95.24913629,5.657284123,5.840505506,15.51895772,3.068217247,18.55651796,23.25274661,8.926748474,-2.344692071,156.5407781,12.63416889,89.49724558,1
Cameroon,2016,0,131.7538949,61.01254945,23.34902748,4.749789689,22744.8778,70.19418163,-11.81078632,-11.15581904,-12.12127588,10.85822715,-34.97218935,90.33377271,3.751015693,4.217268126,72.98824435,45.59042113,87.19516056,0
Cameroon,2017,1,41.94530075,41.89815928,13.01298176,-7.437299195,53854.33086,72.03262685,-4.109703554,-3.453521285,-2.414169943,8.540408113,43.50564677,34.8039065,6.153468505,3.221764286,159.3482443,44.20791814,44.92260228,0
Cameroon,2018,0,131.0125747,44.30321938,9.256801174,0.242077109,1322.188522,93.02404272,0.235377591,1.594518423,9.975951773,2.678447269,20.27772451,76.6810833,12.45760729,0.17463306,119.2292162,63.41041811,33.02797515,0
Cameroon,2019,0,21.71974568,47.06670548,17.71873678,-4.418794456,42019.5887,16.95248496,1.900039024,2.870251579,5.611157811,7.05741852,44.30484225,122.8462912,2.982730263,2.82422744,55.06519035,70.59717176,50.31796492,0
Cameroon,2020,0,86.53145935,75.48213899,13.93998984,-6.776726242,57300.21988,99.42938466,2.394657661,-0.195117064,-3.363122479,11.24975438,51.69411289,38.51989701,10.78949905,-0.902666941,85.1737331,34.81279421,43.07251066,0
Cameroon,2021,0,120.0275353,50.6475096,22.73419204,-1.474381875,42461.82175,76.21552635,3.224135677,2.968217833,7.14495427,4.469467721,42.9148375,141.6553453,7.567282699,-0.612749415,53.86345876,41.46311071,96.06245799,0
Cameroon,2022,0,141.5234173,87.10569519,38.82432536,-7.379708911,59636.5457,71.28992437,1.285745305,2.269874945,1.957980402,2.636934318,-5.895631609,135.50561,13.57436539,-0.172798348,118.5311783,42.92802938,41.27325436,0
Peru,1980,0,138.1962777,94.96853073,25.12337226,3.979702163,41346.43086,32.91451079,-12.64429778,-13.86833988,-8.970547735,11.33329068,75.54387359,73.93765921,3.451559323,5.756658003,169.55174,32.81158324,34.49653454,0
Peru,1981,0,126.551233,40.2351538,36.14758696,-0.875199119,2351.472844,52.30663597,2.38264194,1.260982063,5.85317782,5.804551643,32.75292991,20.77672929,12.05653175,1.364647071,81.60370203,79.12146919,91.958325,0
Peru,1982,0,135.4648755,60.46250332,27.78075931,0.622892651,49672.48993,63.66136777,3.119566419,0.866971706,-11.83011655,5.298282985,23.47767598,122.6668275,7.198065902,2.261823532,134.4171841,70.79528819,26.91828835,0
Peru,1983,0,45.89855916,18.55508831,21.63362843,-7.072481227,17292.40574,60.13600044,9.836998358,9.348688274,7.75953137,3.577022798,98.05957064,134.5164544,9.154529613,3.712582867,80.07006716,67.79696022,40.82128411,1
Peru,1984,0,56.94395844,28.0422143,34.9112647,-7.204566778,26929.61637,69.02338704,2.334060918,5.255043523,-19.8755649,10.75323089,-7.473813994,42.71595201,1.382301258,-0.131932723,92.75561376,45.07815843,55.12889552,0
Peru,1985,0,57.56590824,47.211919,21.49788386,1.668308705,18931.88738,3.650082603,2.170759894,0.882676062,1.95090055,10.22459282,29.20454573,139.1049871,3.07547375,-0.959336845,85.32219395,66.49612495,67.60859025,0
Peru,1986,0,69.01701103,28.55824443,35.40198597,9.700194957,16332.68014,32.34308545,-2.129667745,-1.941046389,-3.957294898,5.134389594,52.34868679,138.832646,11.60036822,5.682166552,146.7507007,28.68087532,46.21383171,1
Peru,1987,0,71.13168715,88.89044417,15.20518694,-8.074988335,26054.92051,40.57000174,6.698072715,8.157496231,-7.875849048,0.852052719,-31.21611006,81.26781063,3.358626618,0.893538521,129.0093417,49.24546275,59.69871975,1
Peru,1988,0,90.79219221,24.24576305,9.508457582,-4.285371429,22911.46147,22.36607628,9.920869049,7.001852674,0.628318689,5.636491451,3.135958622,123.7445254,1.387947413,-2.985682561,158.1948719,37.50426429,35.90649491,1
Peru,1989,1,40.78436924,51.00947394,34.93600625,7.389182331,38110.31334,13.12586338,4.476121755,6.878759113,5.812465301,2.579867191,70.2533074,77.84323718,8.958049234,4.539464687,82.9915156,21.99393381,65.94192962,1
Peru,1990,0,109.8620663,64.51293164,25.55953073,-8.554559755,48845.1267,9.587385391,0.312509446,-0.368189445,18.61249065,2.141441807,-14.48626481,93.32601457,8.219047742,2.396977452,51.37228036,15.0829402,52.62534466,0
Peru,1991,0,41.78365011,72.26775173,36.11823394,7.517714427,18036.1926,33.47025619,-13.02612933,-10.81143341,13.3225796,5.020576537,23.99355474,61.57907128,9.118408935,-1.482972936,152.0764351,49.07528681,87.94077498,0
Peru,1992,0,60.34010267,44.47624328,37.82395224,0.485719667,13059.15282,46.81137856,3.168478293,0.402164247,8.685995323,1.639384779,44.5945909,40.73101489,9.274582445,-2.728742761,67.22809377,16.83473944,53.25873067,0
Peru,1993,0,85.43486698,88.21891619,6.876993663,-1.834664521,40113.64767,1.612526215,2.714039215,0.588020526,-0.841323533,11.51084183,50.674353,117.0497559,7.502960188,-0.376658121,86.94578366,60.26021677,55.50523343,0
Peru,1994,0,123.537273,61.1487236,22.53392557,-3.806388713,40318.10793,94.37809993,4.389203695,3.324380422,-4.314235213,1.04670059,59.24656631,20.18106979,7.406608809,5.350983859,95.85292287,74.50279351,67.37399915,0
Peru,1995,0,116.1310003,49.55570024,18.12375922,-4.057656837,54097.53499,75.3505489,-11.88611529,-12.81334465,-18.69881382,5.115750715,79.89659756,95.34184965,13.86248348,5.40142053,162.0203138,21.34742768,29.85360033,0
Peru,1996,0,103.9194663,16.05165706,26.9050439,-3.883948351,1251.957481,71.73943618,1.343312503,3.430077841,-5.636123878,2.371081073,8.928916455,132.4091834,8.008225873,-0.200968623,143.8837716,42.9657005,32.54361414,0
Peru,1997,0,40.25052388,51.82205216,32.7756919,7.696061619,51226.52753,13.15035512,-7.606902376,-10.53969568,13.93508555,8.421330198,55.99478889,48.76604728,9.259503036,4.523378935,77.63981548,61.71422151,83.21901978,0
Peru,1998,0,91.11589493,83.86622567,14.82065756,4.475904603,31403.82973,58.39908064,4.006781085,4.853451744,-4.639016721,1.406331666,59.82619717,63.27692938,4.004540879,0.976607909,139.6831716,30.07877627,41.87350233,0
Peru,1999,0,31.36804523,65.30869164,24.48794345,3.394460157,37391.73472,50.62111941,-8.990651149,-11.20277653,-1.536600038,6.788264103,-4.958880481,96.37316087,13.06639801,2.889102742,156.2221993,74.45351637,74.77575431,0
Peru,2000,0,69.05721298,84.89462084,29.8055003,5.974982979,5754.875002,98.15922881,2.099466921,4.038760825,-9.126623039,9.390667195,95.22369253,52.09313205,0.36552139,0.009994883,108.3345804,72.19258912,27.7941576,1
Peru,2001,1,73.75714894,54.46105035,9.705087899,-4.85770674,26127.11149,73.50553586,-7.625176325,-5.95373673,-9.034689647,11.4256881,79.78287603,130.1732915,8.358401434,1.643753366,86.8929371,17.2628049,85.74773283,0
Peru,2002,0,25.17548713,20.66155346,33.49234171,2.360856242,13869.95371,55.45499779,-14.77514268,-14.77561652,-17.52512956,8.533066974,-6.520800695,67.65841172,5.757754428,-0.355984981,151.8474159,11.91798401,99.05824887,1
Peru,2003,0,55.61845293,11.22758613,26.21383599,-0.798675221,15477.2343,84.33532998,0.833947799,-0.889928848,4.552157025,1.644155213,51.2603015,95.60978358,9.058562933,-2.449970739,141.63368,78.35209381,49.89527562,0
Peru,2004,1,144.2344307,37.2897592,38.2338103,5.648832704,30394.47835,11.28489844,-12.16827292,-11.36130058,-2.077223878,1.517986322,57.67009517,49.39574919,5.402580747,-1.745596324,61.68682377,76.95325173,60.44240815,0
Peru,2005,0,143.972239,72.81914243,16.88351217,-3.814877791,48803.62024,-3.402264382,1.48228682,-0.580163274,4.2384323,8.913377558,14.72254544,25.38022381,10.76531868,-0.38392955,150.001946,39.55999231,55.41695839,0
Peru,2006,0,65.80251705,81.12339135,8.785107982,2.863572337,44703.72153,67.47450001,8.140236209,6.280378964,1.875476001,2.976288158,79.56149289,42.58103458,0.304971645,5.786284056,123.2776899,13.53943269,91.53501989,0
Peru,2007,0,25.60301416,36.61775512,22.72754204,7.644248236,35582.69756,5.322703325,9.231148355,9.991287769,11.95378349,5.643252049,53.53440303,26.00586189,6.088341582,5.691049352,163.0053435,53.32128869,20.79472302,0
Peru,2008,0,43.28234211,54.60885288,8.00337701,-1.956990476,32503.26611,7.120532198,-9.101922817,-6.15455214,10.04047649,11.73114267,48.72320277,80.91850695,12.468954,4.448970082,78.60763128,30.53870752,72.27674569,1
Peru,2009,0,70.98831315,47.9007014,38.93342832,-8.667558253,25810.17078,73.19147627,5.231330691,7.577695715,10.85815413,9.928928182,-16.87394416,96.26286082,3.753010767,-0.90744554,88.73246269,75.57060908,72.18946182,0
Peru,2010,0,143.2113607,46.94705059,6.353973539,0.321016447,58370.78542,23.40615863,-6.161168078,-5.602523932,-0.030439722,10.23582361,11.1763467,25.807777,0.791263176,0.974419265,131.4969109,65.62633475,50.59080066,1
Peru,2011,0,38.35587826,30.82138419,31.37263654,-3.080550244,33743.49549,61.00627763,7.511426819,7.742647431,-5.844745946,10.3988539,15.08837337,31.7626888,7.447861118,0.958045546,122.2600292,55.47156489,37.54669137,0
Peru,2012,0,119.2570597,22.27339945,23.37858393,3.444507611,15461.79398,91.32772724,4.687239216,7.677548496,17.33746362,7.624771411,60.04916449,83.11825349,14.64800191,0.482759203,107.9548057,29.91526933,39.17461451,0
Peru,2013,0,34.12873012,27.70197024,17.90172284,9.020658495,14036.42028,28.22982582,-13.15195708,-12.8675742,-17.82920905,9.055240124,42.75918179,123.8933912,0.962378423,-2.596077254,161.9049972,59.08880056,84.0371297,0
Peru,2014,0,147.5634851,14.97991484,7.304475758,-0.28783364,36797.77594,17.80013657,-4.821575153,-5.300876021,-13.89514769,4.628050518,-37.12091141,101.6411933,1.050847391,1.810746368,134.7127345,30.24177867,25.28824771,0
Peru,2015,0,69.61014488,27.83176676,26.77584235,-0.676195397,31512.80338,6.189102793,-6.56705435,-4.109721135,-3.216036313,11.98213161,-3.845307217,33.61232861,8.926748474,-2.344692071,156.5407781,12.63416889,65.1059317,0
Peru,2016,0,120.7804901,10.82808079,25.48271153,3.091696004,759.5588364,8.698547949,4.629525518,3.034631293,4.558306103,3.715654951,20.95712567,135.3804956,3.751015693,4.217268126,72.98824435,45.59042113,44.54724824,0
Peru,2017,0,64.53684077,66.45325606,14.83091456,-7.930049928,49854.90272,1.533383015,-4.742857234,-7.157701292,-19.67198501,7.285085138,60.50994188,139.2685305,6.153468505,3.221764286,159.3482443,44.20791814,41.219825,1
Peru,2018,0,101.596954,38.47378666,36.85775955,-4.929876221,42336.10455,4.202449777,2.114709941,2.919250147,8.772912772,3.743709301,61.53536951,62.24438762,12.45760729,0.17463306,119.2292162,63.41041811,60.45901324,0
Peru,2019,0,44.96209102,97.58302403,15.64385026,8.37958651,39811.20859,40.36048182,0.06088139,-2.364020808,2.349061712,1.788817081,23.58149629,100.0823129,2.982730263,2.82422744,55.06519035,70.59717176,91.8289205,1
Peru,2020,0,38.98273251,27.43453457,20.74038937,3.398852267,4406.205265,28.69082973,9.390967977,8.629859199,-0.611889653,7.027236871,-32.46014266,84.00252952,10.78949905,-0.902666941,85.1737331,34.81279421,69.44735352,0
Peru,2021,0,141.9483381,41.12457133,24.03168596,-9.73111912,21914.73426,69.1888855,8.44462392,7.986088234,-3.060198447,4.563509715,-6.064489494,142.4630899,7.567282699,-0.612749415,53.86345876,41.46311071,83.08885022,0
Peru,2022,0,139.2941461,42.20570428,8.508115736,-5.907490549,56142.32097,86.37537412,-4.307512132,-4.022283729,0.77948127,7.207021577,-11.79614266,86.13730928,13.57436539,-0.172798348,118.5311783,42.92802938,68.05470234,0
Lebanon,1980,0,135.3709622,10.76063465,37.62566017,3.656745321,51796.57771,77.40118633,3.089455291,6.039412566,-13.52857062,6.924802482,67.15396155,144.7955558,3.451559323,5.756658003,169.55174,32.81158324,75.81726239,0
Lebanon,1981,0,101.3063485,85.52871577,18.10876534,5.287984051,17346.91339,50.71691195,5.73650235,4.06239269,-15.65153043,6.735952385,-23.0020529,45.91453157,12.05653175,1.364647071,81.60370203,79.12146919,54.5926119,0
Lebanon,1982,0,125.0748675,12.87950141,7.827272486,6.797191453,9676.415381,5.756422204,7.472143847,6.726682118,-8.41450085,1.917962904,19.73818336,64.9197785,7.198065902,2.261823532,134.4171841,70.79528819,94.07853082,0
Lebanon,1983,0,28.9748018,94.61618513,18.55519108,-4.156463932,27110.55104,69.52556481,-13.29664341,-15.50320266,8.380191679,5.562078905,50.60782053,121.5748812,9.154529613,3.712582867,80.07006716,67.79696022,60.15512164,0
Lebanon,1984,0,63.52257545,90.2866916,26.00708915,8.620571926,21543.07361,33.0970161,-7.448030018,-6.802348862,3.531515353,9.838045303,94.71792294,121.8693956,1.382301258,-0.131932723,92.75561376,45.07815843,64.14197354,0
Lebanon,1985,0,60.78140622,58.19697245,22.97784351,1.058937872,41028.91469,3.993291361,-6.994248976,-5.628209882,-0.795079295,4.124150199,99.88608703,115.1838256,3.07547375,-0.959336845,85.32219395,66.49612495,61.99724026,0
Lebanon,1986,0,102.6338919,58.92360174,29.30896909,3.930780448,57996.15816,83.45897276,-4.13885122,-4.24639028,2.860838636,5.604062311,92.93832153,131.7494904,11.60036822,5.682166552,146.7507007,28.68087532,45.29512161,0
Lebanon,1987,0,66.27451055,68.84001307,6.941937972,1.934777256,21971.18656,30.5127343,-10.76838123,-12.29339362,2.370320522,6.179063289,57.73635179,111.3310025,3.358626618,0.893538521,129.0093417,49.24546275,38.49907485,1
Lebanon,1988,0,39.30588161,44.83450107,14.95892136,-7.545198907,4014.783107,17.91612741,-2.594853001,-1.869523386,-7.71832298,10.42141009,61.96612495,102.6910688,1.387947413,-2.985682561,158.1948719,37.50426429,25.90679713,0
Lebanon,1989,0,97.5407198,68.25000551,33.67307019,9.262293188,53887.5563,86.50246678,1.580358182,1.815304523,-16.10176211,8.039397346,63.88151464,79.6602517,8.958049234,4.539464687,82.9915156,21.99393381,77.45399856,0
Lebanon,1990,0,125.8699097,14.02915498,7.796279073,-7.542488402,2565.598895,89.72405619,-2.565901995,-4.538787654,15.87129475,1.652329151,79.39073148,80.72140663,8.219047742,2.396977452,51.37228036,15.0829402,43.14202105,0
Lebanon,1991,0,69.67605428,14.86428646,34.94200841,-4.902360872,57180.12406,30.59193791,1.64482738,1.078918783,3.996450505,10.44946634,92.76781943,72.80099412,9.118408935,-1.482972936,152.0764351,49.07528681,51.13583706,0
Lebanon,1992,0,37.19493296,51.15073777,8.216363223,6.272557604,39975.39185,32.25414902,-13.3389592,-13.72777665,7.909919987,10.06875872,16.85592168,100.627534,9.274582445,-2.728742761,67.22809377,16.83473944,93.59425302,0
Lebanon,1993,0,45.56946565,59.4660071,34.20589752,2.37193923,56518.84574,55.8609954,6.899683293,9.795389815,-1.440111025,9.166928777,12.47663171,72.8663108,7.502960188,-0.376658121,86.94578366,60.26021677,65.31578795,0
Lebanon,1994,0,50.87282967,89.90358763,17.62759404,6.762983308,12219.68329,72.01135685,8.476729803,10.5724448,10.2592232,5.859667211,19.06966936,39.17426083,7.406608809,5.350983859,95.85292287,74.50279351,27.76624511,0
Lebanon,1995,1,58.98668709,19.41945705,26.42731721,0.314723767,2729.777777,1.6306662,0.447685603,1.853910333,3.379890559,9.21177191,48.97257572,33.84885011,13.86248348,5.40142053,162.0203138,21.34742768,83.96895303,1
Lebanon,1996,0,103.5633592,84.03831345,10.35104905,-2.460135293,29446.1357,57.301084,7.034774966,9.367437119,-17.84795512,6.00553372,66.31680944,140.1813958,8.008225873,-0.200968623,143.8837716,42.9657005,40.49044793,0
Lebanon,1997,0,98.12291299,28.90426036,7.31590526,8.436909991,27202.21785,95.04610649,-11.71384958,-10.30094315,15.60388142,8.971170645,80.58165864,23.21605798,9.259503036,4.523378935,77.63981548,61.71422151,64.21646741,0
Lebanon,1998,0,110.490382,45.46752837,12.55783714,-9.27495365,20090.08871,22.5198592,4.936223002,7.356634133,-7.778554128,10.6212669,18.43161314,33.71074403,4.004540879,0.976607909,139.6831716,30.07877627,60.79851799,0
Lebanon,1999,0,67.12525799,38.49421913,9.474883627,7.122604407,57472.09152,90.42685748,-12.02129516,-14.69397647,-14.4843689,10.74122823,4.505893927,77.8896337,13.06639801,2.889102742,156.2221993,74.45351637,39.04630739,0
Lebanon,2000,0,127.1196947,46.01397456,15.93420642,-5.383644296,49408.24881,94.76767578,-4.799744213,-5.063346957,-16.47835969,5.727653603,97.50289221,54.1804147,0.36552139,0.009994883,108.3345804,72.19258912,29.26168278,0
Lebanon,2001,0,46.53139595,23.54459483,23.00341363,6.974726555,39796.44668,23.2611323,-6.904536636,-5.423146625,8.817612554,10.38244081,-15.21685685,72.76035705,8.358401434,1.643753366,86.8929371,17.2628049,36.90092852,1
Lebanon,2002,0,80.97529718,55.3213067,25.60658122,-7.216067732,10022.64001,74.19119592,-0.360204369,0.13957041,8.158734672,1.666759876,-16.69927471,35.26815961,5.757754428,-0.355984981,151.8474159,11.91798401,27.78702397,0
Lebanon,2003,0,124.1220338,82.14783308,32.64538376,1.604379274,44139.10747,20.07137587,-7.462136619,-9.411139634,8.006484993,1.670923301,57.31111822,37.01790179,9.058562933,-2.449970739,141.63368,78.35209381,42.05024152,0
Lebanon,2004,0,43.42062421,49.73806093,27.96839626,7.76215838,43702.64355,72.44917198,0.932840742,-0.024206739,16.63011091,6.805069889,-23.05140566,124.0855281,5.402580747,-1.745596324,61.68682377,76.95325173,99.78380086,0
Lebanon,2005,0,34.28220479,54.15522183,26.30654138,-0.529207062,25676.56996,78.72909699,-5.815317771,-6.908671521,-6.04227912,7.996213112,9.911349962,118.6841367,10.76531868,-0.38392955,150.001946,39.55999231,52.16738122,0
Lebanon,2006,0,134.8789158,86.38908268,19.41237096,4.931333476,55509.71881,20.95659889,6.519759526,5.087841005,2.445322254,2.259428424,-6.141976653,33.55287254,0.304971645,5.786284056,123.2776899,13.53943269,89.11107131,0
Lebanon,2007,0,64.58085616,73.54523032,21.58329522,6.093432357,10268.57957,70.16630208,0.847096005,-0.094090673,4.77982332,5.930070515,-24.69343149,106.8127539,6.088341582,5.691049352,163.0053435,53.32128869,63.93421537,0
Lebanon,2008,0,108.9031162,54.14089677,19.50822903,4.729884174,16260.05248,80.27097658,-9.617542567,-9.528422836,19.17927314,1.58517068,36.95608586,99.21047204,12.468954,4.448970082,78.60763128,30.53870752,73.32664635,1
Lebanon,2009,0,23.29531855,33.19260834,34.47581105,8.506594737,4074.493053,32.65078157,-6.596764449,-4.467550301,-7.506154251,7.424144084,6.026723613,112.7371539,3.753010767,-0.90744554,88.73246269,75.57060908,32.50783758,0
Lebanon,2010,0,109.7060955,89.64340722,13.05001584,-1.06331539,47788.4222,12.60879148,6.185522191,7.637718165,18.253248,10.33358142,19.33512593,81.67835759,0.791263176,0.974419265,131.4969109,65.62633475,41.98446939,0
Lebanon,2011,0,61.0931705,61.93183615,5.200232604,-6.537491217,37419.03535,4.656279568,-5.33800625,-3.326508026,-14.05062668,8.982848224,-20.62054928,55.09828758,7.447861118,0.958045546,122.2600292,55.47156489,60.83547384,0
Lebanon,2012,0,27.24631097,29.90328491,27.7961964,-9.043778726,19101.93625,55.41507888,-1.605023361,0.696599107,10.56005824,4.850352853,65.1800204,106.278292,14.64800191,0.482759203,107.9548057,29.91526933,90.49147474,1
Lebanon,2013,0,99.275659,34.22077774,12.08617643,-5.070802607,10079.67572,97.70030253,1.223548399,0.720451135,5.315436001,11.92862866,-2.793187482,68.27646545,0.962378423,-2.596077254,161.9049972,59.08880056,23.43104287,0
Lebanon,2014,0,51.30449609,82.281978,36.15402977,-7.136049922,2696.821871,81.4097836,-6.30475876,-7.228601056,12.67584149,8.123752229,1.407726854,48.46387713,1.050847391,1.810746368,134.7127345,30.24177867,60.55359677,0
Lebanon,2015,0,70.28494147,13.97310059,35.06662154,1.158974829,10254.71045,40.76316209,-7.650534231,-10.30479394,-18.85257705,9.875356996,-12.17690568,73.12177178,8.926748474,-2.344692071,156.5407781,12.63416889,24.080977,0
Lebanon,2016,0,30.4755056,99.28829683,7.685458017,-6.301093256,27361.09339,51.3451948,-3.118627435,-0.535677704,-16.87475828,8.201519954,15.16053582,119.2250786,3.751015693,4.217268126,72.98824435,45.59042113,56.54581412,0
Lebanon,2017,0,39.13122264,21.73165117,8.723594189,-9.221325854,15056.46505,24.35042797,-9.627975698,-12.23303759,-17.21216882,11.87828735,19.53649409,81.85311555,6.153468505,3.221764286,159.3482443,44.20791814,70.30945275,0
Lebanon,2018,0,58.73704061,81.64616729,22.33100573,-9.280203423,15761.23599,12.12191607,-7.894735327,-6.447922235,3.71837822,9.945637323,29.45003745,58.98235425,12.45760729,0.17463306,119.2292162,63.41041811,79.57785531,0
Lebanon,2019,0,31.66873507,45.52977851,26.3227932,6.631389967,52571.90909,45.61852161,-13.4480379,-14.17938807,4.117442703,6.473367006,95.1352423,128.1429199,2.982730263,2.82422744,55.06519035,70.59717176,31.08256042,0
Lebanon,2020,1,138.4074144,54.2994565,14.62179181,1.828998629,31053.71911,43.66766445,-7.400743101,-4.708058454,16.24419557,4.719114973,85.70377121,134.6136882,10.78949905,-0.902666941,85.1737331,34.81279421,33.32602268,1
Lebanon,2021,0,20.78611561,89.25855197,30.08792008,-2.838293962,43836.3428,49.80264504,-6.982397666,-7.46478554,-1.295859419,8.344780535,41.40889465,76.32255509,7.567282699,-0.612749415,53.86345876,41.46311071,57.60519374,0
Lebanon,2022,0,82.90182845,47.16200706,25.82206073,7.884560855,2431.943657,95.04448148,9.045829157,10.94547927,-17.2780378,7.287550801,-44.16447984,68.70944269,13.57436539,-0.172798348,118.5311783,42.92802938,99.84291664,0
Macedonia,1980,0,36.02216956,58.37443783,16.36884384,-8.596067772,22100.25233,58.40900652,-0.256779363,-1.56085037,-11.61882394,7.737531797,41.83905113,99.65086311,3.451559323,5.756658003,169.55174,32.81158324,48.48374685,0
Macedonia,1981,0,59.99828163,14.43696962,5.888002081,9.606441455,28906.41004,58.60604285,4.684560635,3.479092939,-19.67707621,4.444635312,-36.54970899,27.53667799,12.05653175,1.364647071,81.60370203,79.12146919,54.20219419,0
Macedonia,1982,0,140.3877428,10.21127265,31.25525985,2.325835805,11429.08626,8.4426001,-13.86556868,-13.29245222,11.06858101,5.430376837,56.55163578,109.8720109,7.198065902,2.261823532,134.4171841,70.79528819,54.59573943,0
Macedonia,1983,0,41.02029193,32.03198857,12.5163783,-6.330714921,7475.435024,99.63133095,-12.33658266,-9.348686858,12.62397748,6.918110611,8.511646987,121.6973887,9.154529613,3.712582867,80.07006716,67.79696022,26.45606571,0
Macedonia,1984,0,145.5582016,71.25247836,34.20658102,3.58138198,52257.13558,76.14871914,5.363424022,5.468858529,19.91761665,10.15175912,75.65447374,71.66745054,1.382301258,-0.131932723,92.75561376,45.07815843,81.93377162,0
Macedonia,1985,0,46.75326901,20.9138404,19.7101591,5.267625196,56384.06814,87.10635113,0.588738735,3.206590554,-3.512222038,9.273452554,91.37938679,42.7000605,3.07547375,-0.959336845,85.32219395,66.49612495,40.24812195,1
Macedonia,1986,0,116.4035941,20.23857629,25.19771049,-1.413144333,5004.759873,38.50154324,-10.22544924,-8.507950267,-19.22806498,1.864542511,12.56655122,23.74638877,11.60036822,5.682166552,146.7507007,28.68087532,76.29336455,1
Macedonia,1987,0,91.06804444,46.98645472,35.55320556,7.232652125,21136.41714,47.72345006,-4.880114853,-3.104928968,-10.61080474,3.323873875,19.08329432,102.8419279,3.358626618,0.893538521,129.0093417,49.24546275,58.00719031,0
Macedonia,1988,0,134.9822346,68.30533347,35.22680503,-6.985351854,57509.652,49.81879996,-1.5331875,-1.917427566,3.510754707,0.806563837,38.52213715,54.96914286,1.387947413,-2.985682561,158.1948719,37.50426429,68.94237938,0
Macedonia,1989,0,92.01912322,74.0864793,18.00318513,-4.423248328,5264.755468,15.37992663,6.090245728,5.409499229,18.47771868,0.591546532,-20.43009172,80.30564633,8.958049234,4.539464687,82.9915156,21.99393381,24.31773092,0
Macedonia,1990,0,89.49269849,26.06056067,12.31111125,-8.130152768,38725.38996,67.39636141,-13.48970021,-15.33816936,-15.85685794,3.080317897,89.09992612,70.22621782,8.219047742,2.396977452,51.37228036,15.0829402,91.19725475,0
Macedonia,1991,0,45.40954005,17.16293326,32.13011272,-5.782443188,58341.61585,89.81255598,-0.081942766,2.701704836,-15.13707919,9.692190902,14.94998898,42.73502347,9.118408935,-1.482972936,152.0764351,49.07528681,39.50854155,0
Macedonia,1992,0,41.60981707,94.63573306,20.15780713,-5.225423762,58699.95301,12.1891109,2.92589804,5.682259714,8.070359411,10.90459807,-24.97694961,86.0879269,9.274582445,-2.728742761,67.22809377,16.83473944,73.607631,0
Macedonia,1993,0,139.1435896,33.45997443,11.72146977,8.352663818,28432.03285,4.063418716,9.447296448,10.92970285,6.688282201,5.005336208,64.40977501,79.74715796,7.502960188,-0.376658121,86.94578366,60.26021677,83.84152897,0
Macedonia,1994,1,62.61896585,86.80118478,36.65488698,-8.437806225,10016.12173,72.51298508,5.179001957,3.956516656,-9.979745788,6.976783861,-17.12729413,101.139191,7.406608809,5.350983859,95.85292287,74.50279351,63.20309738,0
Macedonia,1995,0,68.37069315,87.71423054,11.9336468,-1.451697596,12364.4336,23.68619233,-8.094317161,-9.623239919,12.52579164,8.619604922,-28.47060874,52.74504929,13.86248348,5.40142053,162.0203138,21.34742768,46.98672177,0
Macedonia,1996,0,118.7770756,79.52703326,5.903250887,0.647973745,53409.20329,60.50556687,2.739479847,5.671141301,-14.84884978,11.45877204,34.43081132,47.90308038,8.008225873,-0.200968623,143.8837716,42.9657005,98.23226996,0
Macedonia,1997,0,64.04705271,25.1950246,5.709799082,7.973861076,54727.47536,68.05462549,4.081947123,1.481204014,17.02967379,10.99872073,50.72428829,125.8648578,9.259503036,4.523378935,77.63981548,61.71422151,42.27517706,0
Macedonia,1998,0,143.7681181,83.96213133,26.78103748,9.953924373,36590.41474,28.80063018,3.243387498,5.304773251,-11.95872279,1.157711489,35.4344111,111.2849918,4.004540879,0.976607909,139.6831716,30.07877627,95.89298697,1
Macedonia,1999,0,115.93061,79.23255033,28.15862713,5.067762298,46040.73105,80.59018273,5.503601699,4.636349702,-16.74590509,3.353907197,48.47659734,120.3868387,13.06639801,2.889102742,156.2221993,74.45351637,32.49793069,0
Macedonia,2000,1,97.66580153,63.70506911,15.88645968,9.415819811,44473.89571,52.74884312,7.593249405,7.106467724,-6.419116541,1.065162255,-32.67139815,36.02767553,0.36552139,0.009994883,108.3345804,72.19258912,51.13777052,0
Macedonia,2001,0,134.5163709,40.34818317,16.20038462,5.742022651,39810.7494,86.24493783,-12.53925328,-10.54738738,-12.48634846,7.590237841,21.40270568,49.12515363,8.358401434,1.643753366,86.8929371,17.2628049,31.07964673,1
Macedonia,2002,0,26.44876809,33.62577438,16.88228703,9.264052819,49688.43421,75.14582302,-12.38090356,-14.83728546,1.077649001,8.670673139,3.552796613,94.81909711,5.757754428,-0.355984981,151.8474159,11.91798401,20.17923785,0
Macedonia,2003,0,53.41814998,20.97002909,28.80554914,4.145414519,41218.7754,86.20044136,4.909999719,4.03501779,7.473861495,4.045259242,96.00529244,131.4361751,9.058562933,-2.449970739,141.63368,78.35209381,40.82068323,1
Macedonia,2004,0,80.45472345,55.87813602,7.034682686,-8.404731491,32179.93765,-2.883054878,-8.690688087,-5.978542424,-0.363136861,10.31929694,-42.55640987,135.9749036,5.402580747,-1.745596324,61.68682377,76.95325173,26.97683207,0
Macedonia,2005,0,49.50721013,62.6734788,37.51907234,-1.96159626,14446.29485,20.56815738,-13.53646445,-12.34206897,6.424293272,5.70734663,-5.255869541,128.1482951,10.76531868,-0.38392955,150.001946,39.55999231,98.90764185,1
Macedonia,2006,0,116.7076743,42.34050915,12.78823655,2.931945676,44710.1222,4.450833747,-4.969270475,-3.439635487,-5.403179424,11.98138742,91.27932911,25.64173299,0.304971645,5.786284056,123.2776899,13.53943269,80.93226544,0
Macedonia,2007,0,139.497044,52.78231609,39.98856218,-2.985629811,28564.24071,41.4187168,5.496922796,7.041954601,-18.88309611,0.504596465,97.52442748,126.714294,6.088341582,5.691049352,163.0053435,53.32128869,20.29638371,0
Macedonia,2008,0,75.09011559,42.71630116,11.00329428,-4.532321638,17899.06354,88.44581277,-11.8358744,-14.47245391,18.96256497,1.759131647,73.73524116,136.8818531,12.468954,4.448970082,78.60763128,30.53870752,37.89172679,1
Macedonia,2009,0,64.47723801,67.69054516,32.00412601,1.547985343,48176.19266,44.09172754,1.796049295,0.015294855,12.77654018,3.970622294,-38.6002634,27.37738172,3.753010767,-0.90744554,88.73246269,75.57060908,73.6099393,1
Macedonia,2010,0,145.0015952,91.1133287,12.81943907,8.670037534,41893.80194,84.21986968,-14.90960346,-14.96202392,-17.06324704,0.793337376,34.20325425,74.11651619,0.791263176,0.974419265,131.4969109,65.62633475,51.88416905,0
Macedonia,2011,0,77.83081627,24.75282358,7.829638058,-9.30036253,56259.17192,29.35371499,-12.25656382,-13.04766242,-2.032944154,9.496903764,10.0184489,89.75934203,7.447861118,0.958045546,122.2600292,55.47156489,86.54740504,0
Macedonia,2012,0,83.57629206,44.32679289,35.62266635,5.384624071,10176.86591,30.65485764,-6.228741356,-6.763267597,5.400762803,1.106875561,70.96788515,50.25754847,14.64800191,0.482759203,107.9548057,29.91526933,60.38886227,1
Macedonia,2013,0,65.7144834,22.67817436,35.05629407,4.454545561,39056.60029,89.03398168,-12.90994297,-11.2212587,-12.37622918,9.113265783,-41.74636466,87.16913528,0.962378423,-2.596077254,161.9049972,59.08880056,72.29211358,0
Macedonia,2014,0,138.2413015,66.24493934,19.12496374,9.279068508,14881.09624,39.71080038,6.147541686,3.235617096,3.119544455,1.104537276,-20.43068725,135.1742524,1.050847391,1.810746368,134.7127345,30.24177867,67.76299181,0
Macedonia,2015,0,93.96421283,75.59834585,29.58386499,8.614224447,54243.90422,77.92537622,6.601762579,7.564714137,1.345944725,3.406363544,23.37925993,132.7025258,8.926748474,-2.344692071,156.5407781,12.63416889,71.05351205,0
Macedonia,2016,0,119.0826963,93.87214593,24.49730764,5.244651241,6240.115031,19.84757253,3.889267577,0.889928968,-11.66939246,10.17468338,-26.35285056,142.1788466,3.751015693,4.217268126,72.98824435,45.59042113,38.40790831,0
Macedonia,2017,0,125.5348734,35.09847336,34.85346398,0.408175294,39472.85984,94.62408712,-8.938009215,-11.55965806,-14.35158763,11.43759588,53.9072714,82.93427379,6.153468505,3.221764286,159.3482443,44.20791814,49.86315514,0
Macedonia,2018,0,64.44037545,95.51900853,16.02695893,-5.914648935,47527.81758,55.33071589,-1.918823119,-2.4691064,10.35849158,5.267052941,73.11508317,73.37370289,12.45760729,0.17463306,119.2292162,63.41041811,24.05034023,1
Macedonia,2019,0,76.38026307,15.69364046,23.328534,0.904714367,21488.59507,74.7289747,-10.39528686,-8.349595743,-7.096542154,11.65429809,55.67798404,106.5524165,2.982730263,2.82422744,55.06519035,70.59717176,67.01092118,0
Macedonia,2020,0,130.3013307,64.2712477,21.98803299,5.307039878,57262.04334,4.399148478,-7.968038748,-10.09806415,-10.23837865,7.709130623,16.04255705,74.17887509,10.78949905,-0.902666941,85.1737331,34.81279421,56.74067697,1
Macedonia,2021,0,67.22319572,15.14194474,17.38670392,7.913384253,51088.62187,46.72974371,-2.099867696,-1.772139241,9.515134112,5.282103908,81.75814994,25.45279748,7.567282699,-0.612749415,53.86345876,41.46311071,80.85729192,0
Macedonia,2022,0,123.2115673,90.4396769,36.20092726,5.794240184,17888.71249,89.60904226,3.375345212,4.446376572,9.442747681,9.732215456,-29.34708024,113.5897888,13.57436539,-0.172798348,118.5311783,42.92802938,36.51059717,0
Indonesia,1980,0,142.3290019,57.68281514,10.80572736,-6.094661296,750.2032351,87.08905605,-12.63364049,-14.25644319,-8.943933747,3.896277982,-10.94921242,56.52791237,3.451559323,5.756658003,169.55174,32.81158324,54.94496929,0
Indonesia,1981,0,101.0173485,70.24135157,10.23280238,1.993726285,18010.43341,-0.08453449,-7.582582559,-7.508601028,14.90273845,3.556657006,23.43095279,26.38109059,12.05653175,1.364647071,81.60370203,79.12146919,34.45963464,0
Indonesia,1982,0,116.4115474,84.84165333,25.19183374,-3.356530809,17094.23509,26.88833926,8.165533714,10.63397741,7.530006603,8.050298284,-40.79921017,22.68073995,7.198065902,2.261823532,134.4171841,70.79528819,69.11833802,0
Indonesia,1983,0,124.6626506,23.52795602,28.01229805,-9.815886652,53430.88707,41.54860068,-4.271917055,-4.198545903,-6.169431287,4.990604663,-35.64713277,141.0769649,9.154529613,3.712582867,80.07006716,67.79696022,87.84242052,0
Indonesia,1984,0,129.8551544,13.47324057,11.8116739,-5.995581284,58037.13434,13.08780551,8.471741848,6.415680218,-2.900413993,2.06305731,9.616505758,52.76988112,1.382301258,-0.131932723,92.75561376,45.07815843,81.23545988,0
Indonesia,1985,0,71.35693392,89.09930313,18.67511048,-7.735587001,4505.267162,71.64982265,9.785013539,10.55189932,9.068387437,1.270088706,91.58294451,78.22689503,3.07547375,-0.959336845,85.32219395,66.49612495,95.53583781,0
Indonesia,1986,0,26.66424969,38.34399047,38.1297345,6.854382471,28436.30126,14.37375954,-1.833504347,-1.280303267,-11.53664668,9.560189627,86.26205399,143.5749389,11.60036822,5.682166552,146.7507007,28.68087532,97.73806255,0
Indonesia,1987,0,72.24391526,21.60810171,13.63160979,-4.829874957,33035.42031,31.39716791,-7.798899755,-10.6371712,-1.249568301,8.272973416,19.89622874,80.77720724,3.358626618,0.893538521,129.0093417,49.24546275,81.76270941,1
Indonesia,1988,0,107.5883099,52.16151134,28.39262457,-4.306040622,5846.826181,64.64446687,4.769420214,2.312986649,6.14233369,5.235679583,-28.67621832,30.21921206,1.387947413,-2.985682561,158.1948719,37.50426429,42.94448683,0
Indonesia,1989,0,78.54555015,63.84754681,30.90522878,9.198731436,22836.61324,45.61938118,-11.01723161,-13.07654348,1.57994192,10.8066178,-23.28385161,91.75168614,8.958049234,4.539464687,82.9915156,21.99393381,37.54091018,1
Indonesia,1990,0,117.3652096,12.78735431,20.68450448,-2.418265539,19229.82032,72.54995906,-8.698828508,-10.88109404,4.333133836,5.224852653,6.631908191,31.46582495,8.219047742,2.396977452,51.37228036,15.0829402,55.80392276,1
Indonesia,1991,0,66.40771583,34.74060924,37.81340954,-9.808287197,32302.56435,95.92682963,4.621997737,3.178792361,1.848499979,8.668397922,-18.48887074,32.36142419,9.118408935,-1.482972936,152.0764351,49.07528681,99.51069557,0
Indonesia,1992,0,102.5167383,12.95198868,30.78298573,-4.323077033,39773.09671,7.23740221,-4.158851882,-4.434219942,-12.03090225,10.95482566,-37.55366084,130.6920196,9.274582445,-2.728742761,67.22809377,16.83473944,53.01344167,0
Indonesia,1993,0,44.23457463,47.83018503,21.0273603,-7.614008388,42298.0611,69.50461022,-9.961551575,-10.73125379,-3.591786201,10.16822778,51.06662253,57.62480064,7.502960188,-0.376658121,86.94578366,60.26021677,35.92547285,0
Indonesia,1994,0,117.4180268,90.55900262,24.92673206,-7.943828765,8464.27491,19.18613634,1.278143624,3.622042972,1.279419819,6.377704928,37.21729567,108.227126,7.406608809,5.350983859,95.85292287,74.50279351,95.54743022,0
Indonesia,1995,0,90.94047595,98.43871703,29.24147052,-8.450254197,48832.97781,38.52005638,3.319046535,3.991702991,11.20250969,8.327318513,-6.305486303,86.16016359,13.86248348,5.40142053,162.0203138,21.34742768,50.87343821,1
Indonesia,1996,0,46.52837051,67.33427982,25.72665632,1.865189404,40808.95918,-1.549413792,-11.87321901,-9.616352914,6.156169487,5.257156432,66.84225738,48.90246986,8.008225873,-0.200968623,143.8837716,42.9657005,75.27191098,0
Indonesia,1997,0,57.94845255,24.54739244,35.75441543,-6.213045527,53377.77253,9.270275141,-8.075493501,-7.913257551,-2.936362193,7.942767481,66.39233316,87.31663882,9.259503036,4.523378935,77.63981548,61.71422151,83.05223829,0
Indonesia,1998,0,117.3191321,91.5264451,17.49110318,-2.775144119,27125.36275,28.57661535,-9.468081116,-11.92885829,18.97599329,3.461853041,23.65029553,28.96915967,4.004540879,0.976607909,139.6831716,30.07877627,87.45247216,0
Indonesia,1999,1,82.73816064,56.46230409,15.4960009,7.240354323,53665.21883,30.90850956,-5.503634281,-5.723909587,-15.68817913,5.499534308,-35.52011667,65.13760545,13.06639801,2.889102742,156.2221993,74.45351637,85.70243097,0
Indonesia,2000,0,48.08408725,23.83743809,12.48436113,-1.513237204,51986.7151,89.45644773,4.086122389,6.01831767,-11.72780526,2.909775982,87.77041002,87.96870925,0.36552139,0.009994883,108.3345804,72.19258912,86.89974904,0
Indonesia,2001,0,145.7452547,92.95540025,6.322403882,8.313827001,26473.03714,72.89035547,2.842702557,1.00732516,-6.347495599,0.939126956,50.29907853,49.69126395,8.358401434,1.643753366,86.8929371,17.2628049,73.41227421,0
Indonesia,2002,0,112.9662526,78.17221457,6.505488753,-0.041238932,23054.25592,97.07921166,1.56309776,-0.889616568,-10.85711692,7.268208282,-12.94237713,105.8244569,5.757754428,-0.355984981,151.8474159,11.91798401,52.30648554,0
Indonesia,2003,0,144.4275282,75.85347455,35.45193176,-2.023267703,55988.87729,57.90250859,-14.84286135,-15.86625292,5.017679872,10.44093747,41.56818206,26.73554982,9.058562933,-2.449970739,141.63368,78.35209381,73.38294833,0
Indonesia,2004,0,75.5236559,73.82626334,28.74376012,5.007778542,42995.33465,20.37994187,-11.44641717,-12.11303018,-18.41797083,0.794150158,10.75322437,83.02528672,5.402580747,-1.745596324,61.68682377,76.95325173,86.93874672,1
Indonesia,2005,0,81.76304429,28.0305839,28.11863454,-8.536498025,55716.24718,29.40377814,-9.417561272,-10.58001521,-12.90252863,2.754342018,45.30244596,112.9494516,10.76531868,-0.38392955,150.001946,39.55999231,48.05139717,1
Indonesia,2006,0,136.7341781,28.99060225,26.51249866,-8.21043234,47879.3943,28.58277195,-8.201103849,-10.38965914,-8.266110494,5.792128182,21.08063436,75.89298766,0.304971645,5.786284056,123.2776899,13.53943269,43.72063922,0
Indonesia,2007,0,88.25641423,71.94636986,34.72267006,3.039474278,36675.05713,29.2819044,-11.33933646,-12.8342973,7.333831003,8.157813394,22.82082254,133.696234,6.088341582,5.691049352,163.0053435,53.32128869,47.49657737,0
Indonesia,2008,0,111.9462585,29.77504751,21.8093424,-0.261185735,7216.410787,65.66123818,-4.742111213,-3.648416786,15.0345953,2.469135727,60.38231379,102.1850616,12.468954,4.448970082,78.60763128,30.53870752,64.10267168,0
Indonesia,2009,0,52.78247407,49.48045271,35.464379,5.808305006,17701.39615,50.73483245,-13.12048537,-13.80491428,11.93967082,1.151990533,42.05886191,144.6040791,3.753010767,-0.90744554,88.73246269,75.57060908,24.19550999,0
Indonesia,2010,0,78.07444093,80.3801643,17.58057592,8.325416747,58139.8917,35.4695387,3.75055476,4.545851427,-12.71676267,6.469060254,-38.00709631,56.93583566,0.791263176,0.974419265,131.4969109,65.62633475,82.31766552,0
Indonesia,2011,0,36.04848256,80.55572663,37.43476265,-2.232662447,19369.49929,10.65442572,4.693019682,4.910842362,2.616230338,9.9151617,-40.19396443,142.042613,7.447861118,0.958045546,122.2600292,55.47156489,31.10815668,0
Indonesia,2012,0,46.77740466,50.79355953,29.4529943,1.928200532,5867.315726,-2.675387891,-0.64333276,-0.349015121,-18.79909419,0.905201457,-4.248614375,98.88693669,14.64800191,0.482759203,107.9548057,29.91526933,30.62709254,0
Indonesia,2013,0,20.12264398,81.29709444,14.00119976,0.013932556,42540.93535,17.97764115,-12.75737807,-14.26608073,-7.578528986,4.517748679,14.53689948,116.8732569,0.962378423,-2.596077254,161.9049972,59.08880056,35.81273115,0
Indonesia,2014,0,25.10445671,85.47596166,24.74297226,9.632213113,44120.054,6.284497417,7.252079239,7.381337435,12.23935179,8.130419542,-8.716616123,137.2809452,1.050847391,1.810746368,134.7127345,30.24177867,66.1541948,0
Indonesia,2015,0,147.046897,68.92981762,23.65606965,6.621688147,17341.8259,77.47172824,9.140895718,6.282464001,-1.73337145,2.00353307,47.71897871,91.65563444,8.926748474,-2.344692071,156.5407781,12.63416889,42.84547006,0
Indonesia,2016,0,51.50598037,30.55832671,9.826458761,8.234754166,18071.01717,6.81228557,-9.940910992,-10.35044854,-14.00234711,3.213387934,-20.73381024,132.083503,3.751015693,4.217268126,72.98824435,45.59042113,49.44722632,0
Indonesia,2017,0,106.2303922,34.66106023,25.6935017,-4.913198248,28292.91123,71.04396492,2.615995486,3.051732425,-2.45786474,6.658165404,55.62116446,90.42060215,6.153468505,3.221764286,159.3482443,44.20791814,94.53192888,0
Indonesia,2018,0,129.0829608,38.33570399,16.01749683,5.450528463,1600.800301,35.49416243,6.048465766,4.140439494,-12.07868298,11.46216451,65.97261128,97.89586059,12.45760729,0.17463306,119.2292162,63.41041811,87.7761744,0
Indonesia,2019,0,91.5858597,20.5123697,6.832206838,-4.6905355,47422.58372,2.704730923,-1.503911936,-2.964560899,-4.272341685,3.80444011,-31.35210386,77.86281448,2.982730263,2.82422744,55.06519035,70.59717176,88.17524265,0
Indonesia,2020,0,39.90878501,34.58436583,38.20296552,-5.825149331,19230.2006,80.33665519,-6.916922512,-8.599736393,-0.48666109,6.106565344,47.6209365,38.93301174,10.78949905,-0.902666941,85.1737331,34.81279421,66.21134667,0
Indonesia,2021,0,114.6551369,28.85673019,27.45216292,8.885323193,51269.65719,55.86120987,-3.036032123,-5.612684391,-6.0176755,5.099204925,94.21539639,91.95542034,7.567282699,-0.612749415,53.86345876,41.46311071,89.31729178,1
Indonesia,2022,0,98.03268331,50.97958748,35.69216262,-9.613911666,48217.03617,19.75495885,-2.19328123,-3.106137304,17.47875802,10.82006173,-21.07642741,147.0682699,13.57436539,-0.172798348,118.5311783,42.92802938,82.28526603,0
Moldova,1980,0,115.0625766,91.75937931,28.66196018,9.307774073,39785.70138,88.9415233,-4.984073895,-2.110279297,2.501211902,1.326733436,86.39542467,122.3341794,3.451559323,5.756658003,169.55174,32.81158324,96.25894423,0
Moldova,1981,0,120.067061,19.40322851,17.49442922,-7.01476206,19695.02957,-0.247877044,8.246062341,7.36934478,13.71570696,7.0106973,40.90719239,117.174803,12.05653175,1.364647071,81.60370203,79.12146919,25.1494724,0
Moldova,1982,0,146.8033478,74.82411316,22.94408253,6.388761636,31124.09873,16.19105886,3.597077774,3.360297505,10.42914188,10.23037654,38.6417301,103.6301444,7.198065902,2.261823532,134.4171841,70.79528819,22.29817069,1
Moldova,1983,0,94.5632264,71.8554704,28.65113661,-4.481548939,26856.30668,73.96492742,-8.967458944,-8.048935438,6.446652371,11.86335214,-42.21159765,65.22812755,9.154529613,3.712582867,80.07006716,67.79696022,34.00239526,0
Moldova,1984,0,64.41334465,18.61787788,38.60883138,-2.985953451,20531.24861,69.48468268,-0.361070317,0.52991619,-0.124450068,8.535343222,62.24504176,42.04997528,1.382301258,-0.131932723,92.75561376,45.07815843,94.32678564,0
Moldova,1985,0,104.3003924,93.03151644,13.87843107,-5.664845774,50933.73647,25.37352784,2.217228773,4.916598653,-19.91304865,4.86925797,21.7409579,49.19170821,3.07547375,-0.959336845,85.32219395,66.49612495,68.44520848,0
Moldova,1986,0,28.8972922,61.16249819,35.62419705,1.71028085,29165.37235,1.512611912,-11.49608946,-9.350704615,4.538704022,5.235980054,58.17615878,20.82187164,11.60036822,5.682166552,146.7507007,28.68087532,54.08900142,0
Moldova,1987,0,136.6616514,42.7352969,37.34272319,-3.03808905,50013.56894,85.09819758,-6.03935644,-4.275652318,-5.76170188,4.544345527,71.37716552,107.5524547,3.358626618,0.893538521,129.0093417,49.24546275,61.01688492,0
Moldova,1988,0,35.51953147,78.08847251,28.46454301,3.14786079,6581.542906,27.938252,7.63870704,10.34847039,-15.28951333,7.441550648,28.56945601,125.5440826,1.387947413,-2.985682561,158.1948719,37.50426429,86.36836706,0
Moldova,1989,0,62.61956893,33.16289126,37.59433196,-9.687053641,8719.179879,15.54990857,-0.820672495,-2.436080182,-2.214949456,9.003166363,-10.45335301,54.95847566,8.958049234,4.539464687,82.9915156,21.99393381,94.32879966,0
Moldova,1990,0,126.0468995,72.41588533,18.92575056,-8.71250233,58646.02222,49.18649135,-9.575056348,-8.872731181,9.422132891,9.923876981,-28.76412629,31.94055195,8.219047742,2.396977452,51.37228036,15.0829402,78.37590674,0
Moldova,1991,0,97.65060918,13.57400868,38.35556616,-8.006776945,35389.77722,90.57385592,-11.93038005,-9.607199447,18.46711179,5.290820761,-25.92453081,63.64451882,9.118408935,-1.482972936,152.0764351,49.07528681,80.78782663,0
Moldova,1992,0,71.17261764,85.54672338,29.5974007,-1.620126294,30733.24951,-0.427609326,-2.044327663,-1.299498713,-5.035804355,8.742147776,80.04019809,57.96665982,9.274582445,-2.728742761,67.22809377,16.83473944,45.63024353,0
Moldova,1993,0,81.54663572,50.33537623,6.47020186,6.295923453,31532.41697,75.40942924,-1.307856924,1.556665923,1.708931948,11.03655981,-31.46328566,78.6139269,7.502960188,-0.376658121,86.94578366,60.26021677,57.36281562,0
Moldova,1994,0,131.0911611,67.30236229,36.74054911,7.763558208,13151.54581,55.10968893,-6.639638716,-9.037522433,14.04977533,11.08948514,7.704110957,54.33326706,7.406608809,5.350983859,95.85292287,74.50279351,90.81681548,0
Moldova,1995,0,64.20057019,29.91140378,21.95654832,-5.103785199,43206.62579,39.67215724,0.76040071,0.396383727,-6.640023202,8.596333531,0.141196943,64.16525169,13.86248348,5.40142053,162.0203138,21.34742768,82.87472881,0
Moldova,1996,0,133.054459,70.93663414,21.11144447,1.487394485,5361.403237,73.12844663,-13.28288284,-10.4187054,-14.3097102,7.824375217,79.81835001,137.9821213,8.008225873,-0.200968623,143.8837716,42.9657005,74.74167348,0
Moldova,1997,0,31.45747603,79.50162483,24.82633121,5.367299854,34527.42567,96.41156457,-11.37150767,-12.0940995,-8.724726751,6.612549869,21.6540251,63.52859588,9.259503036,4.523378935,77.63981548,61.71422151,25.21974687,0
Moldova,1998,1,120.9837968,52.58918682,10.22845914,-4.223411402,34374.89716,19.06665217,-1.343154475,0.094183776,15.96491319,2.606773184,99.4669626,122.1173461,4.004540879,0.976607909,139.6831716,30.07877627,23.16057756,0
Moldova,1999,0,130.1811923,65.59542317,21.4208117,-1.819845265,54877.04892,10.08297333,-13.45460765,-16.27219025,-13.62427566,1.921741005,60.55821195,101.358381,13.06639801,2.889102742,156.2221993,74.45351637,30.43287545,1
Moldova,2000,0,43.63629487,51.06933314,34.08945259,0.479484054,31713.11376,90.85258325,7.022719125,8.191741813,-6.83115756,6.085676578,77.63853631,63.87993293,0.36552139,0.009994883,108.3345804,72.19258912,66.51128794,0
Moldova,2001,0,75.94504921,90.46822323,5.54188607,-7.302503072,8482.64295,65.24007313,-11.44634074,-8.838580343,-1.41438758,2.333607796,-35.1991601,126.3124751,8.358401434,1.643753366,86.8929371,17.2628049,62.91094779,0
Moldova,2002,0,41.51497071,54.80822625,14.55210061,-9.480354125,34493.36958,40.98853226,1.847996852,1.144234563,13.88452894,7.135499145,-12.03466171,97.35988905,5.757754428,-0.355984981,151.8474159,11.91798401,95.41526612,0
Moldova,2003,0,111.8585368,85.76278381,5.085910526,-6.943883814,5752.260369,55.19225488,-5.219913957,-8.09211493,17.50853135,7.925581398,-29.68307066,21.12043459,9.058562933,-2.449970739,141.63368,78.35209381,75.5807712,0
Moldova,2004,0,89.59520985,82.12168524,19.54989582,2.537072425,12466.49197,73.28946004,-5.005306311,-7.837847485,-2.967587615,6.544579371,19.54329586,28.9346662,5.402580747,-1.745596324,61.68682377,76.95325173,43.51780939,0
Moldova,2005,0,102.5920351,46.94543392,30.49104287,-8.527634769,2157.182476,76.16834936,4.122238215,6.47437805,17.27816193,0.918907194,57.74312322,117.8431427,10.76531868,-0.38392955,150.001946,39.55999231,32.91970351,0
Moldova,2006,0,45.5433057,30.70760427,32.95701402,-6.206072703,30943.62687,91.58888899,-2.513446646,-1.178350003,-13.54163621,1.163871526,-24.64046477,78.04861265,0.304971645,5.786284056,123.2776899,13.53943269,87.96265915,0
Moldova,2007,0,47.52696207,46.54739193,38.08164164,-3.242922286,5346.597133,39.81849283,3.141386591,0.781504896,-13.72590832,1.803423624,-30.47471831,72.71601293,6.088341582,5.691049352,163.0053435,53.32128869,56.7699283,0
Moldova,2008,0,25.39465232,84.35956382,26.29766145,-8.442598714,28322.8444,25.80814555,-2.370219281,-5.042677619,17.97003279,2.266926757,42.19131232,38.95753395,12.468954,4.448970082,78.60763128,30.53870752,72.27755979,0
Moldova,2009,0,61.86877958,30.48692822,13.91194033,-6.166014577,55996.81861,62.16474801,-0.177366465,1.651585717,0.387205341,11.88365006,-15.45308694,40.45141721,3.753010767,-0.90744554,88.73246269,75.57060908,65.21148853,1
Moldova,2010,0,92.76680597,57.19927113,37.34517822,8.22539578,43269.75636,38.65142942,4.017865697,5.877029494,-12.56368659,4.461692694,21.89876076,123.7078185,0.791263176,0.974419265,131.4969109,65.62633475,28.59650769,1
Moldova,2011,0,131.5315388,82.54870732,32.13605139,-9.614017355,4921.476951,57.43283766,0.182718573,-2.094150388,-0.480385177,3.857693797,-42.33234084,127.7722274,7.447861118,0.958045546,122.2600292,55.47156489,24.56467069,0
Moldova,2012,0,106.7005682,41.81297276,25.10499691,3.068638483,13685.32579,39.09850884,0.390377735,-0.800499842,11.32844622,1.10106631,52.09192181,92.80033028,14.64800191,0.482759203,107.9548057,29.91526933,50.16145518,0
Moldova,2013,0,76.60152204,67.79886733,29.34740755,-2.311821382,40517.64647,11.0645576,4.730489786,6.410646173,13.07681463,7.806184493,31.19745725,58.36661527,0.962378423,-2.596077254,161.9049972,59.08880056,48.9240238,0
Moldova,2014,0,143.9056149,32.10684166,37.35107243,3.452974789,53713.7011,44.28980892,8.727170395,8.879642821,14.55877027,8.000194029,47.11343484,141.2511062,1.050847391,1.810746368,134.7127345,30.24177867,73.90384904,0
Moldova,2015,0,113.5018761,19.83515008,29.933791,1.773834407,2265.23963,67.5463713,-5.582096152,-2.842586987,2.782836123,2.51765993,-8.689042991,101.1151108,8.926748474,-2.344692071,156.5407781,12.63416889,70.57603273,1
Moldova,2016,0,140.9214764,81.49458026,17.89310777,-5.530024913,48803.33256,78.92479981,-0.572071069,-0.685695197,14.67784057,11.07127772,-8.209553696,123.5634755,3.751015693,4.217268126,72.98824435,45.59042113,97.51527428,0
Moldova,2017,0,88.58643653,18.90717611,29.95598708,6.944189751,33840.28866,46.79925906,-12.84317106,-11.78142343,0.401208352,9.705675786,70.20407996,20.42677964,6.153468505,3.221764286,159.3482443,44.20791814,88.64796022,0
Moldova,2018,0,53.65755572,34.42432556,6.409735696,-0.161192348,32901.65212,12.34997847,-6.029902986,-5.971202791,4.282396096,3.148672143,57.78434695,78.54154811,12.45760729,0.17463306,119.2292162,63.41041811,59.72660206,0
Moldova,2019,0,26.86746923,86.95984798,18.52454466,6.450720378,57481.44701,38.54220951,-4.698769353,-2.040976379,10.34879209,6.087271906,36.95929768,133.2233812,2.982730263,2.82422744,55.06519035,70.59717176,60.00202821,0
Moldova,2020,0,114.3910307,41.18223584,19.22130611,-1.879749276,44934.38337,77.56086253,5.880932921,5.272887473,-2.982588292,5.771494846,44.22152137,63.97032682,10.78949905,-0.902666941,85.1737331,34.81279421,73.93033833,0
Moldova,2021,0,35.76938974,97.57408146,10.8393382,9.693711078,51052.09642,38.35022341,-2.165189947,-3.786411216,-17.05674051,4.50798511,-35.89337307,114.451653,7.567282699,-0.612749415,53.86345876,41.46311071,29.12724662,0
Moldova,2022,1,59.36076668,98.17609013,5.807991819,5.40978717,21433.5355,68.13573333,3.276659332,2.236462494,-5.993345726,9.902799197,78.42569567,105.4977273,13.57436539,-0.172798348,118.5311783,42.92802938,99.99124517,0
Tunisia,1980,0,89.22121802,34.14484184,9.668343282,9.319004102,33395.53324,48.25743658,-14.524815,-12.40816377,4.957768672,1.756541585,65.48605495,39.78838763,3.451559323,5.756658003,169.55174,32.81158324,61.5046481,0
Tunisia,1981,0,93.37415641,13.68804,27.91175235,0.286529578,37039.71894,20.32842814,-3.387683259,-3.400051878,-12.30670521,5.276113758,38.57373007,120.7374975,12.05653175,1.364647071,81.60370203,79.12146919,92.79238991,0
Tunisia,1982,0,98.07581561,73.45569558,33.08010857,-0.526177354,19498.56124,78.59580334,7.532941629,6.65845545,-14.06458546,5.422358001,87.78926967,34.62848274,7.198065902,2.261823532,134.4171841,70.79528819,97.38850677,0
Tunisia,1983,0,41.61319295,50.58878524,39.58712225,5.109076187,34343.81306,3.842412677,-9.392152267,-9.126592136,-8.276778216,5.890344453,-24.70431385,114.6288326,9.154529613,3.712582867,80.07006716,67.79696022,66.53141919,0
Tunisia,1984,0,69.36586263,19.06775596,17.12272261,7.60582526,14428.32615,50.11347969,-14.21194537,-16.41256712,-18.71554151,10.4055249,52.99860791,148.8258838,1.382301258,-0.131932723,92.75561376,45.07815843,28.2678918,0
Tunisia,1985,0,100.2352495,73.67705371,25.97827278,9.282915917,8859.527563,16.9335586,-4.164781657,-7.132625829,9.736915923,3.008919007,94.44726665,144.5375861,3.07547375,-0.959336845,85.32219395,66.49612495,65.86766467,0
Tunisia,1986,1,146.0764524,12.80574182,37.80007384,-3.508961879,22626.02448,2.041890997,2.610795516,1.294303618,-9.651375912,1.683616495,-3.498655315,124.0314266,11.60036822,5.682166552,146.7507007,28.68087532,67.81139497,1
Tunisia,1987,0,114.5920479,88.31770214,10.84646235,5.974091477,44435.59084,47.80806339,-3.638412329,-3.00837801,-15.03046413,7.604797322,-47.70615289,89.48726515,3.358626618,0.893538521,129.0093417,49.24546275,83.13545094,0
Tunisia,1988,0,139.9384884,22.47872762,30.11759552,-5.787088047,54996.37274,47.45402637,-3.500542162,-2.230457544,7.965176639,2.499096462,60.23012005,107.7271949,1.387947413,-2.985682561,158.1948719,37.50426429,23.85834136,0
Tunisia,1989,0,119.0875676,21.45806909,31.42425566,0.911486935,27625.52887,69.22459468,1.745126031,3.704791829,13.7171205,1.361718987,-48.95295133,114.6540907,8.958049234,4.539464687,82.9915156,21.99393381,57.30522938,1
Tunisia,1990,0,96.92320596,25.81050682,8.114143755,-6.403037032,38676.57419,73.19882277,-8.640279793,-6.080298437,-19.20497617,5.406466037,80.88004738,21.09219816,8.219047742,2.396977452,51.37228036,15.0829402,93.82162067,0
Tunisia,1991,0,44.96303799,96.42397226,35.14372848,-3.052052765,6451.316719,71.41810631,3.797244791,3.269918873,-10.65600917,3.025933955,-41.55481218,33.30760872,9.118408935,-1.482972936,152.0764351,49.07528681,99.30392629,0
Tunisia,1992,1,106.6691347,72.38524242,33.45867665,8.627167344,54296.48639,38.00366696,-11.17216173,-9.72906093,17.80929299,4.653991117,47.91470948,97.61768717,9.274582445,-2.728742761,67.22809377,16.83473944,35.3106143,0
Tunisia,1993,0,101.0393436,82.12343819,6.16910523,-7.078186005,34245.67155,61.32742766,-5.106234868,-7.658197287,-4.589834563,3.486677421,6.577621663,20.84949022,7.502960188,-0.376658121,86.94578366,60.26021677,89.64791942,1
Tunisia,1994,0,98.32099216,45.78714872,8.187954521,2.648017903,46886.19338,55.57925048,1.400202712,-1.254617296,17.54368254,1.565319321,-19.49890194,138.1577346,7.406608809,5.350983859,95.85292287,74.50279351,31.70004493,0
Tunisia,1995,0,83.67216284,40.26814548,6.719441286,1.859085459,47728.1397,39.26398439,5.709225181,3.458013133,-9.031498465,6.943992834,84.73875998,83.65615272,13.86248348,5.40142053,162.0203138,21.34742768,87.29395477,0
Tunisia,1996,0,88.72535852,31.10356061,16.71602361,-7.585232946,15611.88742,57.70733289,4.788276779,4.479691366,-11.27729458,0.810711807,61.93687779,53.50971983,8.008225873,-0.200968623,143.8837716,42.9657005,42.1822182,0
Tunisia,1997,0,63.47752853,53.25832255,22.82511467,-3.480419125,31891.71485,94.46102705,3.042139983,1.309828614,-11.43566353,11.6133165,1.066084921,71.19675205,9.259503036,4.523378935,77.63981548,61.71422151,96.77002128,0
Tunisia,1998,0,87.51065004,59.66458602,23.63217048,1.25963009,57640.64117,15.25384309,-6.022590412,-7.30104076,-16.59085358,4.425301,-7.377036071,130.6009334,4.004540879,0.976607909,139.6831716,30.07877627,75.63974007,0
Tunisia,1999,0,45.68226774,66.85973593,14.36833659,-6.25642782,5651.182326,90.10607006,-11.94239209,-11.05511105,15.85729154,8.494311371,60.40184412,140.5350736,13.06639801,2.889102742,156.2221993,74.45351637,51.92884811,1
Tunisia,2000,0,124.6726717,33.14066536,36.90589103,6.012473128,41078.07891,0.612828968,-9.579144558,-10.42801148,19.19340091,9.819173034,75.48561439,35.11054746,0.36552139,0.009994883,108.3345804,72.19258912,42.47786639,0
Tunisia,2001,0,44.15100411,95.37886728,17.88919765,9.443130191,57747.16546,27.38086735,6.620845364,6.965074711,18.18035229,3.709705149,57.37756964,121.1348824,8.358401434,1.643753366,86.8929371,17.2628049,38.8190022,0
Tunisia,2002,0,31.04561769,25.27826484,6.594255459,-5.704812001,18244.45335,25.2552511,6.433284253,5.907706794,14.08112559,9.110495155,45.99838376,95.16952537,5.757754428,-0.355984981,151.8474159,11.91798401,74.46338616,0
Tunisia,2003,0,76.71198343,96.90878573,15.5079489,-6.261760704,51728.44091,60.76833633,8.789021313,6.802836847,13.87551631,10.07283984,-15.81129122,96.1153585,9.058562933,-2.449970739,141.63368,78.35209381,91.66328021,1
Tunisia,2004,0,105.5799671,11.33705103,23.58882979,-0.901298564,56039.35546,8.778619937,-13.1002837,-15.65616376,6.443418687,3.275148189,77.92059749,121.3287758,5.402580747,-1.745596324,61.68682377,76.95325173,80.39535757,0
Tunisia,2005,0,76.90318724,53.30131226,19.28776379,4.955305543,44901.0467,87.64649924,-1.579772868,-3.162383896,13.04854848,11.91368878,62.44929752,48.96980928,10.76531868,-0.38392955,150.001946,39.55999231,86.78332304,0
Tunisia,2006,0,55.97803715,40.00310543,14.58448817,-4.367987795,14110.30024,81.99789789,1.217076123,-1.43672106,-11.66630543,0.737919853,27.59114346,89.03584584,0.304971645,5.786284056,123.2776899,13.53943269,82.51070141,1
Tunisia,2007,0,92.56225391,50.42110725,9.596313742,-9.602401826,20239.84291,63.46691107,2.766434427,3.478106186,-4.483494785,2.995505523,26.73816434,61.51584001,6.088341582,5.691049352,163.0053435,53.32128869,98.33181332,1
Tunisia,2008,0,65.1103036,61.35981211,33.6707575,0.824412561,2437.814877,43.13345234,1.096580875,2.870886484,5.633451732,9.470238697,35.37595417,32.28660485,12.468954,4.448970082,78.60763128,30.53870752,80.62439415,0
Tunisia,2009,0,141.2727997,49.20302422,39.86508347,9.132011355,49937.75808,92.96038442,4.250284748,3.288729357,14.9908533,2.732506788,74.24145913,33.66032792,3.753010767,-0.90744554,88.73246269,75.57060908,36.81828148,0
Tunisia,2010,0,139.9438681,47.33621653,16.53397467,-2.174462892,51021.78783,82.22838825,-6.013210593,-6.690544261,6.418778495,8.529988428,61.33893233,37.74129118,0.791263176,0.974419265,131.4969109,65.62633475,83.32787724,0
Tunisia,2011,0,85.3083366,75.94510739,18.35673655,-1.597308916,38072.8055,47.42809055,-10.5141807,-8.61703432,13.56087833,10.33859966,78.43674909,99.93698036,7.447861118,0.958045546,122.2600292,55.47156489,45.76554888,1
Tunisia,2012,0,62.62491922,71.72886476,26.63131336,9.378034342,21345.91272,68.69670222,-9.885415696,-11.54973822,-1.042019366,11.53096414,26.09241575,33.75792579,14.64800191,0.482759203,107.9548057,29.91526933,99.66398901,1
Tunisia,2013,0,115.8272138,84.99441538,30.14545162,3.892152233,4885.61835,54.52764498,-14.70053276,-16.98557117,8.692149508,5.953846427,43.69735885,94.11349954,0.962378423,-2.596077254,161.9049972,59.08880056,50.13380961,0
Tunisia,2014,0,24.77268265,32.49630831,18.72103372,4.383438457,45257.53931,56.73393503,-6.241953197,-6.235244493,19.19923226,11.66775491,78.18577103,96.47861754,1.050847391,1.810746368,134.7127345,30.24177867,43.42350047,0
Tunisia,2015,0,81.71997079,64.85756588,36.67253309,1.254040107,43673.61376,29.75248729,-12.70639873,-11.82925771,-13.86045771,5.233656412,-15.15199097,137.5065463,8.926748474,-2.344692071,156.5407781,12.63416889,39.13727884,0
Tunisia,2016,0,63.72204126,62.66753069,24.60013962,9.492184217,54782.37055,43.51888349,-6.96278268,-6.36485613,17.07682769,3.008472456,16.60310204,101.4289575,3.751015693,4.217268126,72.98824435,45.59042113,72.68117216,0
Tunisia,2017,0,139.6696651,43.27640298,20.76365267,3.777329689,43912.76165,3.202750233,0.705251929,1.988490201,0.894557914,6.41010131,43.09783555,148.1264193,6.153468505,3.221764286,159.3482443,44.20791814,28.73768707,0
Tunisia,2018,0,21.56039355,53.74517877,27.63354636,7.900655032,49773.08805,32.52161262,7.36195139,4.702458483,5.728721229,7.97296731,87.2719386,24.02903539,12.45760729,0.17463306,119.2292162,63.41041811,96.28479054,0
Tunisia,2019,0,91.86593384,38.2403929,38.34813469,3.987577315,44833.49069,68.06199411,5.990136275,5.559345951,15.11476028,5.766578135,-47.62459834,111.5389978,2.982730263,2.82422744,55.06519035,70.59717176,43.54501429,0
Tunisia,2020,0,116.2862655,22.76599579,32.8093303,4.702316497,37952.02514,95.0876832,-8.683144701,-10.25172156,-3.613833098,7.020183106,-18.11402627,23.44241015,10.78949905,-0.902666941,85.1737331,34.81279421,43.63204888,0
Tunisia,2021,0,83.05233838,29.24210896,6.400459569,-4.191781557,25789.89373,96.12173184,-11.64792145,-10.09319389,-3.252297004,5.288705659,-14.83242384,114.8190851,7.567282699,-0.612749415,53.86345876,41.46311071,23.68528766,0
Tunisia,2022,0,31.10239392,19.49622818,16.63084688,-3.93042604,54156.40333,53.35090126,-10.17319316,-7.936810251,1.087273454,6.534762471,-1.008097961,70.1605272,13.57436539,-0.172798348,118.5311783,42.92802938,39.68140143,0
Honduras,1980,0,146.4199807,71.47626177,21.46906397,5.659692992,39162.82374,58.69533644,9.274666298,7.962680742,-19.23591662,11.45485023,-7.732006937,99.4700095,3.451559323,5.756658003,169.55174,32.81158324,53.51834845,0
Honduras,1981,0,87.34135608,69.46546538,16.00811503,-4.065874217,24081.81272,14.50072448,-1.263138008,-3.691829533,-0.133352762,6.248058254,38.52081783,60.23994937,12.05653175,1.364647071,81.60370203,79.12146919,49.56851122,0
Honduras,1982,0,99.84421176,95.55457344,29.50656463,1.255401416,5283.116922,68.00735135,-10.43744442,-11.91687665,-8.3565094,3.411565777,82.84303964,40.68365509,7.198065902,2.261823532,134.4171841,70.79528819,41.84159371,0
Honduras,1983,0,50.75927175,75.67105723,33.91942025,-5.012953782,17655.0799,2.419173231,6.018653867,3.642704802,17.1181673,9.225586147,45.54667616,114.0566274,9.154529613,3.712582867,80.07006716,67.79696022,23.25950703,0
Honduras,1984,0,82.85475106,14.68412549,30.59707833,6.339667616,32760.48607,24.89199701,-5.120218892,-6.185685896,-16.49058805,4.382221264,-13.77101616,137.6006494,1.382301258,-0.131932723,92.75561376,45.07815843,44.04650989,0
Honduras,1985,0,75.78943395,89.58206565,39.62666504,-7.789972975,16755.43159,65.17815146,7.480553799,7.709745269,-1.627181519,9.886382464,79.56292751,43.86571768,3.07547375,-0.959336845,85.32219395,66.49612495,82.26647506,0
Honduras,1986,0,29.73645946,87.64076467,14.53916768,6.588932795,13507.75027,27.58256381,-8.483071829,-5.640986103,17.89872682,1.153682873,44.80686837,139.6913902,11.60036822,5.682166552,146.7507007,28.68087532,55.10338282,0
Honduras,1987,0,33.80084596,49.89882887,35.62463233,2.05459601,31785.39279,0.233921782,-5.16945603,-5.773234504,16.04141001,4.320046737,-17.15568125,38.2236742,3.358626618,0.893538521,129.0093417,49.24546275,43.26202781,0
Honduras,1988,0,128.8714276,62.72767455,31.83179328,-6.261809303,10438.27465,82.34639298,-2.37630593,-4.056066387,8.053937695,1.585138945,4.249980575,115.6360447,1.387947413,-2.985682561,158.1948719,37.50426429,44.38337073,0
Honduras,1989,0,51.17659379,97.84704992,17.67625651,0.84070771,48084.48078,27.58465075,7.315383352,5.316193794,3.57444208,1.481154979,68.49472101,144.7278706,8.958049234,4.539464687,82.9915156,21.99393381,64.35500612,0
Honduras,1990,0,45.34457529,57.90739275,30.69435903,-4.350023263,29216.77864,1.62604861,6.71893579,4.757174387,-8.770762515,8.07147993,60.83967722,39.15821463,8.219047742,2.396977452,51.37228036,15.0829402,44.18341422,0
Honduras,1991,0,85.63848866,91.47896455,8.642658475,-3.530653305,34559.60761,2.852757273,-0.641123242,-2.485537143,-5.32171549,4.931350216,36.48735543,76.56170608,9.118408935,-1.482972936,152.0764351,49.07528681,70.46378559,0
Honduras,1992,0,119.9371271,17.4734882,32.62667188,-2.969439168,9098.781076,21.43467387,-9.455612255,-7.88201012,-16.39460541,10.52200783,-28.28487459,63.86947271,9.274582445,-2.728742761,67.22809377,16.83473944,99.1563611,0
Honduras,1993,0,28.05304742,27.19466818,23.63157109,-8.733615061,19677.20724,13.69167446,-4.916075707,-7.549909438,11.44433191,6.438659086,70.4933946,70.50210752,7.502960188,-0.376658121,86.94578366,60.26021677,23.29411182,0
Honduras,1994,1,94.98502955,49.66794491,15.23015604,9.719233688,24782.35409,76.30151237,9.390826634,12.37524288,-7.045209284,3.896447043,-3.868620717,117.9081661,7.406608809,5.350983859,95.85292287,74.50279351,33.49894046,0
Honduras,1995,0,35.49735757,62.62811275,27.95220556,-9.369307437,48550.30598,28.7768249,0.194330597,0.330448944,6.711275961,8.790222212,65.73969085,105.9545612,13.86248348,5.40142053,162.0203138,21.34742768,34.32860362,0
Honduras,1996,0,24.73993661,83.46050667,27.45669996,3.249937464,46278.52353,79.49305743,4.527443878,4.793075244,-5.696208912,7.676193103,47.13495486,145.9293054,8.008225873,-0.200968623,143.8837716,42.9657005,55.76562543,0
Honduras,1997,0,26.85671378,98.94359036,12.3320178,-2.575447045,13611.75524,13.25382977,-3.753382616,-4.607999344,-1.426782344,9.69533814,-10.37445775,44.11233544,9.259503036,4.523378935,77.63981548,61.71422151,23.31349696,0
Honduras,1998,0,128.4413341,44.99663468,6.063909518,2.920205819,37085.89117,46.75231385,-1.699818113,-0.558285957,2.200098895,7.901265178,-18.14461578,90.62391301,4.004540879,0.976607909,139.6831716,30.07877627,58.20172622,0
Honduras,1999,0,35.33642287,14.26740725,20.17679054,-2.875034938,14834.34456,67.24389902,-4.276147194,-4.447409149,12.07409634,2.420654297,-30.36351151,78.3863989,13.06639801,2.889102742,156.2221993,74.45351637,94.31398065,0
Honduras,2000,0,25.86967737,82.1054353,24.93291543,3.475012925,59298.35519,63.45903966,2.573024952,1.547392661,-11.5537449,8.208565433,-13.70806451,139.4512942,0.36552139,0.009994883,108.3345804,72.19258912,20.9251271,1
Honduras,2001,0,76.92698533,64.39426472,35.68118474,4.584710189,57141.79552,58.11858804,6.286775347,4.877605769,-4.049384527,5.002815773,-26.32564663,21.38050022,8.358401434,1.643753366,86.8929371,17.2628049,49.19510937,0
Honduras,2002,0,129.7191514,27.8688573,37.48758785,3.811052808,33926.90382,92.1062682,-2.315911419,0.237995822,-14.79673712,5.826144848,42.55768717,148.5921521,5.757754428,-0.355984981,151.8474159,11.91798401,80.87150177,0
Honduras,2003,0,54.11308894,54.5345611,23.50818264,-7.720760373,42024.48354,18.99514051,-2.978313534,-4.232376444,-16.9695798,11.09799262,39.81746785,82.36546087,9.058562933,-2.449970739,141.63368,78.35209381,32.35956003,1
Honduras,2004,0,74.82264028,76.8079221,31.38312193,3.137864693,48145.39382,46.84051647,-6.492838323,-6.874478766,4.186974247,4.639586532,37.92580902,101.3201541,5.402580747,-1.745596324,61.68682377,76.95325173,26.2047202,0
Honduras,2005,0,25.18992923,79.33706084,20.37561453,-4.400249011,43343.60568,87.81921776,-10.57258264,-11.47053423,-12.43635823,7.537530144,46.28347138,66.80683225,10.76531868,-0.38392955,150.001946,39.55999231,70.46228298,0
Honduras,2006,0,78.38020684,54.96565708,31.11287548,-9.423972589,42079.77286,3.178845387,8.481193072,5.998266036,-17.60802632,4.680039934,72.21768009,130.8284671,0.304971645,5.786284056,123.2776899,13.53943269,20.79607272,0
Honduras,2007,1,95.08970048,37.46930771,12.16805337,-1.703386562,57525.67427,0.868268167,-7.098007033,-8.982400666,15.88391725,1.589366082,87.03290673,93.05843287,6.088341582,5.691049352,163.0053435,53.32128869,84.14163929,0
Honduras,2008,0,94.21791699,97.63683238,17.98726572,-1.329137944,35908.42955,19.49674019,5.017286589,3.154298441,1.372576791,5.715541434,-15.44366931,106.1654217,12.468954,4.448970082,78.60763128,30.53870752,25.34822029,0
Honduras,2009,0,63.21546998,69.70263499,27.19797996,-0.656517333,38287.26951,61.46722805,2.883675532,4.045572619,-14.6148717,7.366207301,38.16617353,104.357612,3.753010767,-0.90744554,88.73246269,75.57060908,61.94834075,0
Honduras,2010,0,61.01931349,46.74137674,5.635528796,4.096483308,51001.3444,22.28736078,4.772940007,4.212452467,-17.8629549,5.186287858,-38.24956681,67.31767819,0.791263176,0.974419265,131.4969109,65.62633475,79.21021682,0
Honduras,2011,0,33.86107046,35.24169018,30.28614586,-3.823123817,40292.48481,14.9751878,8.419203334,10.11100871,-15.20559786,4.992661124,-31.97863425,29.87882945,7.447861118,0.958045546,122.2600292,55.47156489,39.3608791,0
Honduras,2012,0,67.68378168,75.79926847,34.24374254,-3.694389738,44056.07753,43.17424311,0.584269006,1.837974552,-1.146510387,9.93435291,48.15089694,125.0018094,14.64800191,0.482759203,107.9548057,29.91526933,28.28321295,0
Honduras,2013,0,32.93430695,31.7965101,18.96995814,-8.788954875,14279.87057,59.42779722,7.448758585,5.601057183,6.738610207,0.841379481,22.98708425,57.66306949,0.962378423,-2.596077254,161.9049972,59.08880056,34.04982131,1
Honduras,2014,0,119.6574728,25.45389901,20.6779846,3.73642432,22464.63537,21.09855924,-10.80756693,-10.43006541,5.651202999,3.899232063,63.74981303,130.3609297,1.050847391,1.810746368,134.7127345,30.24177867,88.37468575,0
Honduras,2015,0,145.6156587,57.68505001,34.79487743,1.356521828,9093.890339,26.57257461,0.667814399,2.125267475,-14.22307655,9.835208552,13.85162215,99.12359114,8.926748474,-2.344692071,156.5407781,12.63416889,76.46242333,0
Honduras,2016,0,146.1096794,36.09886534,32.14791224,-3.011497746,30494.19691,59.42372701,4.306890323,5.105147864,5.339558074,11.08609671,-30.86023898,65.98151455,3.751015693,4.217268126,72.98824435,45.59042113,35.84784394,1
Honduras,2017,0,132.4592429,66.60146304,15.08523212,4.103779578,27506.92582,94.30253431,-8.208971731,-7.608872683,-3.805375031,5.241445237,80.80804807,97.25212937,6.153468505,3.221764286,159.3482443,44.20791814,77.28966377,1
Honduras,2018,0,98.10297941,20.61448074,16.33916373,0.747154985,59830.62001,65.84788138,3.518845032,4.956510357,-1.410248628,10.7211338,-37.56672933,103.91405,12.45760729,0.17463306,119.2292162,63.41041811,76.68945362,0
Honduras,2019,0,111.1125406,68.94469941,28.76073813,-0.615101083,36789.15657,77.20493508,4.461920728,1.802605163,12.05721625,2.787696404,-21.65530362,111.868843,2.982730263,2.82422744,55.06519035,70.59717176,99.81800785,0
Honduras,2020,0,57.07675435,35.49668752,24.71193324,0.226490873,47250.75594,33.51505995,5.7796989,7.168230585,-6.700025093,3.04641128,-8.453470106,126.9039575,10.78949905,-0.902666941,85.1737331,34.81279421,51.32448188,1
Honduras,2021,0,102.0001546,10.0218641,10.67803499,2.726962505,20240.67584,23.58670774,-7.177927185,-8.541995606,-14.12003811,10.23120083,99.29209106,40.76814249,7.567282699,-0.612749415,53.86345876,41.46311071,89.18827953,0
Honduras,2022,0,79.23444143,21.42424519,15.84754682,3.200052091,49943.25628,42.69811304,2.040164754,2.471398281,14.93812534,10.88746403,12.52897303,142.73877,13.57436539,-0.172798348,118.5311783,42.92802938,55.71541488,0
Bolivia,1980,0,82.66225417,94.02538401,36.49941469,-4.220843617,37020.5725,79.74894701,-7.393667915,-8.939837947,-11.51477697,3.062266332,25.25627957,73.40927988,3.451559323,5.756658003,169.55174,32.81158324,91.82081789,1
Bolivia,1981,0,118.5109528,88.06191752,29.08610529,-7.185132732,41910.4422,42.91146239,3.476009687,5.508915121,-8.238805178,1.182228185,65.45451265,131.8585388,12.05653175,1.364647071,81.60370203,79.12146919,27.32803993,0
Bolivia,1982,1,56.64938623,31.02481288,39.50910112,-6.867316376,17877.51744,83.90616792,-3.425658371,-3.542302246,8.263602356,1.538727576,45.4623378,48.6623474,7.198065902,2.261823532,134.4171841,70.79528819,34.02501041,0
Bolivia,1983,0,61.34514952,80.05347141,31.84543855,2.787817718,33053.71198,98.82105797,-0.061390637,0.796256635,7.342012682,3.505879607,76.21310379,23.77376639,9.154529613,3.712582867,80.07006716,67.79696022,87.99634905,0
Bolivia,1984,0,140.2034328,64.77144339,37.96910513,7.457465715,38152.00731,2.562799902,-4.604000464,-2.839508203,12.01600085,9.256664387,22.96501879,94.53472567,1.382301258,-0.131932723,92.75561376,45.07815843,85.54402593,0
Bolivia,1985,0,27.30915833,97.38142403,12.56660009,-1.810074433,35468.95215,-0.231933611,-10.95042683,-8.578535296,-12.64533434,6.36490602,95.82665312,62.20661628,3.07547375,-0.959336845,85.32219395,66.49612495,44.43470335,0
Bolivia,1986,0,83.13245879,43.62450936,32.00197062,-6.609596793,54937.06457,10.70691881,-10.54926176,-9.156889177,-5.908804267,5.739271686,69.52185424,147.9800606,11.60036822,5.682166552,146.7507007,28.68087532,67.74386545,0
Bolivia,1987,0,138.6641041,71.33145513,5.707613205,5.132049966,53926.87807,35.35881595,-13.06077732,-15.16816586,-14.96467044,7.217609208,10.20480825,33.57894911,3.358626618,0.893538521,129.0093417,49.24546275,50.61597777,0
Bolivia,1988,0,99.34719102,15.71821502,28.47660076,6.649789488,58267.74826,8.75943196,0.451816993,2.579011211,1.641565887,10.7375658,7.190773442,26.14937258,1.387947413,-2.985682561,158.1948719,37.50426429,20.82538794,0
Bolivia,1989,0,91.03291965,45.66226121,21.42487973,7.611648862,40145.45196,86.41977015,6.215959949,6.927427444,-8.297176298,1.539949365,89.42367881,25.85231641,8.958049234,4.539464687,82.9915156,21.99393381,22.08833013,0
Bolivia,1990,0,52.4667433,96.74358951,17.13660252,2.136628578,58323.27357,-2.569643642,-14.47907934,-13.82238079,7.55742564,8.489327468,52.66234537,48.19358038,8.219047742,2.396977452,51.37228036,15.0829402,24.34050924,0
Bolivia,1991,0,64.62581358,58.5082787,35.18415233,7.214571188,49998.9366,28.15823522,-13.34401245,-10.81596909,-19.98622528,11.15809473,43.21504518,95.29484513,9.118408935,-1.482972936,152.0764351,49.07528681,67.52577235,0
Bolivia,1992,0,130.7662941,35.9091553,34.89936924,-9.691700831,16468.67878,14.3929361,-3.563325192,-5.070335858,-17.61268006,2.95352548,63.67459562,85.72323857,9.274582445,-2.728742761,67.22809377,16.83473944,42.33821882,0
Bolivia,1993,0,92.69835713,20.82438668,5.780559671,-7.855283965,25817.90947,92.81162967,3.443018404,1.880544115,-2.697587979,10.13438163,34.12507422,65.50985463,7.502960188,-0.376658121,86.94578366,60.26021677,31.51586387,0
Bolivia,1994,0,86.91648519,73.31755062,26.33267929,-8.148478659,14532.0288,65.29550551,-11.05730888,-10.97814755,18.32736624,8.527284174,-26.12498404,31.54310396,7.406608809,5.350983859,95.85292287,74.50279351,95.29048868,1
Bolivia,1995,1,32.94536276,68.03704391,17.87412785,4.252093685,550.5705016,90.76317693,-8.208717011,-6.703538612,15.63405549,0.666388165,-2.117680688,50.38582232,13.86248348,5.40142053,162.0203138,21.34742768,29.70549337,0
Bolivia,1996,0,22.08366034,43.65448422,19.54813505,-8.608364329,11526.51056,97.09451458,-9.199844968,-9.516400719,19.76036112,3.163534324,33.69172956,43.93911842,8.008225873,-0.200968623,143.8837716,42.9657005,73.91853731,0
Bolivia,1997,1,145.2790745,95.58472167,34.12142587,-0.072712551,542.4170013,47.19531559,-5.023719533,-4.220371194,-3.326791005,7.46721475,-47.27482686,116.9366888,9.259503036,4.523378935,77.63981548,61.71422151,91.53281463,0
Bolivia,1998,0,69.00820175,11.99825317,15.844392,-0.545862027,43274.35614,19.60350635,-9.375033075,-9.659884729,-18.13726055,6.277603904,15.60260574,121.3930298,4.004540879,0.976607909,139.6831716,30.07877627,33.10637338,0
Bolivia,1999,0,98.41769807,37.33514665,38.00670837,-3.785929529,25704.39757,15.34152255,-6.185033036,-5.522709953,-7.761754319,6.571266904,63.37043189,121.0118217,13.06639801,2.889102742,156.2221993,74.45351637,37.17837458,0
Bolivia,2000,0,30.36295951,92.89625377,11.28718392,7.408103399,18960.71121,18.40648048,3.213564967,5.147138782,7.030834087,3.167199883,-25.36489932,145.9752708,0.36552139,0.009994883,108.3345804,72.19258912,65.90508269,1
Bolivia,2001,0,108.8048571,38.88418945,28.19528482,-6.591335962,45774.7372,69.4022973,0.275231211,-1.641908612,-14.59344761,8.262539913,-40.31615748,134.950933,8.358401434,1.643753366,86.8929371,17.2628049,60.67589491,0
Bolivia,2002,0,141.2336721,32.70275505,28.52367735,-2.950744312,49999.46044,-0.753198547,-12.97045737,-11.79818616,-8.00111285,3.563811266,75.40437111,84.71461713,5.757754428,-0.355984981,151.8474159,11.91798401,61.68219335,0
Bolivia,2003,0,94.83648289,58.07983689,13.82683065,5.48343,58525.38246,0.392912668,0.943641656,2.668196092,-17.75335342,4.978502115,42.59108027,73.94168272,9.058562933,-2.449970739,141.63368,78.35209381,64.37424752,0
Bolivia,2004,0,36.39499191,84.14215749,16.36627131,-9.391553712,38628.21101,58.85500895,-3.073070711,-3.390402266,-1.001318464,4.742533033,-23.51315413,139.0499073,5.402580747,-1.745596324,61.68682377,76.95325173,95.99223328,0
Bolivia,2005,0,95.62379857,19.28320848,34.21794724,3.459008005,27853.27882,62.41600041,8.364139368,7.30354083,-11.64317289,8.228287754,70.94574709,99.45928277,10.76531868,-0.38392955,150.001946,39.55999231,24.30704336,0
Bolivia,2006,0,119.6251377,94.87186387,31.66318392,6.327954527,18524.27881,64.85260705,-7.767392072,-10.68612613,-16.35007892,1.537906759,48.71942072,58.27182671,0.304971645,5.786284056,123.2776899,13.53943269,80.83588166,0
Bolivia,2007,0,72.83414975,81.55655931,16.51835581,8.645356777,13572.39709,34.04745298,3.154160492,4.936790626,-3.551367621,2.863731862,0.117890447,93.3803236,6.088341582,5.691049352,163.0053435,53.32128869,38.60051379,0
Bolivia,2008,0,134.3789072,26.312523,23.68847914,7.52593281,13011.67924,79.62421331,3.271520576,2.23915253,-5.950983825,2.805716313,6.429440794,148.979425,12.468954,4.448970082,78.60763128,30.53870752,49.89421361,0
Bolivia,2009,0,104.3287839,74.08071651,7.158810369,-3.612317663,24728.60567,51.03058171,-9.462480475,-10.31862366,1.500709478,1.746883752,-26.61677552,130.4311078,3.753010767,-0.90744554,88.73246269,75.57060908,27.14328984,1
Bolivia,2010,0,136.9023594,44.64628504,12.30610588,1.727282826,59509.64541,6.073891151,7.580590624,6.596627603,9.961546213,2.887342257,75.28833913,56.56636309,0.791263176,0.974419265,131.4969109,65.62633475,55.65014153,0
Bolivia,2011,0,101.0556905,46.20652103,22.00371956,-8.454130137,350.965737,78.69542724,-2.720419989,-2.727984004,-15.49725054,7.481193081,26.35099775,143.8840754,7.447861118,0.958045546,122.2600292,55.47156489,84.33754018,0
Bolivia,2012,0,37.06743636,80.49610832,8.009080735,-4.842599929,12073.19206,95.07211756,1.972084172,3.187081612,11.64502361,8.919933965,33.5528615,147.5900745,14.64800191,0.482759203,107.9548057,29.91526933,27.89922708,0
Bolivia,2013,0,60.25992244,96.65063272,34.51663242,-8.115552425,11547.06105,1.303812865,-11.35361103,-9.722432242,-18.9484008,8.09348964,82.52378728,50.05170472,0.962378423,-2.596077254,161.9049972,59.08880056,42.04828786,0
Bolivia,2014,0,46.23334327,21.39902856,30.13021735,-3.696254197,43112.03329,36.09189056,-8.554902075,-9.199477753,-2.2759239,5.964663587,-47.62540753,136.4269754,1.050847391,1.810746368,134.7127345,30.24177867,49.84493669,0
Bolivia,2015,0,138.1474447,47.85672132,38.02717847,7.503744269,21343.33824,46.18918471,-0.347322052,0.631290159,3.497211475,1.102997568,-39.96154062,134.8163533,8.926748474,-2.344692071,156.5407781,12.63416889,28.31193625,1
Bolivia,2016,0,118.8520087,53.28474473,29.27134171,-3.056663207,27598.47003,10.37942981,-7.024318291,-5.700212789,18.27994693,11.52858062,-25.76315272,25.16796452,3.751015693,4.217268126,72.98824435,45.59042113,80.9853448,1
Bolivia,2017,0,107.931788,43.86806353,37.91404803,1.23796206,9172.860589,86.10943952,-2.507677036,-3.726173046,2.956921075,2.4328793,-45.49432804,107.0595951,6.153468505,3.221764286,159.3482443,44.20791814,82.95576226,0
Bolivia,2018,0,59.12562155,42.68702113,24.40793945,-1.332383038,24478.32322,24.83571271,-5.649870016,-8.070141198,-13.65003227,8.18684576,48.72342349,59.68649269,12.45760729,0.17463306,119.2292162,63.41041811,86.87159982,0
Bolivia,2019,0,43.92582037,14.70418008,26.00765139,-0.821669514,6461.028771,77.21589669,1.013844916,3.38183924,0.701672214,10.99824208,45.08192023,107.6996414,2.982730263,2.82422744,55.06519035,70.59717176,66.71169638,0
Bolivia,2020,0,118.3386414,71.69847585,39.19398691,9.391441037,32122.68429,65.45442061,-2.82136593,-1.7586701,-4.168642112,8.524436604,-18.37971456,138.7626302,10.78949905,-0.902666941,85.1737331,34.81279421,60.57910567,0
Bolivia,2021,0,81.64053296,49.25929754,27.47452014,-4.076910635,6146.920413,57.79481136,-14.8847516,-13.99608915,-0.825777296,3.007570862,-27.58903327,84.84130224,7.567282699,-0.612749415,53.86345876,41.46311071,41.00419564,0
Bolivia,2022,0,49.35264178,27.53144224,6.07752991,2.54648939,47493.35036,15.17499911,1.242020949,-1.40456396,-12.11611941,4.131657436,-28.14729479,73.873668,13.57436539,-0.172798348,118.5311783,42.92802938,72.41263738,0
Myanmar,1980,0,100.1608572,83.44301521,30.33309718,-1.598746608,34126.12254,18.17386966,-4.446961074,-2.539722729,0.033081692,0.847367471,92.986212,139.7990653,3.451559323,5.756658003,169.55174,32.81158324,55.56507885,0
Myanmar,1981,0,25.24340078,82.23046733,36.69140422,-8.777076379,43520.88206,-0.028417502,-6.457541488,-6.061216551,-13.99840943,7.54671977,54.02567929,146.6349393,12.05653175,1.364647071,81.60370203,79.12146919,97.66211249,0
Myanmar,1982,0,62.40213304,53.77524653,32.84530874,-0.213383368,25285.42828,20.27480513,-12.64633119,-10.55902469,9.761723228,7.54941928,37.81432427,28.09072261,7.198065902,2.261823532,134.4171841,70.79528819,97.45435976,0
Myanmar,1983,0,80.9124093,36.8605595,25.43416454,6.266866581,23075.03021,31.27157899,-9.490757736,-6.643390633,3.756250409,8.843256686,-1.626969229,139.970249,9.154529613,3.712582867,80.07006716,67.79696022,92.41641055,1
Myanmar,1984,0,39.23458343,67.42834532,28.49562296,-8.024940626,6163.070676,82.48025691,-9.40569271,-6.663090785,-16.85889234,0.626457327,14.95647969,30.75990936,1.382301258,-0.131932723,92.75561376,45.07815843,48.80713104,1
Myanmar,1985,0,148.0050821,35.93369222,39.65671262,-8.608163052,31574.17974,33.47123001,8.384237485,10.52077356,15.58457872,9.905174821,-36.58911782,63.84720774,3.07547375,-0.959336845,85.32219395,66.49612495,49.43779643,0
Myanmar,1986,0,47.1826574,31.24071373,8.173173098,-6.927369592,31015.77924,74.23528719,-4.187175631,-7.121491388,4.655184185,8.99517601,99.72278321,119.1346359,11.60036822,5.682166552,146.7507007,28.68087532,88.21385312,0
Myanmar,1987,0,36.94590691,75.74631886,28.353569,5.288002228,28245.69205,41.14143954,-13.94835382,-11.63399057,-7.355717795,2.12019601,63.26281954,121.0148077,3.358626618,0.893538521,129.0093417,49.24546275,78.33079454,0
Myanmar,1988,0,46.45953361,13.62927157,14.91891931,4.479907683,44508.94637,77.41117276,-11.52958294,-14.07920906,-18.17430402,4.497706007,43.21797352,114.3568458,1.387947413,-2.985682561,158.1948719,37.50426429,76.34887759,0
Myanmar,1989,0,119.9779473,18.52916239,27.40316388,1.300355378,50000.51268,97.50851805,-13.02418311,-10.91701929,5.289067831,7.843036268,38.16507928,25.08462345,8.958049234,4.539464687,82.9915156,21.99393381,42.36888089,0
Myanmar,1990,0,75.31573571,10.61093566,26.26682516,-0.635471918,45122.14359,20.1833636,-0.278265245,-1.597220833,-5.062389546,6.201664062,25.6471558,37.28558624,8.219047742,2.396977452,51.37228036,15.0829402,86.66788892,0
Myanmar,1991,0,93.50407217,23.76488678,10.37098912,7.766516294,8888.784846,85.54586926,-10.33446271,-9.67405268,16.3047242,1.823584035,-11.38588585,141.7081448,9.118408935,-1.482972936,152.0764351,49.07528681,66.35364578,0
Myanmar,1992,0,22.73119041,16.20910078,12.2361326,5.333956477,37436.9527,60.29152906,-2.536058993,-5.307649606,-18.60488669,1.504471814,-16.04143948,30.58998049,9.274582445,-2.728742761,67.22809377,16.83473944,55.74924594,0
Myanmar,1993,0,24.47607011,99.6222131,26.75703523,6.238845026,5095.28941,80.81589747,-5.748448428,-4.121358252,-18.43590259,9.48674744,32.42986858,30.21096921,7.502960188,-0.376658121,86.94578366,60.26021677,89.23376993,1
Myanmar,1994,0,77.95732148,35.9928973,9.488048156,6.265246027,41768.95056,63.41651974,5.096909429,2.767146162,17.97197148,2.293621857,-39.46987782,128.6339719,7.406608809,5.350983859,95.85292287,74.50279351,51.5367811,0
Myanmar,1995,1,126.1651816,23.43412114,14.28133063,2.854343095,23095.79406,39.51469826,-6.987759068,-7.523630038,18.59495783,2.47906575,-38.82938017,103.3645479,13.86248348,5.40142053,162.0203138,21.34742768,72.31406495,0
Myanmar,1996,0,135.0810542,31.68966322,34.23359417,-0.839707514,8210.187689,18.94786864,-3.54336294,-1.638686926,-18.89031093,10.05561594,34.12204047,65.71528726,8.008225873,-0.200968623,143.8837716,42.9657005,57.27241456,0
Myanmar,1997,0,31.27185379,94.25130144,16.44820271,7.293555052,51764.43616,2.35369866,3.032138715,4.204232694,8.641329398,7.539605797,87.97180723,41.54236332,9.259503036,4.523378935,77.63981548,61.71422151,67.41902449,0
Myanmar,1998,0,89.98720327,56.81442007,22.08210547,8.520148352,36956.29784,51.22942827,-4.166219827,-7.129963646,-11.14020591,7.454229494,87.14077767,134.9421546,4.004540879,0.976607909,139.6831716,30.07877627,23.24371773,0
Myanmar,1999,0,138.7198592,42.83362867,37.93991173,-9.523879135,21477.08059,98.98423993,4.8303884,4.248582408,8.055710651,6.012476371,-48.3757549,148.5099085,13.06639801,2.889102742,156.2221993,74.45351637,56.88921305,1
Myanmar,2000,0,70.43645807,88.60523121,12.95021811,-8.968902535,2134.412625,72.49438953,1.542108906,-1.206325992,14.74931187,7.043442666,-33.89086765,26.4963247,0.36552139,0.009994883,108.3345804,72.19258912,64.5193046,0
Myanmar,2001,0,127.8435581,45.54912435,18.63691061,9.174865938,32377.42246,29.37128185,-4.736772151,-3.695772986,-15.96674085,7.420351439,37.46165406,92.03473967,8.358401434,1.643753366,86.8929371,17.2628049,59.41754678,1
Myanmar,2002,0,37.38043507,40.1507713,26.22602214,-4.456787723,55416.58495,81.85650401,-2.400451858,0.413239093,-10.44934333,11.6300017,77.27135827,53.96946604,5.757754428,-0.355984981,151.8474159,11.91798401,87.7928298,0
Myanmar,2003,0,141.6012837,28.65542703,31.43686253,7.467388793,35903.87601,75.74332002,9.180086396,10.11165397,-19.03689327,3.064193036,93.167363,128.2102884,9.058562933,-2.449970739,141.63368,78.35209381,44.88991798,0
Myanmar,2004,0,117.6850313,44.00171415,36.55786853,-2.224097621,58307.5411,24.5717583,1.540287413,-0.113478001,-18.24680618,2.967467827,79.08733391,64.98950193,5.402580747,-1.745596324,61.68682377,76.95325173,90.72612248,1
Myanmar,2005,0,142.3734711,38.50159204,37.04155457,-7.617998848,8446.131761,-3.497713572,7.624880649,6.756278842,-18.81528567,1.158012609,51.64197029,112.9018076,10.76531868,-0.38392955,150.001946,39.55999231,52.27695759,1
Myanmar,2006,0,107.9602404,70.95735634,32.1824026,-8.391135996,34227.81474,7.407077046,-10.53103741,-7.671134079,12.02729426,8.069286186,-19.92123836,90.1380448,0.304971645,5.786284056,123.2776899,13.53943269,75.56213858,1
Myanmar,2007,0,67.24251116,36.06244342,12.99157928,-6.869842018,47948.06537,87.11714998,-2.919096094,-4.574781622,-8.068292863,6.813985079,-39.1067789,90.39803961,6.088341582,5.691049352,163.0053435,53.32128869,26.93781824,0
Myanmar,2008,0,141.9635524,61.94797718,5.868326551,-5.002136103,31674.78165,82.83911871,7.716541746,8.085716184,-0.271542417,1.779250844,-42.8726326,131.5399261,12.468954,4.448970082,78.60763128,30.53870752,36.01232669,0
Myanmar,2009,0,55.82368092,15.93029485,18.43208756,-0.229632921,5736.661452,25.99694509,-6.934698464,-7.531975612,11.51377054,4.692197754,41.81151769,81.15257537,3.753010767,-0.90744554,88.73246269,75.57060908,80.89328089,0
Myanmar,2010,0,63.18242787,27.2160241,9.954209785,4.029958011,35098.29429,24.94551976,9.191604954,10.80149674,-0.202253492,2.554626861,-44.5717094,129.9279394,0.791263176,0.974419265,131.4969109,65.62633475,20.98629484,0
Myanmar,2011,0,111.1050943,46.66647445,29.86356766,9.72797153,36820.75298,78.25082365,-12.57306274,-10.36872711,-2.832157495,4.312040015,60.88599347,67.24548764,7.447861118,0.958045546,122.2600292,55.47156489,97.48221913,0
Myanmar,2012,0,119.4911189,94.32543285,28.13957054,-1.169865134,43803.94213,93.46243434,7.566779257,6.611802903,-19.53707174,11.43953795,56.8706106,42.72178252,14.64800191,0.482759203,107.9548057,29.91526933,35.25031209,0
Myanmar,2013,0,140.8224529,43.95267871,6.539007457,0.363698847,45744.32746,76.80941196,-3.869696948,-2.907318766,2.721580101,8.358166647,-38.05837628,79.2120591,0.962378423,-2.596077254,161.9049972,59.08880056,92.1043189,1
Myanmar,2014,0,46.62431318,69.76667091,34.28078227,0.436314028,46315.12949,58.58576109,-13.15639587,-12.86210969,-15.01027687,0.587044659,85.99335476,84.78625158,1.050847391,1.810746368,134.7127345,30.24177867,61.27560226,0
Myanmar,2015,0,123.7397446,32.95785002,13.70601432,0.78868711,39907.6303,20.48049178,6.988039815,5.658706755,10.58592963,3.403842849,28.28939329,82.18981569,8.926748474,-2.344692071,156.5407781,12.63416889,65.16602935,0
Myanmar,2016,0,116.0109869,21.43302184,20.12794764,0.354813142,13183.92783,50.20353098,-8.70149469,-10.06984987,-9.690491047,0.619157791,85.6657851,125.0829535,3.751015693,4.217268126,72.98824435,45.59042113,26.73054304,0
Myanmar,2017,0,28.29329231,15.26829401,28.37768074,-9.824504899,24432.87462,19.51874515,-14.44374686,-14.21195698,6.967496432,8.720987736,85.24150843,93.40826239,6.153468505,3.221764286,159.3482443,44.20791814,49.21750033,0
Myanmar,2018,0,70.33900836,37.48721487,20.02965754,-9.965503558,46634.95937,79.84119911,-11.60482236,-13.68080512,5.848941113,5.898350724,-20.44489042,135.4977293,12.45760729,0.17463306,119.2292162,63.41041811,32.49750886,1
Myanmar,2019,0,56.75950942,24.18949241,20.4450731,-8.046673637,57219.59091,35.63091335,1.477868547,3.342727926,4.667024117,11.93121496,7.08664419,86.84411434,2.982730263,2.82422744,55.06519035,70.59717176,62.07451955,0
Myanmar,2020,0,59.58375517,25.66094032,7.296979837,-7.968867931,5013.133801,82.53820778,9.445287228,6.859316264,-9.321919699,8.936207502,-29.80604997,49.21296077,10.78949905,-0.902666941,85.1737331,34.81279421,64.05857165,1
Myanmar,2021,0,147.7830943,78.46833775,19.05052422,4.097938179,32271.53966,35.06896789,-12.21344651,-14.64599959,-9.316408913,6.455998841,66.24670152,36.83445923,7.567282699,-0.612749415,53.86345876,41.46311071,76.77335597,1
Myanmar,2022,0,103.5610638,11.42542639,31.76967626,-5.90167935,18957.5796,81.53568755,-3.451298797,-4.397940943,14.52192174,9.754112424,25.61873733,132.8871667,13.57436539,-0.172798348,118.5311783,42.92802938,90.26225263,1
Reublic of Guinea,1980,0,113.2979005,60.20291132,37.0311718,7.894282095,13756.01549,29.99837059,-10.48408623,-12.77553568,-19.48770669,8.605241989,89.32113631,27.30246386,3.451559323,5.756658003,169.55174,32.81158324,57.4543853,0
Reublic of Guinea,1981,0,146.9602929,44.15152425,19.4723998,8.572126592,30496.89781,41.21393398,3.625913353,3.48011348,-12.73909466,3.303426043,-18.76771777,35.28924955,12.05653175,1.364647071,81.60370203,79.12146919,38.66882961,0
Reublic of Guinea,1982,0,69.03623172,55.58949999,19.82550394,9.517866758,36483.53363,59.62628403,-12.04852751,-12.65047216,4.406836706,6.597970161,53.25514923,28.27560746,7.198065902,2.261823532,134.4171841,70.79528819,46.68573292,0
Reublic of Guinea,1983,0,124.2392219,60.65472135,29.59194872,8.781626098,883.4022157,2.380199473,-9.003956288,-7.673097513,12.68185018,6.893985336,98.38552417,75.08544563,9.154529613,3.712582867,80.07006716,67.79696022,87.76718504,0
Reublic of Guinea,1984,0,76.48902523,38.2030925,37.99702004,-4.562233562,46878.33236,94.56174149,-10.08985081,-7.371825878,-5.666179653,5.689164534,49.80718927,89.24003013,1.382301258,-0.131932723,92.75561376,45.07815843,31.66907881,0
Reublic of Guinea,1985,0,133.0393773,36.55979742,14.34713291,0.195536894,49246.96324,55.22860754,-1.187005491,0.334346018,6.137738344,2.560715163,-39.68391008,22.58371503,3.07547375,-0.959336845,85.32219395,66.49612495,70.18048627,1
Reublic of Guinea,1986,0,43.48548037,76.00616644,20.40504723,-6.490900596,57940.99623,48.32110154,6.8296023,4.906294277,2.286256785,3.068744094,38.26365245,87.0262017,11.60036822,5.682166552,146.7507007,28.68087532,21.04687071,0
Reublic of Guinea,1987,1,143.199203,88.41492893,32.85906352,6.124193103,11084.43087,83.13636697,-2.222744971,0.390382742,-17.41839582,3.732045111,-23.02358755,71.18873127,3.358626618,0.893538521,129.0093417,49.24546275,39.65354628,0
Reublic of Guinea,1988,0,48.44032209,27.33234692,26.33927493,7.768634103,35794.78797,85.90508664,-13.54391368,-14.19111309,4.870007877,0.617934218,-45.42458339,120.5738737,1.387947413,-2.985682561,158.1948719,37.50426429,67.3126798,0
Reublic of Guinea,1989,0,62.40866591,18.78568845,8.870522039,7.025776786,25769.5348,49.83734248,-0.915276735,-1.07014057,12.55613889,11.04485476,0.244104596,127.8943608,8.958049234,4.539464687,82.9915156,21.99393381,56.5129632,0
Reublic of Guinea,1990,0,118.3049904,90.80162258,26.97064574,-1.332661026,20289.22274,92.36254421,4.938024983,4.467482407,19.69793281,8.390103903,-10.08438754,109.0457667,8.219047742,2.396977452,51.37228036,15.0829402,59.48395922,0
Reublic of Guinea,1991,0,71.1881684,41.49059173,11.53611996,5.173477694,34068.31705,1.797465438,-11.69609507,-13.01281293,-18.81439709,8.430599132,68.31563482,81.55441959,9.118408935,-1.482972936,152.0764351,49.07528681,72.84496404,0
Reublic of Guinea,1992,0,99.06747898,59.61856516,22.85755769,-8.048416608,47008.27067,6.888708186,-13.18221964,-10.81195391,6.402326903,7.081802059,6.052081162,48.09931736,9.274582445,-2.728742761,67.22809377,16.83473944,38.76688195,0
Reublic of Guinea,1993,0,77.79455514,42.35888301,23.51861437,-9.195104588,1676.251172,57.66276415,-10.30480556,-11.31137237,-3.418017874,8.427074294,59.94381706,130.1249327,7.502960188,-0.376658121,86.94578366,60.26021677,42.46439523,0
Reublic of Guinea,1994,0,116.5080918,21.32221027,35.66711768,5.064728286,58173.18672,32.17691549,3.652158071,4.123736889,-19.60848445,11.79141932,-47.56415121,64.41698821,7.406608809,5.350983859,95.85292287,74.50279351,74.75665659,0
Reublic of Guinea,1995,0,49.68306281,63.03984805,21.18729959,-1.492894513,48649.93067,43.74364245,-0.207989512,-1.767788005,4.574437748,4.929343883,-47.77817998,66.31794534,13.86248348,5.40142053,162.0203138,21.34742768,63.0633126,0
Reublic of Guinea,1996,0,27.59953834,57.26267666,14.78048478,9.910985295,45143.87611,29.44831788,-1.485133651,0.299118598,-15.10290806,8.694044249,-45.60298137,139.0815011,8.008225873,-0.200968623,143.8837716,42.9657005,21.16694594,0
Reublic of Guinea,1997,0,58.99082167,28.26942033,13.08382219,-8.054915683,45695.12672,37.4961577,-8.763002634,-7.117810677,-4.857325992,4.63458355,-17.09623373,146.8276432,9.259503036,4.523378935,77.63981548,61.71422151,73.62622362,0
Reublic of Guinea,1998,0,81.66012643,50.66821402,35.59881568,7.112553631,23526.92436,81.37786645,-6.694085119,-7.916212288,-9.5453163,10.32432119,6.098167754,136.7570243,4.004540879,0.976607909,139.6831716,30.07877627,69.60736326,1
Reublic of Guinea,1999,0,41.84260679,81.72527536,10.9853799,-0.400338689,45171.74689,57.31500098,9.147125324,10.23644976,-5.553463909,10.36732898,41.17687047,149.7705141,13.06639801,2.889102742,156.2221993,74.45351637,26.2886059,0
Reublic of Guinea,2000,1,66.12364766,63.13834928,19.90539963,6.54300391,23390.18145,99.72117767,-8.984369332,-7.761128133,-0.29217674,10.87606389,97.88708287,132.9581497,0.36552139,0.009994883,108.3345804,72.19258912,79.80155959,0
Reublic of Guinea,2001,0,71.99779238,18.72255944,11.55105902,6.342545643,53952.79773,77.62231577,7.541135581,7.916204078,-5.6316187,0.562828229,3.161435052,111.5664773,8.358401434,1.643753366,86.8929371,17.2628049,61.76811672,1
Reublic of Guinea,2002,0,27.46093968,59.32193475,32.0656414,8.319840027,10880.17628,23.73495668,-0.486712389,0.116877905,2.109274824,3.929201617,-41.65116399,58.19652194,5.757754428,-0.355984981,151.8474159,11.91798401,36.37978272,0
Reublic of Guinea,2003,0,95.82994226,73.24644694,21.6030424,-4.042999774,17753.14123,22.75623736,-11.91758834,-11.47086051,-10.45401239,2.040130039,-20.76497575,143.8844164,9.058562933,-2.449970739,141.63368,78.35209381,64.74850945,0
Reublic of Guinea,2004,0,134.9646456,81.34330652,17.29002917,8.995987069,33214.8513,30.26931836,-3.317190546,-5.826004122,5.414470697,5.720841276,84.67777507,133.9614881,5.402580747,-1.745596324,61.68682377,76.95325173,67.63668113,0
Reublic of Guinea,2005,0,39.72657868,66.62058208,17.63848742,-6.966660793,19356.89884,83.54224547,8.713717934,9.735310002,14.15052016,6.197670891,54.90687852,51.29708301,10.76531868,-0.38392955,150.001946,39.55999231,93.60949834,0
Reublic of Guinea,2006,0,97.71504174,23.73923481,34.82749724,-8.360624448,25626.96354,-2.134796682,-4.535860047,-4.717209988,-11.03731812,3.442896493,68.53012361,83.59112152,0.304971645,5.786284056,123.2776899,13.53943269,79.37155404,0
Reublic of Guinea,2007,0,106.4160966,73.91559399,24.3820884,-1.367689653,29697.63456,19.16903428,6.58466412,6.215407803,0.315088634,8.819634659,-31.37476915,29.10723588,6.088341582,5.691049352,163.0053435,53.32128869,44.15394836,0
Reublic of Guinea,2008,0,74.51350845,70.96076615,30.12537479,6.566459373,51424.29492,90.01643414,-8.589282634,-6.429287321,5.947591382,3.602351748,-29.75195169,143.9301522,12.468954,4.448970082,78.60763128,30.53870752,29.45063741,0
Reublic of Guinea,2009,0,111.1426864,12.19841946,36.39634807,-0.531577387,31534.57754,62.18912579,-0.726946205,-3.587585924,2.585045249,10.31975082,-33.16309887,94.4598826,3.753010767,-0.90744554,88.73246269,75.57060908,88.25472577,0
Reublic of Guinea,2010,0,73.39510065,47.05729008,36.56095866,6.585733551,21938.85296,18.81894503,6.096301455,4.604190963,-5.374022152,2.543082734,78.57537465,51.87607097,0.791263176,0.974419265,131.4969109,65.62633475,87.68541503,0
Reublic of Guinea,2011,0,85.60284744,39.96552223,16.4978169,4.593736116,15089.84899,18.01022166,8.017211029,5.745632028,5.68798832,4.72320589,-18.5048587,58.01191077,7.447861118,0.958045546,122.2600292,55.47156489,34.02480118,0
Reublic of Guinea,2012,0,20.95589579,70.24708578,38.33579421,-5.811432277,24697.95593,85.57490068,-2.854415821,-5.642369554,-18.87015175,7.655734222,46.47276181,147.4853284,14.64800191,0.482759203,107.9548057,29.91526933,24.97049482,0
Reublic of Guinea,2013,0,109.9236148,29.45222311,5.870655871,8.977632498,31089.44543,88.84453837,0.992202554,-0.35373546,-5.20375072,7.46135331,27.42495493,100.0298579,0.962378423,-2.596077254,161.9049972,59.08880056,76.94917199,0
Reublic of Guinea,2014,0,105.9745483,63.17847307,18.18924464,-8.784376627,44843.05698,21.89376455,-14.92549673,-11.99463909,1.304488586,1.397334788,31.65848678,74.68880613,1.050847391,1.810746368,134.7127345,30.24177867,77.80654647,0
Reublic of Guinea,2015,0,24.99211405,92.18853656,36.35296001,7.965594151,7526.611937,39.1535876,-8.669417312,-10.04804227,-19.17547365,10.23197404,-20.68469624,84.97991003,8.926748474,-2.344692071,156.5407781,12.63416889,34.1715003,0
Reublic of Guinea,2016,0,67.87251396,81.8022135,14.61229079,-3.91113102,13530.06854,82.63255256,-8.032197406,-7.049962488,0.305953187,7.377746734,45.28691402,32.81150941,3.751015693,4.217268126,72.98824435,45.59042113,73.45694876,0
Reublic of Guinea,2017,0,147.2741393,92.93119626,14.55785076,0.002961663,22965.34475,75.95578105,-12.66267471,-14.95288137,6.170178431,10.50338481,-43.53491983,29.75295881,6.153468505,3.221764286,159.3482443,44.20791814,42.31389958,0
Reublic of Guinea,2018,0,74.69575313,98.06553702,15.59177998,-1.552962546,21815.78479,80.46119119,-8.007624666,-7.396538886,10.36830791,10.47780915,99.02084144,97.05200663,12.45760729,0.17463306,119.2292162,63.41041811,40.84936224,0
Reublic of Guinea,2019,0,85.25290267,10.96031143,26.43096847,-6.563308862,23687.36083,49.43181003,-6.971949174,-4.065060275,-15.46503674,6.778064939,-45.98616403,86.56052474,2.982730263,2.82422744,55.06519035,70.59717176,45.96143473,0
Reublic of Guinea,2020,0,138.2909206,66.04671487,20.34164715,-2.837062672,47673.2195,90.71265007,9.219150989,7.97017613,19.622595,10.97398676,-42.47651889,66.68991487,10.78949905,-0.902666941,85.1737331,34.81279421,61.63170932,1
Reublic of Guinea,2021,0,113.2440439,47.1555458,30.43571927,-6.141311274,19652.01786,29.22491212,1.715059514,3.803513212,4.246708053,10.25668969,-1.302887016,93.59481383,7.567282699,-0.612749415,53.86345876,41.46311071,84.35631387,0
Reublic of Guinea,2022,0,95.66911705,87.38690413,36.32187249,-5.922270491,30263.32137,11.45057411,-4.349873015,-1.364444732,-5.472248296,11.51841386,74.74380337,29.44787343,13.57436539,-0.172798348,118.5311783,42.92802938,59.89150007,0
Ethopia,1980,0,123.7146086,32.66332318,28.59697812,-6.258863279,37547.24986,69.41689492,9.701361517,10.23268605,-10.03628582,10.28073158,-11.42161823,142.7188523,3.451559323,5.756658003,169.55174,32.81158324,43.84341565,0
Ethopia,1981,0,132.3676146,98.29265402,12.15633521,-0.219652393,14161.05945,51.63221368,-11.16919199,-12.31278539,2.915874467,9.943844287,20.79025207,58.18251941,12.05653175,1.364647071,81.60370203,79.12146919,90.7179439,0
Ethopia,1982,0,79.39544933,65.23371726,37.64386658,5.95862735,43206.11461,84.73150572,-3.098720152,-2.057532592,15.26846589,5.897645528,-47.30340032,29.33124279,7.198065902,2.261823532,134.4171841,70.79528819,24.4071966,0
Ethopia,1983,0,81.76408744,81.4183662,14.25725057,1.379400675,32962.54579,3.521721158,1.176555176,3.245644414,0.822615846,2.938357194,-38.16810253,42.03555543,9.154529613,3.712582867,80.07006716,67.79696022,83.76731871,1
Ethopia,1984,0,70.18662163,17.70395975,10.24630034,7.864131771,26972.83543,83.58770236,-13.61048414,-15.58238268,6.458882224,10.97315043,41.19490728,32.41160888,1.382301258,-0.131932723,92.75561376,45.07815843,82.75054063,0
Ethopia,1985,0,145.6717982,26.51120963,8.14885476,2.730889772,48644.1064,25.79593859,2.924971452,2.640066035,-5.692142418,8.809315644,-20.84622958,43.21858557,3.07547375,-0.959336845,85.32219395,66.49612495,40.28374481,1
Ethopia,1986,0,110.6316131,78.25633057,24.71843092,3.786802313,14836.66697,63.75984505,-12.50331618,-13.58818992,-4.473908476,3.740100438,54.13818445,74.17802713,11.60036822,5.682166552,146.7507007,28.68087532,35.8636146,0
Ethopia,1987,1,30.81899861,11.97878698,8.981686187,3.352144595,53025.60545,-0.786477147,-11.49294229,-12.7927883,-8.552995769,4.421450812,67.80867625,115.9466162,3.358626618,0.893538521,129.0093417,49.24546275,89.97604492,0
Ethopia,1988,0,132.184751,83.51901873,9.857155944,-1.010816136,33794.6095,59.00603611,-11.00776219,-8.842834624,8.225491775,8.389902886,77.55012992,55.40528517,1.387947413,-2.985682561,158.1948719,37.50426429,64.70970348,1
Ethopia,1989,0,82.47279231,11.25541168,15.50106682,3.786776444,36667.7403,70.31352736,8.222245666,7.752169707,-5.632497863,5.994899046,-29.9300993,76.67046085,8.958049234,4.539464687,82.9915156,21.99393381,23.68090861,0
Ethopia,1990,0,28.93800783,69.14069552,14.85785534,-8.605845071,52541.02016,33.71877252,2.080888628,1.115346679,-12.37134384,1.437049461,18.32628235,140.7384474,8.219047742,2.396977452,51.37228036,15.0829402,91.26660132,0
Ethopia,1991,0,91.46324317,42.85845282,26.14838286,7.197029438,49109.68646,17.61812405,1.385687528,2.006750776,-5.223977153,2.126651376,92.06221749,58.45682611,9.118408935,-1.482972936,152.0764351,49.07528681,47.92047875,0
Ethopia,1992,0,74.23135627,65.03453674,33.58608478,5.556242869,36213.25551,51.45122104,-1.112662588,-2.796253111,14.15308831,9.07495986,65.81253137,123.3135679,9.274582445,-2.728742761,67.22809377,16.83473944,47.3725243,1
Ethopia,1993,0,134.1074226,72.64282663,31.64723797,-5.095400835,45265.30592,82.48503447,-7.679850033,-9.300489089,9.530081743,4.278549578,-32.45594272,40.51619342,7.502960188,-0.376658121,86.94578366,60.26021677,71.46303497,0
Ethopia,1994,0,46.51929847,40.82276973,14.18695592,5.360649085,26169.17357,28.97247262,0.522242615,0.643975,-6.614366221,6.337968427,25.37503675,43.18182701,7.406608809,5.350983859,95.85292287,74.50279351,72.90487542,0
Ethopia,1995,0,127.4403992,19.71662033,13.58586743,-9.747147972,32978.45188,21.50927624,-4.746257003,-5.290620631,16.27235859,9.316147,88.35708728,79.29987355,13.86248348,5.40142053,162.0203138,21.34742768,48.26528967,0
Ethopia,1996,0,92.49952985,16.2681281,38.80270355,-5.65506855,4005.587161,24.28820741,-11.36459625,-12.59470194,-17.0066946,9.138519328,16.00582083,50.43329256,8.008225873,-0.200968623,143.8837716,42.9657005,31.46231423,0
Ethopia,1997,0,27.09933942,63.00424203,5.288268456,-8.697255227,5664.517705,94.65887606,2.239932258,-0.436360948,-18.00984834,2.420672809,75.61264133,137.3936496,9.259503036,4.523378935,77.63981548,61.71422151,64.18158107,0
Ethopia,1998,0,146.3398892,56.85898184,35.79021866,5.604538332,49816.69663,32.72407616,-11.7604458,-11.63580037,-14.90118581,1.631529441,24.37655818,26.59779785,4.004540879,0.976607909,139.6831716,30.07877627,70.01433317,0
Ethopia,1999,0,86.63998173,76.79809082,11.99049817,5.117483024,3862.397844,-4.621554812,-10.23328547,-8.333630241,-15.34180977,7.298251369,-33.97824841,97.6454336,13.06639801,2.889102742,156.2221993,74.45351637,88.8177892,0
Ethopia,2000,0,57.81399105,55.8761959,38.15495131,6.272720476,10413.1278,77.07652684,5.442482796,7.550746028,-16.4866274,9.02877805,-27.82176109,98.5498215,0.36552139,0.009994883,108.3345804,72.19258912,58.75519899,1
Ethopia,2001,0,81.02288946,48.0201211,16.98075497,-9.910366133,47811.20974,68.42385351,1.502927403,-0.084432719,6.45370448,2.213959103,-42.99863708,28.58337058,8.358401434,1.643753366,86.8929371,17.2628049,71.65568637,0
Ethopia,2002,0,131.5215119,45.82784604,20.41231209,0.024654534,368.4132525,8.499667783,0.774778855,1.372626079,4.033695186,4.777485804,-20.70278891,115.2333479,5.757754428,-0.355984981,151.8474159,11.91798401,24.35270623,1
Ethopia,2003,0,59.63740617,12.38022123,29.74922149,4.09672395,17159.53843,98.41494616,-4.544930391,-2.409642535,5.904220423,10.50819695,84.04211498,80.95668079,9.058562933,-2.449970739,141.63368,78.35209381,91.56183202,0
Ethopia,2004,0,45.04793154,40.20014815,25.5684168,-6.891977425,35167.10787,58.84653996,-5.092987044,-5.640631474,7.534642166,11.35856613,47.52970689,113.9995386,5.402580747,-1.745596324,61.68682377,76.95325173,46.17726506,0
Ethopia,2005,0,36.7792621,97.84181418,16.12787654,2.99581455,35848.36091,47.58184655,2.25656523,4.849386133,10.2751901,5.721802251,60.82854023,127.5002482,10.76531868,-0.38392955,150.001946,39.55999231,70.57768995,1
Ethopia,2006,0,58.72172179,88.62000186,24.38408206,-8.317798014,46696.02862,35.1330231,3.500138465,5.91800964,-11.7129229,1.414433241,43.24921876,61.97691576,0.304971645,5.786284056,123.2776899,13.53943269,93.28413051,0
Ethopia,2007,0,121.4062513,39.64402603,30.57474095,-6.373482878,30503.79739,89.36063933,-2.244669941,-3.995866556,4.892140529,3.463509246,7.980893821,82.98316478,6.088341582,5.691049352,163.0053435,53.32128869,84.84206275,0
Ethopia,2008,0,81.31142748,62.90158646,6.481723107,-0.4840637,30711.29161,20.61616555,9.231731109,7.785520106,3.201946373,3.179154084,-17.47083008,53.89890137,12.468954,4.448970082,78.60763128,30.53870752,71.0163086,0
Ethopia,2009,0,49.57260848,86.2567071,5.391975684,3.071303054,43601.04136,25.00573452,8.892488973,6.975140965,17.74640103,3.248082786,88.8421876,46.19675026,3.753010767,-0.90744554,88.73246269,75.57060908,76.28862625,0
Ethopia,2010,0,41.60404995,49.71469031,21.03234287,-7.082617461,30067.88046,7.853134702,-4.68926275,-6.512936641,-10.70529103,6.179639612,27.22446723,20.07731855,0.791263176,0.974419265,131.4969109,65.62633475,93.67240928,1
Ethopia,2011,0,63.25483195,11.61620774,9.614281623,-6.295533383,36626.91787,74.70750504,5.515556357,7.96272888,-17.65108263,7.207094994,22.16498218,145.2720966,7.447861118,0.958045546,122.2600292,55.47156489,84.96745441,0
Ethopia,2012,0,142.1901685,16.70594156,28.2520502,-5.911072659,53897.11187,57.53267444,-1.41830396,1.168523495,6.139802789,1.90886027,99.41561329,77.32070101,14.64800191,0.482759203,107.9548057,29.91526933,68.78872484,1
Ethopia,2013,0,64.59347264,55.93534492,12.49183597,-5.225983906,24266.62515,58.95194777,-2.206102811,-4.894719364,9.606913609,10.72759408,7.589498258,21.6990705,0.962378423,-2.596077254,161.9049972,59.08880056,72.6962165,1
Ethopia,2014,0,148.4561299,97.24954381,20.14978874,-5.468923029,23291.96673,17.93939526,-13.62589847,-13.06427833,-8.672159768,7.629698968,78.11879723,21.16201508,1.050847391,1.810746368,134.7127345,30.24177867,31.78147393,0
Ethopia,2015,0,83.07995925,72.3888588,11.91848279,-2.09701783,511.8748143,63.37268086,-0.650632238,-0.265242861,2.833937238,7.368394898,79.35160905,57.48583391,8.926748474,-2.344692071,156.5407781,12.63416889,57.61341438,0
Ethopia,2016,0,43.29130938,16.38245723,24.1969255,3.075793017,36921.54781,75.37313696,7.514448264,6.857734144,-17.61855738,11.85370848,-15.09946845,21.81189823,3.751015693,4.217268126,72.98824435,45.59042113,44.07981181,0
Ethopia,2017,0,135.8482119,27.04247882,9.061871078,-1.239364337,2077.382872,32.57829573,4.50334623,5.293531787,18.40179365,7.723655741,-35.77404615,68.6869003,6.153468505,3.221764286,159.3482443,44.20791814,54.55765076,0
Ethopia,2018,1,79.84619851,79.41908289,5.808739848,5.519478175,30397.66484,79.14145012,4.657928617,7.342135571,-15.60300107,11.18303022,96.34301736,28.18200519,12.45760729,0.17463306,119.2292162,63.41041811,72.97974988,1
Ethopia,2019,0,112.2572747,85.7295784,6.789607334,4.385370119,48312.75721,31.6230118,-11.00177404,-12.98024474,-17.29717855,3.791955182,13.88452962,25.10270685,2.982730263,2.82422744,55.06519035,70.59717176,31.93208749,0
Ethopia,2020,0,147.8825058,65.59251276,38.39904545,-7.469461719,33130.28791,74.60453846,-6.038763822,-8.316298363,-18.23559362,3.261489139,-49.6669517,107.0195812,10.78949905,-0.902666941,85.1737331,34.81279421,21.39007709,0
Ethopia,2021,0,26.52279554,67.99808527,9.980017651,-9.023167534,16397.27906,-1.458338717,-9.169877084,-11.96953366,-2.90912374,6.439964898,24.85267507,137.8893676,7.567282699,-0.612749415,53.86345876,41.46311071,51.75395226,0
Ethopia,2022,0,32.57029277,12.55037053,29.79673886,7.55883128,47234.25476,52.87228315,-7.102117939,-7.919118092,-16.11361026,6.349002898,42.89505456,73.22025583,13.57436539,-0.172798348,118.5311783,42.92802938,45.77474516,0
Dominica,1980,0,113.6593764,84.56772336,7.377417148,-8.403378669,16402.10514,96.80028887,-0.511516413,-1.48574555,9.785929638,3.104561969,66.41323712,128.7801559,3.451559323,5.756658003,169.55174,32.81158324,53.63456478,0
Dominica,1981,0,56.63725043,80.94476874,8.785612328,-7.033216386,44061.99732,98.03068307,-5.880404666,-6.295486537,15.95496643,8.546040054,91.44131773,23.80450995,12.05653175,1.364647071,81.60370203,79.12146919,94.49767363,0
Dominica,1982,0,43.9591816,33.31316297,22.8106688,-9.557334489,36732.42977,24.58402073,-0.982554563,-0.962694378,-9.591242707,0.840788921,87.27559434,121.0997073,7.198065902,2.261823532,134.4171841,70.79528819,76.5667281,0
Dominica,1983,0,25.11704438,73.7809048,21.27048256,2.566727306,10448.77892,41.34690456,-4.037468793,-2.490524829,5.15092477,8.442250434,91.02037301,28.163999,9.154529613,3.712582867,80.07006716,67.79696022,46.19670197,1
Dominica,1984,0,22.84007256,29.33691458,38.30531083,1.647411263,54336.49233,1.612680339,-7.834611039,-8.481930696,-18.30646212,5.75754569,-45.18122776,128.997125,1.382301258,-0.131932723,92.75561376,45.07815843,34.34230578,0
Dominica,1985,0,120.6831284,13.62971449,38.06924086,9.738073329,12278.42787,86.7008373,-12.61491414,-13.63123549,-4.537421132,8.423586375,56.76612007,134.7076248,3.07547375,-0.959336845,85.32219395,66.49612495,69.47826354,0
Dominica,1986,0,37.47634556,28.10228883,32.28630249,7.738647926,59378.34833,54.70007608,7.295961434,9.257234355,-8.282315463,5.986427252,-16.12130558,122.1765995,11.60036822,5.682166552,146.7507007,28.68087532,72.60610012,0
Dominica,1987,1,80.80368008,26.07659891,26.07356405,-1.78313645,736.4361727,35.43557129,-14.71566585,-12.61688583,-10.85523614,11.7393385,-21.86709692,126.6973732,3.358626618,0.893538521,129.0093417,49.24546275,58.68981471,0
Dominica,1988,0,98.76658597,40.39731971,20.92361111,-2.568283182,16029.95762,6.840908641,-14.9586878,-16.56209201,5.788939585,4.348876938,70.04778529,92.99299362,1.387947413,-2.985682561,158.1948719,37.50426429,37.02086197,0
Dominica,1989,0,75.68573407,47.66045475,17.4662487,-4.062959314,12231.65975,94.41056498,5.669943494,4.55797443,-14.79088215,11.79958878,12.56945338,54.43504254,8.958049234,4.539464687,82.9915156,21.99393381,22.28442087,1
Dominica,1990,0,23.5238648,55.76850023,38.14806414,-6.951861599,1135.406587,50.67300002,9.920273508,11.87097173,14.42842093,1.247200339,87.49001137,103.6200303,8.219047742,2.396977452,51.37228036,15.0829402,41.2528558,0
Dominica,1991,0,121.8551953,52.9078488,26.1018084,-7.238326868,44022.36364,24.70743255,3.177570693,0.654020159,6.593436255,8.36324891,-43.63473638,77.14041438,9.118408935,-1.482972936,152.0764351,49.07528681,56.57363994,0
Dominica,1992,0,21.36671919,34.36071454,25.26753847,-7.35432584,41697.52039,31.77258866,-14.61815405,-15.66307337,8.429407148,5.723520878,70.32712442,20.69375292,9.274582445,-2.728742761,67.22809377,16.83473944,83.03474292,0
Dominica,1993,0,119.0456863,12.62536017,13.11653926,-7.717704856,47603.35257,23.423204,-9.332744333,-9.642643691,17.41377235,9.954582694,-29.47483831,81.98734184,7.502960188,-0.376658121,86.94578366,60.26021677,88.30030631,0
Dominica,1994,0,136.1295842,64.459146,6.634423626,-5.189759152,15624.90322,58.19002993,9.295567507,7.417997198,17.69491486,9.580584802,-23.51341977,104.6544302,7.406608809,5.350983859,95.85292287,74.50279351,53.03476477,0
Dominica,1995,0,76.26918974,45.61703469,38.08160029,-3.866627394,26826.80947,92.64617546,5.215106304,3.294591484,2.066092953,9.702417103,21.60275733,21.80487576,13.86248348,5.40142053,162.0203138,21.34742768,83.68992437,0
Dominica,1996,0,89.6205215,36.88049416,15.98073406,9.231579421,39649.07724,84.95284935,-0.830003905,-1.280831557,-0.184807309,1.589493892,9.338491131,100.7768437,8.008225873,-0.200968623,143.8837716,42.9657005,99.46822588,0
Dominica,1997,0,82.00784104,88.02469385,20.49061582,1.56946502,26554.17968,43.33999192,-9.078482264,-7.551351916,-6.584735671,9.957205548,22.92584592,104.8291478,9.259503036,4.523378935,77.63981548,61.71422151,77.32882999,1
Dominica,1998,0,70.59712042,77.2068977,9.012398025,9.75191549,41930.34849,81.78243304,-14.64074485,-12.59934697,8.622864408,2.961461811,91.0039783,40.55398517,4.004540879,0.976607909,139.6831716,30.07877627,78.28792253,0
Dominica,1999,0,135.3651896,87.19889935,34.29235155,-2.550661043,38148.21248,39.42607553,-14.47846318,-11.60305263,1.528355479,0.795323034,48.60834033,76.03964407,13.06639801,2.889102742,156.2221993,74.45351637,92.76292012,0
Dominica,2000,0,136.2113564,54.54845152,5.96711415,-0.847467348,7144.47384,21.49224978,0.299521588,-2.256574111,17.31500319,3.003995276,-6.453592724,145.3632381,0.36552139,0.009994883,108.3345804,72.19258912,47.05153027,0
Dominica,2001,0,63.6561274,21.78381269,34.18967667,-3.508426817,46928.27433,98.2585871,-14.45420309,-16.15410988,-10.45496205,6.011778704,-24.06369315,134.9445996,8.358401434,1.643753366,86.8929371,17.2628049,20.89643144,0
Dominica,2002,0,99.95906802,72.65992925,9.909975448,-6.342246982,43324.37864,26.90819464,9.840753548,11.3805326,-7.58989255,9.034280639,13.00694127,73.40678497,5.757754428,-0.355984981,151.8474159,11.91798401,98.95818173,0
Dominica,2003,0,140.4979831,28.54664019,36.02974394,-7.136705844,39453.31294,28.99104425,-10.41540416,-10.17181193,-7.356382103,3.01427353,17.74615409,65.48001484,9.058562933,-2.449970739,141.63368,78.35209381,59.23744621,0
Dominica,2004,0,145.0676049,49.71067022,30.54204231,8.901583956,9559.088294,98.91775112,2.767684047,1.733762691,12.23993818,1.799586803,40.19416148,36.13048853,5.402580747,-1.745596324,61.68682377,76.95325173,82.85420745,0
Dominica,2005,0,86.16467525,15.85007101,10.76345919,9.736213636,16299.38799,9.062386782,-11.12350696,-12.889969,-16.03838673,7.928623433,-10.09959447,24.57458099,10.76531868,-0.38392955,150.001946,39.55999231,84.99929101,1
Dominica,2006,0,78.86722469,84.27775622,24.80362975,-9.10181007,23772.66879,74.85606874,-1.497664473,-2.814799163,-1.77403516,11.81482742,65.12638706,58.67016107,0.304971645,5.786284056,123.2776899,13.53943269,51.80133417,0
Dominica,2007,0,56.23026107,21.33465769,15.942971,-6.993082505,17011.79841,93.26033964,-12.98471779,-13.40898409,-2.896770521,7.410008474,-35.23096318,142.2368351,6.088341582,5.691049352,163.0053435,53.32128869,63.30184374,0
Dominica,2008,0,144.6533435,91.27877563,11.23815846,-1.529518154,13900.27435,48.7384744,4.169460613,2.23236793,-17.07441516,8.447159687,34.06800454,144.6197487,12.468954,4.448970082,78.60763128,30.53870752,63.19324209,0
Dominica,2009,0,38.56585958,87.7807542,35.07137698,-6.273330473,48379.85291,-4.735215021,-0.376972632,2.408383103,-3.568120058,6.953425603,43.52974799,125.6275143,3.753010767,-0.90744554,88.73246269,75.57060908,37.61728075,0
Dominica,2010,0,95.37784489,51.8124488,19.12329683,-2.722392127,38402.46511,34.38118913,-12.84583266,-15.200302,0.535119331,9.497007109,-18.97526284,65.60722576,0.791263176,0.974419265,131.4969109,65.62633475,29.41111471,0
Dominica,2011,0,56.73153478,76.99313839,18.94903,-7.418073003,34058.68625,6.7147442,6.21465473,9.128119337,-17.3958123,11.72175083,73.90170257,38.67143627,7.447861118,0.958045546,122.2600292,55.47156489,63.4857844,0
Dominica,2012,0,56.27107775,65.75005664,10.94603362,-0.869764866,13789.37684,38.6997044,-1.324534631,0.726825085,0.394485138,6.757486138,42.31481878,97.41935183,14.64800191,0.482759203,107.9548057,29.91526933,29.61145815,0
Dominica,2013,0,72.64591636,82.27680781,18.40729866,-4.566107677,55109.17077,77.95280997,8.03980775,7.578717455,18.36951619,5.293090885,46.8583322,104.0456509,0.962378423,-2.596077254,161.9049972,59.08880056,47.68709791,1
Dominica,2014,0,149.8430817,48.86245907,35.50658962,-2.961898885,11713.62743,41.06471263,7.915584342,9.354482348,19.15657293,10.3939452,24.66152586,75.194564,1.050847391,1.810746368,134.7127345,30.24177867,34.88666653,0
Dominica,2015,1,27.14561989,80.72276358,17.70950487,-8.113746971,47758.57069,40.35213774,8.012694737,9.041786199,1.267191144,11.65187595,86.43913258,109.9140834,8.926748474,-2.344692071,156.5407781,12.63416889,76.55328866,0
Dominica,2016,0,95.21043637,51.62111354,38.30612469,-1.437438986,58010.3582,53.46289508,-13.05536999,-14.77564849,0.603877304,1.98558887,54.08913722,117.0686451,3.751015693,4.217268126,72.98824435,45.59042113,89.76070828,0
Dominica,2017,0,30.73438054,94.68692091,38.12081147,9.665152219,43707.43593,56.0775114,-11.97605596,-12.94163544,-8.579673343,7.148966103,7.275334734,121.7980163,6.153468505,3.221764286,159.3482443,44.20791814,66.23316879,0
Dominica,2018,0,40.0877079,53.77348907,10.07145308,-3.423339062,59573.66888,84.91111242,9.692645243,9.77138062,19.88461887,9.613289914,-14.20911683,85.29875448,12.45760729,0.17463306,119.2292162,63.41041811,52.81246457,0
Dominica,2019,0,77.14318243,51.63573447,11.20589387,7.528585497,39167.75168,27.37732112,-2.809979465,-1.982914386,-9.030833159,6.633403159,-39.34074878,122.9133011,2.982730263,2.82422744,55.06519035,70.59717176,99.73141127,1
Dominica,2020,0,86.35981708,80.65646754,35.19359246,6.863982832,13282.38251,81.27548276,-9.044648679,-8.787278791,-1.883947982,5.205765134,-25.19587442,23.31193542,10.78949905,-0.902666941,85.1737331,34.81279421,21.69673082,0
Dominica,2021,0,53.64301309,83.94199226,18.74663216,9.041168366,12468.02377,54.42304361,4.241612212,4.079536979,-19.88263769,8.035142943,98.90244281,108.4525677,7.567282699,-0.612749415,53.86345876,41.46311071,44.34728674,1
Dominica,2022,0,61.13942701,59.90402029,5.15308938,5.802190245,19676.48777,26.55560272,-8.39286947,-8.733955829,-6.030708364,3.606473087,11.0150344,50.63241442,13.57436539,-0.172798348,118.5311783,42.92802938,42.29385221,0
Madagascar,1980,0,31.30571263,26.18180321,14.58551369,3.191936541,725.6622072,25.98823462,3.1803922,3.169979196,-17.14238798,4.515038044,84.80308409,55.16763792,3.451559323,5.756658003,169.55174,32.81158324,48.49628784,0
Madagascar,1981,0,59.4185719,52.09824079,25.91701476,7.131688885,40997.39866,32.9194393,5.932144446,5.538253565,9.752990815,11.91118158,-24.41459647,31.86922186,12.05653175,1.364647071,81.60370203,79.12146919,38.44765929,0
Madagascar,1982,0,145.6525971,97.12652526,32.97430881,-8.487106387,16339.46674,60.38279048,4.606584432,4.854564898,2.440578121,7.819351345,13.8041307,45.01099427,7.198065902,2.261823532,134.4171841,70.79528819,41.14102683,1
Madagascar,1983,1,142.8119596,77.76875737,9.668601598,-0.743386856,48966.43897,19.23523179,-8.148804795,-5.820893001,2.886875092,10.53866393,94.07777006,148.9610703,9.154529613,3.712582867,80.07006716,67.79696022,40.61416879,0
Madagascar,1984,0,63.53417772,83.00463435,8.868947755,9.785124772,21742.60724,91.63502398,-4.959535648,-4.16255977,-8.539548564,9.7893379,-36.33016229,74.00071697,1.382301258,-0.131932723,92.75561376,45.07815843,60.45952406,1
Madagascar,1985,0,94.21101172,12.95429489,37.27324288,5.392003026,28953.40266,55.36582134,-4.668724919,-3.332999669,12.59585161,8.001134376,39.09764257,140.6095018,3.07547375,-0.959336845,85.32219395,66.49612495,51.28442216,1
Madagascar,1986,0,138.2474008,52.10735164,31.29019287,9.241507561,57951.62832,91.60165658,-2.718177047,-2.133278245,-19.86916299,10.16838445,87.8757851,41.17693867,11.60036822,5.682166552,146.7507007,28.68087532,71.14240816,0
Madagascar,1987,0,20.80389694,68.19590203,25.64228603,5.592687123,14757.67575,-0.127542349,-10.81567871,-9.957572617,-6.655952833,3.802322697,92.45250594,46.52764947,3.358626618,0.893538521,129.0093417,49.24546275,61.15209279,0
Madagascar,1988,0,125.3888641,84.70294153,31.92153765,7.497639349,43358.86962,30.9741939,-3.68824874,-3.218149769,6.379899618,7.826839161,76.90112157,92.515736,1.387947413,-2.985682561,158.1948719,37.50426429,34.67374819,0
Madagascar,1989,0,143.2880419,14.43462882,20.00990265,4.130592646,45380.53202,-2.605195628,-2.230425237,-5.069226104,16.3169015,7.29194013,78.39016485,65.43923031,8.958049234,4.539464687,82.9915156,21.99393381,84.80359831,1
Madagascar,1990,0,31.87234546,86.71949971,31.54595116,5.210040088,13493.59,23.58644059,-1.707275085,1.290315208,-10.61536172,7.657825409,47.82744312,103.7089771,8.219047742,2.396977452,51.37228036,15.0829402,57.77561587,0
Madagascar,1991,0,40.98819918,59.35608431,18.01310469,0.463560197,30209.51115,85.51067959,5.49751075,2.699166191,1.644002069,2.439267162,-16.93653379,74.86605484,9.118408935,-1.482972936,152.0764351,49.07528681,32.25852143,0
Madagascar,1992,0,144.8970194,27.75825735,13.54331004,8.484754016,21207.05494,-1.155979837,-2.066637538,-2.695749489,1.519656821,3.68829496,59.60178167,125.5076409,9.274582445,-2.728742761,67.22809377,16.83473944,33.35038743,0
Madagascar,1993,0,89.88021867,38.55296948,30.51546975,6.500778212,46382.80273,40.79544549,-9.230401937,-11.59970787,14.96697476,3.796570666,96.75766967,76.10267925,7.502960188,-0.376658121,86.94578366,60.26021677,83.75747284,0
Madagascar,1994,0,21.84556248,35.37365966,19.68853023,6.877699313,37462.25415,7.3445424,1.578218456,-0.840210841,-17.97932442,7.42238087,28.8900272,94.40539372,7.406608809,5.350983859,95.85292287,74.50279351,76.23945474,0
Madagascar,1995,0,53.49215984,57.77731309,39.34819865,3.460182019,28716.18838,38.76826922,4.932853602,6.694015312,-3.020977557,11.68428913,-10.89539614,61.739516,13.86248348,5.40142053,162.0203138,21.34742768,60.5222362,0
Madagascar,1996,0,78.49267765,14.65171119,17.23198138,-3.908401058,46827.98692,83.07941635,-7.015708339,-7.460153663,-12.70137301,11.47177684,36.02066016,111.5253284,8.008225873,-0.200968623,143.8837716,42.9657005,44.48652078,1
Madagascar,1997,0,110.0781584,24.26825426,37.26045972,-9.287404092,14338.78753,60.42245851,1.132648225,2.939480475,-19.13869599,3.112679859,53.59155344,105.1154472,9.259503036,4.523378935,77.63981548,61.71422151,56.84176294,0
Madagascar,1998,0,115.3108492,83.1423739,37.6536892,8.713102588,45291.22627,72.35941626,-11.3265501,-12.68983128,-14.11876238,4.005720295,-18.75795359,71.61013426,4.004540879,0.976607909,139.6831716,30.07877627,70.91868297,1
Madagascar,1999,0,149.4047967,21.93435917,13.46485315,1.722406976,51962.84643,31.65593212,-6.451842386,-7.913065635,19.05882691,0.914711761,57.87840214,55.88417336,13.06639801,2.889102742,156.2221993,74.45351637,90.34258539,0
Madagascar,2000,0,57.37645592,31.00566425,32.93774136,-4.037140577,52753.70933,94.16175798,7.730598239,6.23798653,-11.40605962,5.086379283,38.11492883,99.83356873,0.36552139,0.009994883,108.3345804,72.19258912,64.46942941,0
Madagascar,2001,0,89.96861324,50.8033545,20.15760768,-7.017297843,47085.3135,69.47251985,7.782704079,8.479577838,17.40123093,10.0987524,41.85248637,142.6097144,8.358401434,1.643753366,86.8929371,17.2628049,42.13882358,1
Madagascar,2002,0,89.33206122,56.54087993,37.11336545,6.59046331,24658.44577,39.28887602,-0.616885531,1.273110808,-11.78982629,11.031145,-4.101810539,37.24359312,5.757754428,-0.355984981,151.8474159,11.91798401,23.41919318,0
Madagascar,2003,0,72.73388373,78.72494317,20.75434954,6.730403889,58913.93896,39.77880402,2.558786522,2.272352582,17.2518091,3.219709515,-26.70997848,123.8851604,9.058562933,-2.449970739,141.63368,78.35209381,34.03640447,0
Madagascar,2004,0,41.9910462,50.2599184,31.05063011,6.290159363,22961.74054,91.46183868,6.35038538,5.625878724,6.184837408,3.556636445,43.5174843,90.58893047,5.402580747,-1.745596324,61.68682377,76.95325173,72.01420965,0
Madagascar,2005,0,147.0693532,81.08781589,21.34385932,2.901653839,38425.93633,55.52249281,8.963829633,11.80530696,-15.4712569,3.03977289,37.93494837,88.32276037,10.76531868,-0.38392955,150.001946,39.55999231,32.83495735,0
Madagascar,2006,0,130.9312343,65.65116763,12.97302645,-2.679692248,9916.128431,69.16981704,-2.752838993,-5.052314777,3.276606205,4.526191027,0.701828157,145.0189392,0.304971645,5.786284056,123.2776899,13.53943269,58.52316425,0
Madagascar,2007,0,84.78329368,20.17897655,11.97725451,-3.918594304,58832.79925,38.78869857,-0.960606584,-1.040810492,-7.259438498,9.754733084,-5.615949868,98.76372368,6.088341582,5.691049352,163.0053435,53.32128869,75.91640124,0
Madagascar,2008,0,98.42190495,24.06982946,19.8900918,-9.828904598,42327.95954,18.4877403,-4.608960834,-5.158034315,-4.673873761,7.938860904,2.086669249,127.9673176,12.468954,4.448970082,78.60763128,30.53870752,44.65799211,0
Madagascar,2009,0,49.54393696,49.33303529,31.442313,6.672151174,45276.63945,70.97372566,-13.20045157,-15.61169199,-2.393161687,9.538320555,23.48250077,86.88204235,3.753010767,-0.90744554,88.73246269,75.57060908,73.52847118,0
Madagascar,2010,0,90.69231915,45.72004538,26.17750198,-8.25134605,4226.869194,58.82149607,-4.429913189,-5.820711016,-3.091719099,7.204857723,96.22296027,52.48093774,0.791263176,0.974419265,131.4969109,65.62633475,66.48576493,1
Madagascar,2011,0,110.3461173,76.91898427,29.10202515,2.615099961,45876.04351,47.64100244,4.765683485,1.93633076,6.564355619,3.463930398,64.5346933,110.2837353,7.447861118,0.958045546,122.2600292,55.47156489,55.11512855,0
Madagascar,2012,0,86.97171369,62.26634258,14.88142228,0.081498937,46550.98872,60.5221987,5.12213745,7.383863184,10.73472274,3.121933072,77.76096087,140.0129976,14.64800191,0.482759203,107.9548057,29.91526933,91.77963831,0
Madagascar,2013,0,148.7370722,44.93197729,21.85023711,0.533787179,40404.83176,16.86998654,7.309427865,7.956525039,-6.832892432,0.603508117,25.84743534,129.3599124,0.962378423,-2.596077254,161.9049972,59.08880056,75.36471123,0
Madagascar,2014,0,99.47441531,25.36842551,6.553834274,8.534256906,17727.00394,78.36356419,-13.71333237,-11.82322138,16.97455847,9.481294574,28.91854177,45.78726881,1.050847391,1.810746368,134.7127345,30.24177867,48.84776265,1
Madagascar,2015,0,68.22658264,30.41533921,33.61363456,-9.367699775,29534.49552,94.55709453,-1.82113526,-1.691808546,17.53865256,10.2418941,-19.35130078,61.19558548,8.926748474,-2.344692071,156.5407781,12.63416889,84.34116268,1
Madagascar,2016,0,120.3797636,61.79509166,39.64622568,5.467844493,6892.931967,88.56583014,-12.3143878,-11.71732883,-18.37238251,9.335249896,58.15687545,87.19448762,3.751015693,4.217268126,72.98824435,45.59042113,79.04817713,0
Madagascar,2017,0,42.16012651,48.10949244,19.24076719,-8.958952033,28453.74787,28.75075326,-9.981445421,-8.776318554,-19.40364844,1.355623664,13.23760087,94.30842838,6.153468505,3.221764286,159.3482443,44.20791814,83.33471724,0
Madagascar,2018,0,69.98705578,56.3434758,5.38372786,-9.236927881,14856.284,37.63060619,7.50541256,9.953482324,-2.997346794,9.265548712,61.36702882,45.19583488,12.45760729,0.17463306,119.2292162,63.41041811,71.27647864,0
Madagascar,2019,0,65.10466355,25.36096918,10.94274238,-1.403646037,21141.09009,79.88224148,-2.580218539,-5.029707212,3.62581004,1.026325711,11.3583072,49.9016042,2.982730263,2.82422744,55.06519035,70.59717176,50.34964927,1
Madagascar,2020,0,76.13492236,69.66156271,27.83844072,-8.738496513,10007.24438,57.48729874,3.963623022,2.949313391,-8.883810102,1.714320256,-33.72242192,118.648039,10.78949905,-0.902666941,85.1737331,34.81279421,47.88628125,0
Madagascar,2021,0,121.6313774,86.72848668,26.42277614,5.782879026,14034.24575,52.53101659,-13.39039735,-12.13624021,-9.623449957,5.565466789,-24.04194683,114.9412642,7.567282699,-0.612749415,53.86345876,41.46311071,72.33210886,1
Madagascar,2022,0,82.94249418,33.21455561,32.57526519,0.591261873,4871.147917,92.29740659,-4.579337402,-1.829234024,7.133353188,5.975690603,71.73551171,129.0971459,13.57436539,-0.172798348,118.5311783,42.92802938,30.47200064,0
China,1980,0,123.2218785,54.23628032,13.88594038,-9.419224347,55218.11158,51.2826209,1.856007017,4.740851588,4.068171386,9.885364321,-11.20752657,141.2808749,3.451559323,5.756658003,169.55174,32.81158324,85.59314804,0
China,1981,0,94.94355741,97.79745961,31.72711704,-9.18998627,31965.51807,49.06856136,-11.66483797,-10.83621991,-13.314125,8.314559258,-10.34683661,60.07394546,12.05653175,1.364647071,81.60370203,79.12146919,49.62683072,0
China,1982,0,64.46902651,39.99175665,29.07944075,2.253370595,23985.49568,-0.588047917,-6.854553022,-8.692962156,15.38003853,2.263182054,89.4052135,131.7473444,7.198065902,2.261823532,134.4171841,70.79528819,70.42975915,1
China,1983,0,125.2972367,63.55417104,16.29850742,6.122236353,32241.244,2.288780652,-13.38630487,-15.67105141,7.199042806,3.100688007,48.64534343,106.5815329,9.154529613,3.712582867,80.07006716,67.79696022,59.92511319,0
China,1984,0,50.97765717,18.11761302,24.09208518,-1.244009375,37809.10574,-4.220867673,1.283498522,3.959760387,-5.496950033,3.785264665,-32.85386692,144.5101551,1.382301258,-0.131932723,92.75561376,45.07815843,61.54611936,0
China,1985,0,49.16978737,64.54135022,10.1545833,1.091613431,55336.16396,90.89064371,9.272281476,8.875847613,7.3449876,1.922235331,-28.46220948,55.36964028,3.07547375,-0.959336845,85.32219395,66.49612495,79.0404917,1
China,1986,0,85.58538013,18.0668596,20.83975762,5.996589081,10967.96925,37.8805993,5.676137279,3.845033478,-15.49387653,3.807916193,-9.144885092,55.05729521,11.60036822,5.682166552,146.7507007,28.68087532,70.13360429,0
China,1987,0,53.91040198,96.33118918,35.84190688,2.210123481,17944.48417,44.19894449,9.36557792,11.96893301,-1.269755017,8.878878789,39.09935317,111.5581483,3.358626618,0.893538521,129.0093417,49.24546275,40.02471907,0
China,1988,0,21.18131454,74.40963869,19.74169829,-5.504795247,58554.62338,83.7656295,6.140119877,3.767265507,-13.24062362,3.276116906,62.92382049,140.6934006,1.387947413,-2.985682561,158.1948719,37.50426429,25.93807451,0
China,1989,0,104.2786785,80.93438093,34.38483473,2.261040517,22460.2213,58.97086259,6.379895155,7.757321736,-18.34275015,10.10663594,-8.825533482,127.1922572,8.958049234,4.539464687,82.9915156,21.99393381,87.21872539,0
China,1990,0,86.44219679,73.36939247,25.65886778,2.565589181,1646.93055,58.99766762,-0.570570116,0.18100805,-6.466949188,5.899445444,80.59630561,114.5151425,8.219047742,2.396977452,51.37228036,15.0829402,90.79152598,0
China,1991,0,77.91731588,63.07561325,11.71568496,4.682139618,9114.31651,26.13611508,-2.043692215,-4.517284228,-13.97058066,4.213761254,-33.62297317,70.35019575,9.118408935,-1.482972936,152.0764351,49.07528681,33.15972263,0
China,1992,0,145.7059069,50.4921503,25.33871856,2.417483751,1872.420494,82.56037926,-4.843643339,-5.811150565,5.340718278,5.242808202,-18.86012479,113.3097535,9.274582445,-2.728742761,67.22809377,16.83473944,44.75816535,0
China,1993,0,94.25589392,87.25360418,22.70941652,9.384842609,59398.4116,12.41214748,5.452372376,3.351956513,6.962715761,8.659212517,95.56973817,124.1424249,7.502960188,-0.376658121,86.94578366,60.26021677,42.58739055,0
China,1994,0,132.2461051,96.11521008,18.95244673,-6.054233826,16948.58968,0.580707178,-10.44830969,-9.821318138,-14.05230775,6.443116087,-29.78827045,117.9271384,7.406608809,5.350983859,95.85292287,74.50279351,94.99588486,0
China,1995,0,38.12853071,54.91325556,9.187065383,9.021813591,55435.50259,15.11835254,-13.5943771,-13.73169891,-19.01547978,0.583704636,83.21669616,107.9854038,13.86248348,5.40142053,162.0203138,21.34742768,36.38219055,1
China,1996,0,93.99684021,93.83815442,19.58480323,0.766789807,59754.41066,23.11240797,8.697345567,5.722996315,11.71242247,11.10672424,55.59026131,26.12706272,8.008225873,-0.200968623,143.8837716,42.9657005,33.32313857,0
China,1997,0,132.8373515,62.4999619,7.546683168,3.43912281,36110.5209,24.64266107,-14.90554537,-12.05128197,-19.91771917,1.258954035,-39.0369364,105.7629413,9.259503036,4.523378935,77.63981548,61.71422151,34.54708398,1
China,1998,0,95.80374845,58.45457682,8.456916799,-8.010768051,2281.820009,65.40392785,9.420733047,8.518240946,-6.243476433,11.29414551,22.55602433,82.17830521,4.004540879,0.976607909,139.6831716,30.07877627,78.38953409,1
China,1999,0,113.3418432,50.90344597,19.55707865,-2.388481172,5171.020334,17.87158167,3.221334247,1.770560604,-0.216668078,0.823757472,27.84690297,145.0040053,13.06639801,2.889102742,156.2221993,74.45351637,91.04158754,1
China,2000,0,68.36566382,28.83589854,15.68835187,5.387582929,29050.86659,66.04912197,-6.787527008,-8.452869273,12.74568754,9.366262352,89.82094471,98.93468484,0.36552139,0.009994883,108.3345804,72.19258912,51.46939285,1
China,2001,0,32.01843721,10.33476947,37.39405141,4.138220302,24548.46917,4.56887819,2.445496077,0.398391454,13.54234571,6.648759144,13.16568896,99.06954331,8.358401434,1.643753366,86.8929371,17.2628049,30.88639235,0
China,2002,0,79.52703837,31.73556042,18.14970319,-9.197212237,36488.78516,10.45625842,5.44687893,8.441701387,8.997577624,6.315851077,17.01454232,149.2271744,5.757754428,-0.355984981,151.8474159,11.91798401,66.85775979,0
China,2003,0,71.28232081,55.87508544,31.52503427,0.93188527,26499.21424,48.42625209,-8.8659486,-10.09529179,-10.1120951,1.336952779,-33.12743678,32.16641267,9.058562933,-2.449970739,141.63368,78.35209381,36.79479667,0
China,2004,0,132.7178237,44.1963957,23.55866342,-8.234436141,56064.3879,91.79905927,4.272392082,3.705473065,8.807477373,3.245567619,45.87588452,55.92111706,5.402580747,-1.745596324,61.68682377,76.95325173,25.13211579,1
China,2005,0,51.71938931,50.36367052,29.6429984,9.917128584,32223.96101,85.25459683,5.109240625,7.337376122,-10.13843208,9.441794146,-18.36545362,105.2903271,10.76531868,-0.38392955,150.001946,39.55999231,90.89851027,0
China,2006,0,145.6754496,98.25833976,14.10405941,7.945931771,41715.44587,96.71911146,-8.766134247,-7.914809226,-11.41567233,10.74948804,-38.37001127,60.98071328,0.304971645,5.786284056,123.2776899,13.53943269,89.66730211,0
China,2007,0,144.5579556,41.52451336,37.96667405,-9.578386791,53820.17078,63.30030185,-13.95184114,-14.73967467,1.885118169,6.584864832,99.53785001,64.99951923,6.088341582,5.691049352,163.0053435,53.32128869,98.07281282,0
China,2008,0,52.1921136,50.69646454,23.55309739,7.172991578,9068.250987,65.96056097,-9.896942886,-7.506972271,7.154177753,4.563449058,-9.555555806,136.0438422,12.468954,4.448970082,78.60763128,30.53870752,57.92038039,1
China,2009,0,65.24675421,22.01639962,34.09634249,8.388592011,14015.15885,60.62741489,-9.983839778,-8.485494564,-17.87792936,1.189346893,-28.84202523,95.31600766,3.753010767,-0.90744554,88.73246269,75.57060908,43.52009586,0
China,2010,0,136.4222463,14.31619592,17.77659927,-2.929035549,6706.92403,60.3959869,-13.36898865,-15.0015856,-17.59909596,8.34505305,54.92355619,33.37252576,0.791263176,0.974419265,131.4969109,65.62633475,81.58269965,0
China,2011,0,145.6608887,79.78685631,8.507397217,4.390033101,8636.412434,10.44763623,3.150184616,4.012618584,11.36682747,3.702136023,73.25232339,60.41213615,7.447861118,0.958045546,122.2600292,55.47156489,34.43959457,0
China,2012,0,77.64708337,61.36148576,28.57990767,-1.157925076,30901.26283,52.0925904,-5.500626889,-2.966235899,14.37989004,1.132657722,-40.38837603,29.88758894,14.64800191,0.482759203,107.9548057,29.91526933,39.46336615,0
China,2013,0,61.72961593,78.46343254,5.271587692,3.104649692,19474.40176,35.53713301,7.109654186,7.088419457,4.177636654,8.157294885,-34.19100388,92.29689135,0.962378423,-2.596077254,161.9049972,59.08880056,40.4546101,0
China,2014,0,88.39222172,23.4876519,21.63525418,-3.193651914,25563.41852,41.46640766,-8.695722358,-7.294047941,-2.846879612,6.085777626,-36.47392646,42.52486553,1.050847391,1.810746368,134.7127345,30.24177867,96.12955279,0
China,2015,0,109.4099968,61.46458941,11.74806659,-3.548815267,58954.64296,49.97806017,-3.669195873,-0.842573409,13.81265918,0.637564722,-42.9561045,131.4249695,8.926748474,-2.344692071,156.5407781,12.63416889,78.38583351,0
China,2016,0,55.551687,32.82782269,26.95814266,-1.511322223,9655.249563,8.481598039,0.975435723,2.117920569,9.152681311,1.77562645,48.9184718,95.05082344,3.751015693,4.217268126,72.98824435,45.59042113,30.69558341,0
China,2017,0,115.7415127,30.52556352,39.27969556,-7.088644827,32586.48063,32.74621205,6.936623742,4.55125588,3.183767937,8.540822186,38.24697846,27.71883345,6.153468505,3.221764286,159.3482443,44.20791814,27.42767025,0
China,2018,0,26.71545642,11.03734126,21.25410172,6.622779289,6202.607957,1.662203892,-1.88447246,-3.417115154,-7.209715122,1.23222033,49.42099848,59.11383627,12.45760729,0.17463306,119.2292162,63.41041811,87.42518829,1
China,2019,0,26.40828406,21.73066512,33.61243898,-3.026042093,19314.2299,97.86515369,-5.661884305,-5.091305681,-12.08019753,10.45857525,25.85007449,100.1238967,2.982730263,2.82422744,55.06519035,70.59717176,84.18194584,0
China,2020,0,70.21740167,37.83413003,22.77244654,-1.997008922,31793.29764,7.445443026,6.675376962,5.328711854,-3.253078429,4.08025219,72.62615281,63.61478137,10.78949905,-0.902666941,85.1737331,34.81279421,73.67956624,0
China,2021,0,65.95151497,20.51908845,22.35440109,7.881092254,56813.91523,22.14509755,-7.243839383,-4.49858915,-8.527096962,1.51966441,32.00024537,86.71296692,7.567282699,-0.612749415,53.86345876,41.46311071,35.68805219,1
China,2022,0,61.032318,98.72725964,37.56482226,-0.067523719,23656.32481,88.5857573,-13.01440751,-13.58229531,-6.429656491,9.237209849,87.81204022,138.2170983,13.57436539,-0.172798348,118.5311783,42.92802938,58.42268311,0
Nicaragua,1980,1,83.83256915,37.77693837,36.14880541,0.885078187,4174.929764,45.68455486,-3.873947312,-4.130564878,0.625242212,6.530913196,22.84727988,65.50467617,3.451559323,5.756658003,169.55174,32.81158324,68.21807564,0
Nicaragua,1981,0,61.6953657,21.7291552,32.50301628,9.129962496,23473.23844,9.24190616,4.627332662,5.836945223,-13.23624172,4.026360372,68.59879918,63.66347212,12.05653175,1.364647071,81.60370203,79.12146919,94.57100215,0
Nicaragua,1982,0,44.9935294,27.91740815,15.36895137,7.734527663,9000.7482,35.34420649,-14.23047921,-14.08498082,12.2470672,5.170130929,11.10405305,126.5683894,7.198065902,2.261823532,134.4171841,70.79528819,33.55389922,0
Nicaragua,1983,0,60.23104138,62.89329055,24.07529455,-6.610665822,14030.37991,7.16613939,-0.352943875,-1.060068074,-14.17882153,0.746242549,15.28358422,61.43834798,9.154529613,3.712582867,80.07006716,67.79696022,61.23574457,0
Nicaragua,1984,0,146.7375555,15.76391715,12.83640317,-0.535699402,37200.0102,16.02267969,-0.138398787,-2.678571536,-0.760254423,8.121033182,77.34880679,30.13458474,1.382301258,-0.131932723,92.75561376,45.07815843,32.62013111,1
Nicaragua,1985,0,73.44474421,87.61907171,20.53708443,9.425924549,4325.204812,0.46313393,8.213544086,8.792217623,9.838853523,4.706397423,-33.8510247,43.52284405,3.07547375,-0.959336845,85.32219395,66.49612495,55.50794725,0
Nicaragua,1986,0,77.81266099,96.53497113,21.9474573,-2.552674035,28044.00825,41.01388693,-7.838379571,-5.632899387,-0.599171692,8.711432052,34.73766325,143.3440326,11.60036822,5.682166552,146.7507007,28.68087532,36.01079797,0
Nicaragua,1987,1,94.95084869,32.20726786,34.10740141,-2.56853783,36684.85668,79.69679278,-8.02908467,-6.914510019,-5.559117456,7.723968178,58.95047017,141.328063,3.358626618,0.893538521,129.0093417,49.24546275,86.89489667,0
Nicaragua,1988,0,147.8342999,50.50857417,36.36099279,-6.099395364,25484.94602,56.52676376,-3.987908717,-4.698938656,-1.004347767,7.989423138,62.56309231,49.2255718,1.387947413,-2.985682561,158.1948719,37.50426429,40.37890221,0
Nicaragua,1989,0,51.40816594,11.99210059,19.51170218,-7.713537718,1441.843132,58.66625708,-6.077127463,-8.310771075,13.94682795,9.618266177,38.72402908,91.9552435,8.958049234,4.539464687,82.9915156,21.99393381,53.3683773,0
Nicaragua,1990,0,108.5666744,67.66392023,5.619655578,4.806095815,59135.50561,16.06132316,3.408646567,5.306675689,19.61726793,7.758317901,17.20967262,37.85785305,8.219047742,2.396977452,51.37228036,15.0829402,52.6230122,0
Nicaragua,1991,0,113.0780102,47.25334522,35.16208439,5.400609374,22216.81131,31.10885354,1.043801928,3.694292102,5.245731572,5.315348186,-10.88263342,107.7080917,9.118408935,-1.482972936,152.0764351,49.07528681,89.3035968,0
Nicaragua,1992,0,98.95217418,34.30526195,11.09975375,9.38025927,46781.05806,83.7504209,3.973025948,3.302663892,11.73776171,4.98416696,86.4139353,44.08975348,9.274582445,-2.728742761,67.22809377,16.83473944,80.62379718,0
Nicaragua,1993,0,31.51518415,28.61533996,26.76586874,5.468364218,19741.09558,4.224899354,5.50104478,6.872897915,-19.42045255,1.875194228,5.468192128,26.47275498,7.502960188,-0.376658121,86.94578366,60.26021677,24.60603912,0
Nicaragua,1994,0,107.9933959,68.86207699,5.873981515,-5.132950119,28658.50039,85.08271864,8.074528318,7.539108958,15.21457638,9.463599251,69.84881328,127.2365849,7.406608809,5.350983859,95.85292287,74.50279351,25.36699657,0
Nicaragua,1995,0,28.33231243,47.45953279,18.98272663,-9.197668434,23491.27946,45.78745276,-4.226581705,-4.212980072,18.1619904,9.25274708,-45.25015806,62.30204975,13.86248348,5.40142053,162.0203138,21.34742768,64.09577961,0
Nicaragua,1996,0,97.49854444,26.16933601,39.50861057,9.708747687,20749.592,82.90048029,9.617434737,11.63629302,3.00677367,3.332431221,-15.1746178,34.10791246,8.008225873,-0.200968623,143.8837716,42.9657005,54.21752219,0
Nicaragua,1997,0,116.145553,72.01981733,8.524276039,-3.190986089,1604.527219,28.39067404,-9.608479665,-12.10793361,10.15219448,10.420842,1.837718933,128.4075136,9.259503036,4.523378935,77.63981548,61.71422151,42.04673764,0
Nicaragua,1998,0,47.42608578,60.85650547,19.82926032,-3.760569151,21793.24999,30.57850992,2.859129049,3.041141141,0.509789718,7.273537465,50.7361095,119.1116721,4.004540879,0.976607909,139.6831716,30.07877627,83.40967506,0
Nicaragua,1999,1,129.410861,87.28048494,15.75024826,8.119104195,53402.55243,73.91851117,-1.649767067,-3.362045419,-8.551850382,6.004898688,-2.100378926,108.8885986,13.06639801,2.889102742,156.2221993,74.45351637,30.29081375,1
Nicaragua,2000,0,23.94599472,20.5728309,36.67808432,1.701997971,41516.48231,77.42459821,5.422514867,4.46135054,14.08991888,0.701207469,-43.79542988,138.4623323,0.36552139,0.009994883,108.3345804,72.19258912,97.92455303,0
Nicaragua,2001,0,129.6956723,80.70999418,35.42690378,-5.702576523,8981.744688,19.11269119,-3.080736985,-2.214164037,3.87346848,4.901523637,-23.91987259,83.59939129,8.358401434,1.643753366,86.8929371,17.2628049,21.92820054,0
Nicaragua,2002,0,79.84277658,70.61651081,13.31945661,7.781924854,35591.95378,97.15148911,4.598465884,1.761836358,3.175323352,7.867713835,-11.12519714,36.64734469,5.757754428,-0.355984981,151.8474159,11.91798401,29.45845797,0
Nicaragua,2003,0,48.28643219,20.35098431,7.841572547,9.867217101,53566.18234,3.871460946,8.254217866,8.81716846,6.365288154,1.532100133,-23.59287801,27.97503329,9.058562933,-2.449970739,141.63368,78.35209381,44.90533234,1
Nicaragua,2004,1,37.39115885,72.53386569,26.94984379,-8.266428777,42092.03225,2.192811126,3.307356654,2.00801009,14.24012663,5.785024052,-19.44131598,61.39733233,5.402580747,-1.745596324,61.68682377,76.95325173,60.73192762,0
Nicaragua,2005,0,143.9299318,49.739256,16.77290492,7.245032566,9176.458224,57.52794261,4.402357155,5.41926332,9.276245031,11.92451344,65.3435411,31.28800792,10.76531868,-0.38392955,150.001946,39.55999231,37.29089268,0
Nicaragua,2006,1,29.44652639,95.0486307,28.52295367,-2.189686046,52109.60006,70.88778062,-13.32061422,-15.47112611,-11.55503223,8.740194328,11.80504659,89.61622725,0.304971645,5.786284056,123.2776899,13.53943269,78.89721191,0
Nicaragua,2007,0,45.88214459,22.74502156,6.124191462,0.48144893,18302.17759,95.89304357,-9.876058444,-8.461188821,-1.327058224,6.789015206,10.7768867,21.88487232,6.088341582,5.691049352,163.0053435,53.32128869,48.60335227,0
Nicaragua,2008,0,65.21690517,67.85500517,9.668973231,8.296319515,27408.34582,37.51930698,9.357593513,10.23143183,19.21193328,6.629878177,94.9909505,77.6892292,12.468954,4.448970082,78.60763128,30.53870752,23.08306667,0
Nicaragua,2009,0,100.6305304,44.37820409,29.02302815,9.467583916,31710.72275,-2.344402056,2.329675095,5.157126092,2.182428551,1.003298446,17.00527569,43.19983768,3.753010767,-0.90744554,88.73246269,75.57060908,90.2177574,0
Nicaragua,2010,0,90.82414109,96.11332035,12.43297294,-4.756721792,51075.24428,58.30411564,-0.963774567,1.503637612,17.52981414,11.50911603,89.14871988,67.8748457,0.791263176,0.974419265,131.4969109,65.62633475,95.50925385,0
Nicaragua,2011,0,36.33365401,39.69774058,35.01556865,-5.742984581,55916.96746,25.41808216,-5.825590665,-7.125773486,12.53477945,11.17404309,-5.140535267,107.7544297,7.447861118,0.958045546,122.2600292,55.47156489,69.48508979,0
Nicaragua,2012,0,57.66463789,96.59673185,7.05068107,-8.389668828,55800.2768,40.45944773,-13.89027497,-16.72637553,6.640937672,8.347654173,10.09393899,65.62529024,14.64800191,0.482759203,107.9548057,29.91526933,84.52291109,0
Nicaragua,2013,0,51.03773024,91.1337266,12.5418694,1.235957053,774.8646223,46.28929564,-5.771602301,-4.839390934,-6.025391894,1.638633971,9.44250341,64.37418534,0.962378423,-2.596077254,161.9049972,59.08880056,29.6889231,0
Nicaragua,2014,0,47.76057108,34.33449118,39.9496087,-9.727912091,55336.74259,1.773824127,-2.527178168,-1.909853834,-7.827226099,2.890089813,31.91182485,148.7975953,1.050847391,1.810746368,134.7127345,30.24177867,41.50562254,0
Nicaragua,2015,0,73.44876374,82.31875991,20.15766359,-1.762034048,3546.90187,46.02808738,-9.713512265,-12.54893965,5.736842612,2.614959663,37.63709363,113.445914,8.926748474,-2.344692071,156.5407781,12.63416889,46.01853501,0
Nicaragua,2016,0,111.5240888,99.60437816,29.60379822,-8.532319667,16166.68731,39.76356501,-10.67158022,-12.93551504,-2.697550366,6.475152579,-12.78124564,86.80202254,3.751015693,4.217268126,72.98824435,45.59042113,96.86025336,0
Nicaragua,2017,0,48.26888119,32.7396702,11.39320671,-1.895484341,31044.77493,69.81714786,-2.289586216,-1.781375989,11.95014491,2.889744557,69.03763756,95.31883463,6.153468505,3.221764286,159.3482443,44.20791814,60.97781119,1
Nicaragua,2018,0,67.66825436,49.30994524,26.34540572,-9.201356215,28951.56363,62.79492068,-0.352394109,2.118569475,10.41826958,8.501706458,24.4788932,100.6237421,12.45760729,0.17463306,119.2292162,63.41041811,20.59308471,0
Nicaragua,2019,0,70.81926549,56.81626629,30.41371239,6.704345212,36401.1747,14.44765041,-9.002052029,-6.56305037,-7.51478053,6.770143689,-48.94346697,23.19480186,2.982730263,2.82422744,55.06519035,70.59717176,50.41486583,0
Nicaragua,2020,0,146.9393488,36.54380222,16.00668226,-5.805220121,28922.93986,16.64458641,-0.315263139,-2.406352811,8.109151322,0.703069036,38.701095,30.43439677,10.78949905,-0.902666941,85.1737331,34.81279421,20.62004807,0
Nicaragua,2021,0,144.1066264,11.37383557,34.01139892,-3.433825793,56082.22807,21.35564877,7.508499097,6.815942775,-0.217992396,9.056658226,69.70891623,104.3946157,7.567282699,-0.612749415,53.86345876,41.46311071,39.02445924,0
Nicaragua,2022,0,124.0178858,29.81163198,26.11961525,7.400959932,14660.76624,13.78979623,-3.170668549,-5.911451363,-7.068315967,2.671530472,-12.42998933,67.38095165,13.57436539,-0.172798348,118.5311783,42.92802938,56.37600537,1
Sudan,1980,1,51.41565971,35.37431959,18.61930534,4.925321227,16659.27423,64.00738597,6.43475424,6.250385318,-3.481336289,9.986178876,-44.3193486,27.20772523,3.451559323,5.756658003,169.55174,32.81158324,45.87144443,0
Sudan,1981,0,28.84485083,49.92397312,24.51748377,-5.619232767,55268.05476,99.41516882,8.181786113,9.700286871,15.81407469,4.583022527,71.07679835,58.67672199,12.05653175,1.364647071,81.60370203,79.12146919,22.61873698,0
Sudan,1982,0,61.1975379,25.39922306,25.18662966,-8.562011627,4881.348971,63.47137575,-12.69014928,-10.95031301,-5.619292315,4.39412632,96.4415074,36.93684465,7.198065902,2.261823532,134.4171841,70.79528819,29.30685779,0
Sudan,1983,0,54.68329143,88.5928921,10.79373524,4.313475537,36690.78107,58.70156235,-12.60471051,-12.61077371,-8.504029067,0.635899361,-38.5154578,139.1207995,9.154529613,3.712582867,80.07006716,67.79696022,64.0709249,0
Sudan,1984,0,85.77035402,73.44200195,19.09563295,-2.185948986,40999.63634,38.042433,-3.098895428,-5.52367738,-5.927711172,11.8588833,90.7055211,46.38030103,1.382301258,-0.131932723,92.75561376,45.07815843,75.64839235,1
Sudan,1985,0,121.1046283,17.66804298,17.02007058,5.321599982,30480.84089,27.82092718,-0.297438892,-1.009255041,-11.41526255,7.5380499,3.891161796,38.67985566,3.07547375,-0.959336845,85.32219395,66.49612495,52.36392098,0
Sudan,1986,0,131.5819821,68.5083206,19.03159529,-1.094104552,41745.64317,90.66274448,-4.352913388,-1.760301629,1.785399496,5.361396911,91.21594129,101.4019462,11.60036822,5.682166552,146.7507007,28.68087532,78.51853971,0
Sudan,1987,0,129.8323311,68.82908288,31.6388706,-3.079951741,10613.45237,96.74519678,-6.83873074,-8.4610554,-14.10254255,1.611146151,47.3258986,87.84855094,3.358626618,0.893538521,129.0093417,49.24546275,33.06663108,0
Sudan,1988,0,66.75782296,96.05990563,21.88884426,-0.975891836,51202.1443,47.16149844,1.024852903,-0.056620397,12.69775146,8.540202738,83.53664687,94.87121902,1.387947413,-2.985682561,158.1948719,37.50426429,29.76463582,0
Sudan,1989,1,109.3404646,10.27187842,37.91106536,4.971179713,8659.533661,25.47105203,-14.94796219,-13.46699914,-10.97679011,3.751400405,67.87495376,76.67325925,8.958049234,4.539464687,82.9915156,21.99393381,87.15629728,1
Sudan,1990,0,60.66844568,32.31392048,15.27867447,8.044405731,24228.50293,75.86283181,9.201832022,10.60331675,3.922201102,11.86522941,-45.80033858,80.73201042,8.219047742,2.396977452,51.37228036,15.0829402,47.13706788,0
Sudan,1991,0,27.91772062,93.50123314,19.54962524,-9.004656068,4792.878798,8.907963041,-9.198022795,-6.724809067,-14.99898004,11.43129463,-40.18362465,121.2436823,9.118408935,-1.482972936,152.0764351,49.07528681,54.57983376,0
Sudan,1992,0,111.2034845,93.89205239,32.54348837,0.482230825,32849.10141,75.38676495,7.927469215,7.256181359,19.13812593,8.955911806,28.86169077,48.58988403,9.274582445,-2.728742761,67.22809377,16.83473944,95.80652819,0
Sudan,1993,0,21.27758183,74.85277774,24.11086077,-9.343291418,40283.8247,80.9895793,-12.27463139,-12.18703904,-1.816981644,11.6673272,-30.55714702,71.54880937,7.502960188,-0.376658121,86.94578366,60.26021677,53.92898623,0
Sudan,1994,0,73.19373637,78.91869889,24.14598512,-0.6318091,56490.93162,8.114914186,-9.047820449,-9.243465682,12.88685363,1.714789418,19.15513587,144.5173,7.406608809,5.350983859,95.85292287,74.50279351,20.27920847,0
Sudan,1995,0,62.81930501,18.23346621,6.866905705,7.705656582,44438.37089,97.57045422,-9.128157473,-6.561644447,10.74591343,3.719026646,93.19454478,44.69814115,13.86248348,5.40142053,162.0203138,21.34742768,95.03775516,0
Sudan,1996,0,110.13908,56.24882513,18.9509882,-2.768194672,32603.84411,98.47879049,9.903822605,11.51980614,8.547721886,3.412297821,-5.786406867,58.19056736,8.008225873,-0.200968623,143.8837716,42.9657005,21.12949068,0
Sudan,1997,0,119.6119115,30.84246922,14.47568063,8.649008422,55977.23593,93.35554533,-14.88498636,-12.89633568,13.09459485,1.328145572,23.33690707,44.90370016,9.259503036,4.523378935,77.63981548,61.71422151,72.9829027,1
Sudan,1998,0,59.53230268,26.30962393,39.9767293,2.612169433,28862.67923,47.08365499,0.990955233,-1.210455154,-15.98145565,11.68060588,7.63894451,22.66441453,4.004540879,0.976607909,139.6831716,30.07877627,45.83127276,0
Sudan,1999,0,125.5115119,82.92729692,15.79242747,8.683106876,33803.97749,20.83778494,6.742164527,8.493244684,7.139887899,1.189701996,44.47404464,55.07789026,13.06639801,2.889102742,156.2221993,74.45351637,57.63126052,0
Sudan,2000,1,58.20917887,22.1534323,35.95737872,5.143332508,35887.0821,56.11097449,1.806841351,1.404713947,-9.366910589,10.3519224,-20.9232604,26.04076798,0.36552139,0.009994883,108.3345804,72.19258912,63.78281342,1
Sudan,2001,0,78.0224268,52.17864733,28.66818073,-7.931296667,24775.78964,39.09305304,-5.931654545,-8.791622448,11.43486656,9.333856383,-11.00910648,40.10906643,8.358401434,1.643753366,86.8929371,17.2628049,52.67680458,0
Sudan,2002,0,114.5124085,94.47204156,16.93207432,-5.376972649,50357.41663,16.6246077,8.957734068,6.318264184,18.27475039,4.822471506,78.8151777,67.14866911,5.757754428,-0.355984981,151.8474159,11.91798401,81.94950297,1
Sudan,2003,0,110.0796298,26.724885,24.02370324,-2.116590908,11355.00355,39.48602301,7.338018865,8.405466503,16.05958119,0.71628467,71.70043358,22.69375822,9.058562933,-2.449970739,141.63368,78.35209381,94.45651277,0
Sudan,2004,0,148.3579014,98.01940814,34.4187558,-6.59786236,33424.07877,64.70843275,-4.151126994,-4.919052347,-15.4019111,0.570102907,68.37845333,117.8843536,5.402580747,-1.745596324,61.68682377,76.95325173,26.91296417,0
Sudan,2005,0,49.27093315,99.48591872,35.91789043,-0.101767904,43417.32539,2.445897633,-0.666787685,1.541905755,-5.217903173,2.845929168,65.6379414,123.4265718,10.76531868,-0.38392955,150.001946,39.55999231,84.0202305,0
Sudan,2006,0,106.1013288,60.00554392,10.61378563,-0.572636886,54267.37746,30.00889015,9.187979695,10.5936185,-5.427089712,6.17958067,18.91562402,73.48379431,0.304971645,5.786284056,123.2776899,13.53943269,30.29369127,0
Sudan,2007,0,99.25864808,25.31284662,16.88505994,9.125183961,53069.92827,-3.131536549,9.564009048,6.694089118,-15.10814935,5.765964749,59.33361588,148.0065773,6.088341582,5.691049352,163.0053435,53.32128869,26.42217466,0
Sudan,2008,0,138.9627991,38.44943991,16.73281131,-1.325442342,30671.79528,73.69702807,-3.754418107,-2.633088236,-16.07495787,7.23086463,8.080722681,108.2692089,12.468954,4.448970082,78.60763128,30.53870752,96.46651622,0
Sudan,2009,0,40.32707841,48.20435494,6.471567863,5.712536086,38696.73863,62.2725831,6.183750704,4.33786554,-4.604394601,9.377532061,-34.89356297,116.6838272,3.753010767,-0.90744554,88.73246269,75.57060908,59.14382252,1
Sudan,2010,0,117.7337613,37.83918019,25.93832159,8.838210897,23835.99285,1.580574144,-7.450494326,-7.914998914,19.68286202,4.839578071,9.006196247,44.99905508,0.791263176,0.974419265,131.4969109,65.62633475,32.20826328,0
Sudan,2011,0,93.87492011,35.25720219,34.91870185,7.539776619,28250.21244,96.29744376,-5.704678177,-4.956266964,2.757706043,2.344182498,-26.20054337,128.866891,7.447861118,0.958045546,122.2600292,55.47156489,65.59656906,0
Sudan,2012,0,55.70656307,97.50067383,18.35510357,-5.82664751,54404.06782,-2.624736502,-10.87945293,-8.643145877,4.871265144,9.700562544,8.627752095,142.8560317,14.64800191,0.482759203,107.9548057,29.91526933,41.0589711,0
Sudan,2013,0,81.67653884,23.80283447,30.90125807,-0.079402115,55863.02839,56.94586788,-9.770385181,-10.03379785,-1.159243599,4.325942835,-5.386217696,50.72032165,0.962378423,-2.596077254,161.9049972,59.08880056,57.14472134,0
Sudan,2014,1,63.39095762,75.99951178,26.96951448,-3.045204354,53756.21927,76.51858349,1.421832556,3.272775282,6.493222092,3.799141825,39.87410006,109.2403583,1.050847391,1.810746368,134.7127345,30.24177867,69.97276751,0
Sudan,2015,0,95.31074236,10.03692605,18.14770574,-2.002826097,8560.74045,77.72911287,-2.23045955,-0.532665573,18.26648323,9.289588442,4.231062325,117.1023363,8.926748474,-2.344692071,156.5407781,12.63416889,89.54158631,0
Sudan,2016,0,135.5700794,63.65644025,9.937092982,-2.783863475,51050.01607,-1.400060763,-9.221703484,-9.734472407,3.547918145,11.24260354,55.83844951,59.67199234,3.751015693,4.217268126,72.98824435,45.59042113,20.24651186,0
Sudan,2017,0,94.00964797,92.43487036,29.82633485,6.527184204,56917.31474,90.17358893,-4.927259591,-4.92137861,-17.39846161,11.02205474,26.82200216,81.75117033,6.153468505,3.221764286,159.3482443,44.20791814,37.13125287,1
Sudan,2018,0,102.1239144,35.91406847,34.90978091,-0.957218898,21866.60677,91.43742555,-5.670413503,-4.467503443,-0.284377233,2.080587897,87.92384178,32.68008217,12.45760729,0.17463306,119.2292162,63.41041811,27.70164343,1
Sudan,2019,0,87.43722012,26.69733777,29.00490723,0.473886645,31263.18348,53.94598918,9.684005113,6.870895721,19.71005093,6.286318765,-36.3461847,42.50232451,2.982730263,2.82422744,55.06519035,70.59717176,27.76781612,1
Sudan,2020,0,26.65151584,68.65118154,5.625746941,9.648947141,46811.98677,45.61873588,6.33914593,8.684014413,-4.503891176,1.568008263,53.1563783,28.00416807,10.78949905,-0.902666941,85.1737331,34.81279421,95.66219305,0
Sudan,2021,0,50.27161239,74.13412666,12.5681513,-8.800414556,33856.06481,-0.288916378,-5.300841665,-3.681944709,3.755249489,11.55122353,50.85953164,92.82151377,7.567282699,-0.612749415,53.86345876,41.46311071,94.88663476,0
Sudan,2022,0,83.96022483,71.92274671,7.431799471,-0.240847204,59610.96625,54.00518496,7.847914472,6.344409761,-15.73452946,2.975120688,92.59398211,101.2841766,13.57436539,-0.172798348,118.5311783,42.92802938,79.94464638,1
Jamaica,1980,0,60.33058689,38.7385192,24.96351349,5.481234139,27506.0879,37.98480359,-6.434115209,-3.54703549,-14.35278005,2.77044011,5.732780057,139.0955458,3.451559323,5.756658003,169.55174,32.81158324,71.44504339,0
Jamaica,1981,0,43.62926771,32.69821619,31.47671876,-6.976760836,42922.37986,76.14467278,1.697537818,-0.226120066,14.98725813,10.72218524,-4.184304543,90.48402538,12.05653175,1.364647071,81.60370203,79.12146919,87.83763571,0
Jamaica,1982,0,85.53726945,96.032692,8.870271547,2.230631892,47617.69107,37.40777452,9.166249917,11.65076996,-7.98621487,11.63028138,-24.14098337,53.87947821,7.198065902,2.261823532,134.4171841,70.79528819,24.67269905,1
Jamaica,1983,0,61.96527315,93.09695574,34.34182372,-5.210704409,29797.79482,66.7759875,-5.2430284,-6.29618765,-7.781949066,8.522770982,-10.2067227,27.73156106,9.154529613,3.712582867,80.07006716,67.79696022,29.55886345,1
Jamaica,1984,1,53.55399361,51.15849489,24.44281424,7.348082264,51461.9332,5.647855355,1.997124128,3.576004389,-4.51148016,1.891557888,25.28361591,135.0438969,1.382301258,-0.131932723,92.75561376,45.07815843,45.36903386,0
Jamaica,1985,0,80.31810427,86.15744795,29.14891542,-3.458006692,32905.4291,8.95998843,-7.601904723,-7.863645164,18.65914692,6.087339521,75.65694429,82.25155021,3.07547375,-0.959336845,85.32219395,66.49612495,86.59939039,0
Jamaica,1986,0,37.32695355,50.70911299,38.9990647,-3.418743662,24875.55257,9.669570018,-8.34219211,-6.923387785,-16.62438016,9.890958582,-7.357009478,115.8518586,11.60036822,5.682166552,146.7507007,28.68087532,57.77860342,0
Jamaica,1987,0,140.6069453,48.19501163,7.928834589,1.96387757,6737.073329,-0.219822521,-0.646083339,-2.711385052,12.7505641,7.083487613,-26.3386825,21.90441532,3.358626618,0.893538521,129.0093417,49.24546275,60.28598108,0
Jamaica,1988,0,132.8012727,24.10866528,36.5428408,-6.328741838,23786.79051,51.83953022,9.481614951,8.098653701,-6.337684941,2.024840829,-9.180729339,83.45805995,1.387947413,-2.985682561,158.1948719,37.50426429,38.34123437,0
Jamaica,1989,1,111.9906761,48.37654508,9.41359436,-4.302227222,44116.00635,78.36661123,-3.671653782,-6.072506835,13.97872104,2.476709119,-34.86095375,62.34394101,8.958049234,4.539464687,82.9915156,21.99393381,71.87099849,0
Jamaica,1990,0,33.80779759,58.36752447,18.75355823,-1.667362998,55300.79878,59.09317639,8.440924258,10.63178815,19.67022598,10.43762927,89.00431245,23.94306544,8.219047742,2.396977452,51.37228036,15.0829402,91.02737232,0
Jamaica,1991,0,120.8640431,12.02538947,34.80035437,-2.927242737,15325.26041,55.37026298,7.859088006,6.636845933,-6.053303592,6.560835382,80.8936228,120.8374649,9.118408935,-1.482972936,152.0764351,49.07528681,46.36113759,0
Jamaica,1992,0,125.0344527,49.97017047,36.71889829,0.49754436,21507.56038,66.46551248,-8.655934691,-7.489077315,-14.82574535,8.617122898,-3.726242452,86.67721488,9.274582445,-2.728742761,67.22809377,16.83473944,69.53487518,0
Jamaica,1993,0,119.8094003,80.32205966,22.72300857,1.992802881,9491.471348,30.66275892,-4.954514823,-3.033187636,-14.22498008,4.790219052,-12.95182761,63.31343159,7.502960188,-0.376658121,86.94578366,60.26021677,46.55591713,0
Jamaica,1994,0,34.81556533,71.20414507,25.79366234,1.333349075,41536.15679,33.00517752,1.082561962,3.491071381,10.34963564,6.623584204,85.80959711,124.7538029,7.406608809,5.350983859,95.85292287,74.50279351,83.41752895,0
Jamaica,1995,0,103.7080344,67.164129,29.78515671,3.08336624,57623.24927,27.99836031,-2.04885289,-4.411070198,-14.20313791,11.73668611,-49.7342073,78.10004874,13.86248348,5.40142053,162.0203138,21.34742768,57.99677896,0
Jamaica,1996,0,128.4622234,91.85998856,34.1465534,-3.845009668,38564.84752,69.77143795,-12.60103675,-10.24294715,-9.583137259,4.291584925,40.0866292,20.45473433,8.008225873,-0.200968623,143.8837716,42.9657005,47.15752178,0
Jamaica,1997,0,95.05594216,11.62288088,9.252890934,-7.471475457,37139.46884,11.97223525,9.842450753,8.02596742,-11.82406625,8.260068066,87.40056414,142.7781922,9.259503036,4.523378935,77.63981548,61.71422151,53.60390834,0
Jamaica,1998,0,104.0329588,60.13428276,33.35242579,5.216150829,33343.34885,-3.632345567,3.81635003,5.2377621,-5.772857439,2.483813908,26.28362334,53.23875626,4.004540879,0.976607909,139.6831716,30.07877627,27.29820171,0
Jamaica,1999,0,79.58725233,80.86139636,21.84466527,7.015607653,5580.807719,57.60062691,-4.057649044,-2.684554928,-17.02533699,1.90000868,-49.55495606,127.9748179,13.06639801,2.889102742,156.2221993,74.45351637,89.28937227,1
Jamaica,2000,0,88.73195158,58.72018444,20.77181988,-4.859875356,43851.37844,93.9500433,0.454213742,-2.494767408,14.2696993,9.511861279,-17.16928559,126.1339999,0.36552139,0.009994883,108.3345804,72.19258912,96.64552443,0
Jamaica,2001,0,24.46899159,39.15059973,19.83649132,-1.858160877,36242.35775,58.98783128,-12.81067957,-14.48693612,14.40585247,10.20724441,88.36623908,41.10861108,8.358401434,1.643753366,86.8929371,17.2628049,58.19313438,0
Jamaica,2002,0,103.0651929,22.26255086,22.82240548,-0.028615661,39790.1631,77.20677356,-2.617458658,-2.66600757,-3.482684061,8.185584497,-47.44663637,81.62034856,5.757754428,-0.355984981,151.8474159,11.91798401,37.70697665,1
Jamaica,2003,0,30.58813768,89.88067646,38.07676937,0.666536855,53959.02225,65.64302449,8.270810395,7.791018635,4.483502761,2.319252132,9.216964909,25.2258672,9.058562933,-2.449970739,141.63368,78.35209381,73.17249593,0
Jamaica,2004,0,76.55189726,52.36861531,24.18713205,3.189803422,47102.45899,47.23084862,7.415023951,9.926464831,5.678062836,3.266761605,68.46170895,66.09171748,5.402580747,-1.745596324,61.68682377,76.95325173,56.19051836,0
Jamaica,2005,0,58.0451627,89.03036773,38.36121384,-9.167935333,46920.64055,70.43120219,-6.565478863,-7.407033646,9.970324614,10.97852064,75.71364905,115.0272496,10.76531868,-0.38392955,150.001946,39.55999231,40.18400647,0
Jamaica,2006,0,90.90563353,62.72669102,11.31015457,4.429541655,55652.871,81.530933,-1.715803404,0.906098885,0.827603502,3.820096561,21.64118989,50.81903111,0.304971645,5.786284056,123.2776899,13.53943269,23.07465148,0
Jamaica,2007,0,37.34412362,70.6772905,30.34475926,-8.76057986,59399.1166,18.59682264,2.434588102,2.191164013,0.413441818,9.916895936,-15.12743724,35.226631,6.088341582,5.691049352,163.0053435,53.32128869,91.17635614,0
Jamaica,2008,0,109.9136423,82.38350389,33.42838385,-0.634228647,35002.5791,30.29370045,-6.499768327,-3.713650947,5.252151093,3.788278822,39.95570765,85.92606162,12.468954,4.448970082,78.60763128,30.53870752,83.73874816,0
Jamaica,2009,0,123.3514998,69.32399901,28.7695091,6.553422711,6800.232477,18.49120191,-13.37801955,-11.95389069,8.121935827,11.30381955,-10.43329527,89.80822997,3.753010767,-0.90744554,88.73246269,75.57060908,86.32048461,0
Jamaica,2010,0,41.23607847,45.82493566,26.24227981,-0.975693734,27710.05549,42.47816034,-2.363958582,-0.387951032,-6.132384919,11.0162085,-11.7103613,107.8577611,0.791263176,0.974419265,131.4969109,65.62633475,55.18717847,0
Jamaica,2011,0,33.56070136,56.22700455,24.76844734,-7.018205025,47319.78844,87.93177785,0.040893396,-2.329845274,-6.785181069,0.997526497,71.13996451,118.6879071,7.447861118,0.958045546,122.2600292,55.47156489,80.26043136,0
Jamaica,2012,0,38.91701276,82.27409722,35.13256689,9.7006769,1955.201888,31.24674559,-14.85396,-14.3371114,-9.211263836,9.359760849,-26.86012471,110.4552391,14.64800191,0.482759203,107.9548057,29.91526933,66.49802111,0
Jamaica,2013,1,134.026583,43.62852667,33.7576309,7.785709241,3696.18007,34.31902336,-12.61061566,-14.7544135,1.953862213,2.448810243,-49.17177824,129.9035871,0.962378423,-2.596077254,161.9049972,59.08880056,49.98202371,0
Jamaica,2014,0,88.66460403,44.93093111,9.280105241,5.426272665,4309.319608,85.33855964,-9.81773391,-11.0320079,-5.593772418,2.975623698,0.516282551,48.97784036,1.050847391,1.810746368,134.7127345,30.24177867,87.41936705,0
Jamaica,2015,1,80.74392948,18.61211045,34.700568,-1.769767942,43942.83477,49.11430473,-6.298692825,-5.557300388,1.612530708,5.788219942,23.64609325,94.06967701,8.926748474,-2.344692071,156.5407781,12.63416889,99.90060384,0
Jamaica,2016,0,33.87253648,92.31259917,19.49240168,-6.323085462,30219.64773,51.22214496,-1.473719429,-0.116365201,-3.760609367,7.127658722,55.76205878,66.81239646,3.751015693,4.217268126,72.98824435,45.59042113,91.94258458,0
Jamaica,2017,0,104.4422809,18.19326835,13.87938905,8.828223628,22323.20723,85.38412635,-7.653927031,-10.41882434,13.4693673,4.246696768,67.16728864,145.0746064,6.153468505,3.221764286,159.3482443,44.20791814,82.09535773,0
Jamaica,2018,0,132.8399469,68.33882597,35.44189988,0.64702253,6605.337602,46.50530739,-8.09540464,-7.909742253,-17.07479041,7.116908704,49.52788167,77.23633804,12.45760729,0.17463306,119.2292162,63.41041811,79.80063778,0
Jamaica,2019,0,127.664163,47.18750309,20.12086799,7.047109208,44014.74294,66.56354114,6.733733595,7.125617513,2.888423744,2.46257127,43.97633205,144.7628113,2.982730263,2.82422744,55.06519035,70.59717176,72.01990744,1
Jamaica,2020,0,101.3871122,46.50574512,33.29276416,-3.158099885,19464.88269,3.992689917,-11.37373398,-13.900766,3.024950023,0.756883025,49.86230835,119.978535,10.78949905,-0.902666941,85.1737331,34.81279421,88.28939975,0
Jamaica,2021,0,29.78623316,71.15966529,14.21912642,-3.294233658,16139.84698,13.75632988,-2.613496671,-2.609368465,-4.651307578,7.069080466,-9.271022363,113.4003021,7.567282699,-0.612749415,53.86345876,41.46311071,59.44649983,1
Jamaica,2022,0,34.61161353,16.03843594,5.13752625,9.710809613,39243.45633,37.45950108,8.820617923,10.1036716,-3.159164217,6.45027549,7.354198445,83.90328255,13.57436539,-0.172798348,118.5311783,42.92802938,34.53836082,1
Angola,1980,0,26.41016832,63.43352047,22.34107175,0.43666097,33672.95029,46.95810212,0.625331228,-2.055305063,12.00525444,8.431020587,42.46547515,77.63915745,3.451559323,5.756658003,169.55174,32.81158324,81.44397794,0
Angola,1981,0,53.47229814,79.48286074,8.507988983,-7.186091523,21935.91532,96.40203863,2.930136997,4.491743655,-8.77305159,7.972953713,-40.16440095,88.45126438,12.05653175,1.364647071,81.60370203,79.12146919,93.56050993,1
Angola,1982,0,37.63599073,84.53914821,31.40315844,-5.60650644,38596.80201,96.91842147,-4.219075215,-3.760516186,14.85615166,10.82109337,-5.70119749,58.17229818,7.198065902,2.261823532,134.4171841,70.79528819,47.30818335,0
Angola,1983,0,53.80624523,25.34773505,14.66262976,-0.361114412,16491.92477,84.37569419,-14.50169582,-12.50233257,15.85373217,5.783889132,10.96284171,137.5862922,9.154529613,3.712582867,80.07006716,67.79696022,82.63866384,1
Angola,1984,0,70.05754724,90.76771451,20.52759763,-9.15058179,47751.36662,28.1378777,1.153259209,-0.538365354,6.024772176,0.596248959,30.01610243,123.2629852,1.382301258,-0.131932723,92.75561376,45.07815843,41.89781625,0
Angola,1985,0,142.5877619,69.05314827,8.046174778,-0.749320292,13990.34133,96.22297054,0.798107036,2.797749141,10.91430855,7.752505838,22.9723161,124.1814611,3.07547375,-0.959336845,85.32219395,66.49612495,95.40802187,0
Angola,1986,0,99.34888777,89.36693207,15.0330737,-1.621183158,9782.610414,67.38079079,-12.23930909,-14.67194324,4.517901134,8.26402294,57.71978172,76.30996741,11.60036822,5.682166552,146.7507007,28.68087532,74.67687936,1
Angola,1987,0,128.5465921,53.67526454,32.35215851,5.586725306,47011.63275,36.25871342,-3.446007159,-4.023028981,1.01036455,6.497192378,21.01400131,29.24156327,3.358626618,0.893538521,129.0093417,49.24546275,65.54207897,0
Angola,1988,0,112.3456951,58.78300106,10.30557692,-2.90116071,42561.15423,68.67586628,7.883223617,6.080132366,18.66711017,8.427006008,85.61949757,108.8000513,1.387947413,-2.985682561,158.1948719,37.50426429,82.38961263,1
Angola,1989,0,34.62540697,92.71344493,27.65058464,9.650975231,11203.54685,-3.265113372,-9.872879201,-7.616754207,-8.693801431,4.221213852,7.047751323,68.67376592,8.958049234,4.539464687,82.9915156,21.99393381,85.05849364,0
Angola,1990,0,115.6696528,90.9918589,37.10990485,-6.384601614,7239.871436,10.34624164,-3.472531134,-2.243012236,-13.83396213,2.211295487,28.80575593,133.1559406,8.219047742,2.396977452,51.37228036,15.0829402,91.38959186,0
Angola,1991,0,55.7628546,50.3344786,28.79428659,1.819733699,50352.42558,82.11699971,-3.47242037,-6.320249707,-8.500585474,8.142367135,-49.51844156,121.443997,9.118408935,-1.482972936,152.0764351,49.07528681,92.08956263,0
Angola,1992,0,103.0840201,34.69713685,33.38575913,-8.20601406,46662.92939,62.78523187,5.269036704,2.326176837,4.585024335,3.319643936,-3.428306533,38.89265846,9.274582445,-2.728742761,67.22809377,16.83473944,24.21526604,1
Angola,1993,0,64.32505657,45.38533911,8.814007026,4.67727968,19837.26521,33.24044364,5.614396758,4.361892285,-12.59266248,5.747632957,79.9859466,98.22304497,7.502960188,-0.376658121,86.94578366,60.26021677,29.83260864,0
Angola,1994,0,149.6973942,44.89878957,13.77561391,9.895073761,39594.38527,47.56999722,3.981735492,1.841434177,16.35256173,6.153661402,0.036459189,109.9878104,7.406608809,5.350983859,95.85292287,74.50279351,86.08487025,0
Angola,1995,0,54.26169233,35.81801875,36.30885983,6.382772755,7712.363137,90.03992571,-5.86364602,-5.081819155,-3.559023973,5.98779483,-12.02205,93.85788538,13.86248348,5.40142053,162.0203138,21.34742768,95.68413227,0
Angola,1996,0,56.2869612,34.17216439,30.02869648,1.114070814,30570.74525,61.3157015,-13.19907687,-12.21629527,13.99851513,7.382165152,31.53054437,86.8254829,8.008225873,-0.200968623,143.8837716,42.9657005,44.61374785,1
Angola,1997,0,140.9873932,87.49566428,27.38438392,-0.305172852,1418.198436,36.80567481,-6.262925569,-3.611220147,-10.03053822,0.838717653,-38.19048523,49.62219975,9.259503036,4.523378935,77.63981548,61.71422151,20.68814547,0
Angola,1998,1,23.2037726,16.28757286,28.23183576,6.700599225,23678.63229,7.634299027,1.994780032,4.707019579,-7.473265797,11.88134869,29.74076975,50.66788977,4.004540879,0.976607909,139.6831716,30.07877627,45.81641512,0
Angola,1999,0,110.5695684,70.98500639,19.4970194,8.719481694,4768.116442,25.84341417,2.568664362,3.522044595,-17.63106411,8.73757045,-4.450130264,119.841058,13.06639801,2.889102742,156.2221993,74.45351637,50.62913088,0
Angola,2000,0,114.2924308,25.55380463,6.559482107,9.784130516,28666.28666,97.72572444,9.125005237,6.159055914,-9.689292313,5.391959491,7.465433481,22.42967212,0.36552139,0.009994883,108.3345804,72.19258912,80.88266918,0
Angola,2001,0,128.7292151,41.00553041,32.45545397,-2.069215449,25474.39432,40.9231216,-3.658969214,-4.504981714,-0.387447241,2.700295348,68.70475065,121.2583082,8.358401434,1.643753366,86.8929371,17.2628049,23.80677325,1
Angola,2002,0,146.6771104,15.53887307,28.75496327,9.818349496,26829.78609,44.5431437,0.810889574,0.889738653,17.84547671,1.422039208,49.29460279,88.48383575,5.757754428,-0.355984981,151.8474159,11.91798401,37.01121889,0
Angola,2003,0,146.8282495,34.29762732,21.54815624,-6.881474957,3006.278732,47.3527934,-1.520228232,-1.525149693,-4.443881044,8.230189837,16.91591397,141.7089448,9.058562933,-2.449970739,141.63368,78.35209381,91.5174869,0
Angola,2004,0,28.48597848,79.1578964,36.49158654,-4.929004481,21888.49557,87.83092241,-11.234536,-10.61449222,5.589755179,4.144989572,36.62744696,149.6518012,5.402580747,-1.745596324,61.68682377,76.95325173,32.38563276,0
Angola,2005,0,126.839112,89.65137921,16.76558827,-8.219677505,45462.08579,58.41246986,-3.469938197,-0.7066293,-2.891595301,3.13900227,65.0288133,106.2529935,10.76531868,-0.38392955,150.001946,39.55999231,80.73981216,0
Angola,2006,0,104.0202914,29.93744367,15.30126105,-4.56522967,22324.18809,67.83608883,-1.379121133,0.932035019,-18.12832597,4.869475452,61.86756178,73.59343527,0.304971645,5.786284056,123.2776899,13.53943269,48.90483325,0
Angola,2007,0,104.1544775,51.71930553,35.54787138,5.358751032,42995.76557,35.88842197,8.768740151,6.422188352,0.141305036,7.31861551,-22.20174342,81.76116811,6.088341582,5.691049352,163.0053435,53.32128869,73.01281719,1
Angola,2008,0,36.68549046,52.32916431,32.89456792,7.058487164,22357.8798,-1.945800048,-5.83652364,-7.240641291,-17.36345413,8.224609992,-4.8621167,46.54800559,12.468954,4.448970082,78.60763128,30.53870752,25.90772026,0
Angola,2009,0,104.5243316,88.62177752,23.02429337,5.577852902,25567.39466,92.752156,9.502477578,11.50113408,15.34799698,7.919455798,2.235539645,32.90046212,3.753010767,-0.90744554,88.73246269,75.57060908,42.92463561,0
Angola,2010,0,147.7227355,78.65191476,9.575715881,2.621315563,33964.35914,94.6584065,-1.442498149,0.503343304,10.12147848,10.42755421,-21.8686565,95.23924113,0.791263176,0.974419265,131.4969109,65.62633475,53.983179,0
Angola,2011,0,138.536414,56.17694965,12.5275015,0.27933025,57055.71163,94.6610706,-8.938268917,-10.28604457,-4.85394115,3.015710457,-48.1757819,124.7143627,7.447861118,0.958045546,122.2600292,55.47156489,88.57701009,0
Angola,2012,0,77.0869859,70.36724804,27.96797966,4.174085784,6798.968665,94.0871441,-10.20839032,-8.82486214,5.608746648,7.822580877,-23.90490968,54.0296473,14.64800191,0.482759203,107.9548057,29.91526933,65.07966861,0
Angola,2013,0,25.19323653,86.26195485,18.47644332,-2.183329015,2264.951989,80.60040381,-11.45762707,-10.4254028,-15.51887379,1.662815326,71.23664906,74.55486533,0.962378423,-2.596077254,161.9049972,59.08880056,23.61802345,1
Angola,2014,0,67.0981537,10.85850586,34.27656171,6.82616703,36595.04387,66.88258526,-3.676678236,-3.835534446,8.102199479,6.801248934,31.88806771,92.12057603,1.050847391,1.810746368,134.7127345,30.24177867,84.14932587,0
Angola,2015,0,127.4307405,46.26010279,38.24842533,3.54380188,56961.09621,83.67354142,-14.45183926,-16.24310954,12.90929636,7.215521629,1.248704048,138.0267166,8.926748474,-2.344692071,156.5407781,12.63416889,24.36171912,0
Angola,2016,0,111.1948832,91.65188505,33.19729238,3.95609397,59386.47101,58.0573551,-3.873867917,-1.542008832,12.86982594,2.986728938,41.25166684,38.0220596,3.751015693,4.217268126,72.98824435,45.59042113,94.74932512,0
Angola,2017,0,79.71467523,76.62817278,18.2140898,0.718719863,29204.60557,9.108809459,9.710117304,10.77722441,-8.628898092,5.004470995,60.9751188,50.79481193,6.153468505,3.221764286,159.3482443,44.20791814,36.93739568,0
Angola,2018,0,27.16319957,58.85572369,32.60402502,7.704579684,28244.47278,36.07790733,1.752669893,-0.233372558,-9.450152189,10.01271823,3.164167453,139.4089587,12.45760729,0.17463306,119.2292162,63.41041811,59.03409157,1
Angola,2019,1,75.49631462,57.66800743,17.30045857,-4.959705326,38804.33711,96.98596576,3.99465303,5.223467099,0.855907516,2.206704118,19.91122623,25.13962711,2.982730263,2.82422744,55.06519035,70.59717176,25.7824775,0
Angola,2020,0,80.97324216,41.29930878,10.84850307,-2.377046933,33471.39501,31.86947043,-12.02486523,-10.57626291,18.71088648,5.496821273,-40.3680175,105.2950324,10.78949905,-0.902666941,85.1737331,34.81279421,64.9369909,0
Angola,2021,0,140.7122193,56.84684803,6.16876217,5.552851394,38155.05704,86.12193094,-3.172478463,-0.851196752,16.8209191,11.22643032,39.56358043,103.1383648,7.567282699,-0.612749415,53.86345876,41.46311071,59.77829606,0
Angola,2022,0,103.3411935,68.98448795,18.50008495,-0.145022077,52477.7657,4.787204431,-7.844422474,-9.507386943,-5.61446073,6.297252669,3.461064333,69.82307637,13.57436539,-0.172798348,118.5311783,42.92802938,52.81988279,0
Malaysia,1980,0,60.51487917,47.65267346,36.62457563,7.784280268,44854.47832,30.08930345,7.3524382,10.28496283,11.19318025,8.839037686,15.02854714,80.86140827,3.451559323,5.756658003,169.55174,32.81158324,22.84583336,0
Malaysia,1981,0,88.29137438,74.27378318,13.36453057,-3.072013605,29963.58028,31.8500991,-10.4676882,-12.54732766,16.85271056,10.00895945,13.39009269,131.1393337,12.05653175,1.364647071,81.60370203,79.12146919,90.31491029,1
Malaysia,1982,0,28.58719002,87.51090045,12.22796077,-2.613396624,27873.3082,0.418267026,-3.531666822,-2.92753347,-9.562941371,2.843405311,44.86139331,41.44766824,7.198065902,2.261823532,134.4171841,70.79528819,84.21092791,0
Malaysia,1983,0,146.4338706,23.92163634,38.94372748,7.774715788,38484.22439,7.50490467,-0.298807041,0.64425199,13.21182598,3.009498209,35.86980234,50.10377218,9.154529613,3.712582867,80.07006716,67.79696022,70.64240163,0
Malaysia,1984,0,66.80778725,50.63923205,5.87514395,-0.712593596,27505.66518,15.28234717,-2.148972711,-2.635255339,-9.284174924,9.223801745,13.31590717,86.60555349,1.382301258,-0.131932723,92.75561376,45.07815843,65.77839861,0
Malaysia,1985,0,82.12275614,46.72180822,32.50237526,0.322491684,27629.42727,82.97063704,5.756088199,5.606314452,-6.268714965,9.163027489,-47.45674678,73.26690499,3.07547375,-0.959336845,85.32219395,66.49612495,75.59571451,1
Malaysia,1986,0,66.18691665,71.87183236,16.24794845,-3.344725693,1273.462337,1.657208944,-9.213670717,-6.868210137,-12.04717237,1.192108187,43.14439219,94.66842468,11.60036822,5.682166552,146.7507007,28.68087532,31.51920127,1
Malaysia,1987,0,108.7265249,32.48807187,6.31207849,-4.466601156,10691.629,26.36359464,-5.565222239,-4.693576861,0.283191963,4.208729768,81.93662111,139.7090942,3.358626618,0.893538521,129.0093417,49.24546275,94.61153971,1
Malaysia,1988,0,106.0901806,67.62258235,37.12308891,3.118974217,29464.26431,-3.931624728,4.802107414,4.784113164,13.73243577,5.083123657,65.43273574,139.2232623,1.387947413,-2.985682561,158.1948719,37.50426429,42.77386332,0
Malaysia,1989,0,112.9919004,88.97403176,9.887481557,-7.603186769,49412.41151,68.04091327,-1.798214707,-4.028117332,1.122085497,10.03396464,97.24234484,49.90238416,8.958049234,4.539464687,82.9915156,21.99393381,72.5192218,0
Malaysia,1990,0,54.85861985,47.63184398,24.31227493,7.585452824,16940.0023,60.13182445,-4.947065359,-7.903039607,-15.06239961,5.351415937,-29.1386993,59.27879967,8.219047742,2.396977452,51.37228036,15.0829402,68.54045449,0
Malaysia,1991,0,61.03690255,91.991413,14.59189726,5.584062735,31501.81296,62.72313752,-14.26393713,-16.51412542,-9.928962711,11.14818224,-16.62199208,41.06892857,9.118408935,-1.482972936,152.0764351,49.07528681,70.92911838,0
Malaysia,1992,0,36.28266004,99.3847365,7.281748076,-6.185034726,20894.23646,34.3101924,3.8346356,6.571743005,2.514474691,11.96098944,30.89011978,140.6127483,9.274582445,-2.728742761,67.22809377,16.83473944,90.31616985,0
Malaysia,1993,0,105.2162963,19.5482845,6.747286998,3.880398916,6556.798176,16.86812123,9.304551949,10.88907265,3.327498223,9.478350905,-14.61774465,71.72233693,7.502960188,-0.376658121,86.94578366,60.26021677,43.67289653,0
Malaysia,1994,0,25.17362655,30.97478692,9.044484459,2.052658426,57510.41944,70.6336224,0.507175237,3.309873202,3.076236142,8.16344693,-44.81753281,78.46166883,7.406608809,5.350983859,95.85292287,74.50279351,79.91585506,0
Malaysia,1995,0,97.69870362,95.53417763,7.497845486,-6.309298985,51324.03005,80.16737664,6.413530517,3.627782775,-16.9198603,5.006817409,10.34324142,124.3433015,13.86248348,5.40142053,162.0203138,21.34742768,67.87128512,0
Malaysia,1996,0,133.060465,96.24949178,31.61953404,-4.535929879,4985.997741,9.5531573,-2.07810642,-0.996783997,10.14783571,1.27095363,-6.853289877,86.68655147,8.008225873,-0.200968623,143.8837716,42.9657005,26.08482648,0
Malaysia,1997,0,135.8081793,18.79365478,21.99481708,-1.820269925,43271.29957,46.11708993,-9.207975864,-11.94221471,16.37712796,7.091095699,-10.43587315,35.56821269,9.259503036,4.523378935,77.63981548,61.71422151,53.13237447,0
Malaysia,1998,0,78.37490885,11.34986503,17.0012232,3.984854705,21050.52029,21.11514661,-14.63894739,-12.94660858,0.420757909,4.659606414,92.97592255,76.92033223,4.004540879,0.976607909,139.6831716,30.07877627,87.03612586,0
Malaysia,1999,0,79.70947947,24.49900209,19.64291185,2.774468176,59692.53348,12.65122043,1.33495669,0.620657726,8.753171471,4.535327872,-14.23188256,101.9681256,13.06639801,2.889102742,156.2221993,74.45351637,45.22779111,0
Malaysia,2000,0,30.00599379,99.6411505,37.51313575,0.644696954,18353.19163,72.10415792,-2.672278794,-5.097686633,16.56061968,8.408656406,-30.58511432,113.4971814,0.36552139,0.009994883,108.3345804,72.19258912,58.58111067,0
Malaysia,2001,0,107.1994533,26.19996549,36.87631345,5.368210862,14552.68519,51.50017822,4.552453677,4.960733528,5.704910198,5.831852624,-31.20211131,103.8957409,8.358401434,1.643753366,86.8929371,17.2628049,59.09108545,0
Malaysia,2002,0,126.7637246,55.2292846,30.0486768,5.158754792,34203.06573,17.6994599,2.367060436,1.047781615,6.973028977,9.149079215,70.94861102,35.4934935,5.757754428,-0.355984981,151.8474159,11.91798401,69.44078934,1
Malaysia,2003,0,51.8051571,86.35759538,35.96388321,2.357183081,50157.03195,27.55000118,9.698809205,10.65625286,8.856176535,5.078992061,57.22721118,59.56478827,9.058562933,-2.449970739,141.63368,78.35209381,90.72142878,0
Malaysia,2004,0,74.76911461,11.83614496,16.18768097,5.739801668,11793.37665,96.49863549,-2.242185415,-1.293136858,-9.579901942,2.234928933,-30.57707066,115.3634038,5.402580747,-1.745596324,61.68682377,76.95325173,33.8831359,0
Malaysia,2005,0,129.0491138,64.4040084,18.33882641,-3.314732504,42651.34535,84.11135429,-4.320630258,-3.090585413,3.307114989,5.805496551,-17.03703217,134.4247253,10.76531868,-0.38392955,150.001946,39.55999231,60.36935061,0
Malaysia,2006,0,134.0256608,34.9322904,26.47992636,7.624990566,3965.973014,87.394408,-7.831507764,-4.876717291,13.68700458,11.43664391,62.10145127,26.13423396,0.304971645,5.786284056,123.2776899,13.53943269,53.94138074,1
Malaysia,2007,0,51.61339743,87.61014248,26.82690816,2.298201716,55160.40416,43.30127019,-3.078467705,-3.758281446,-8.15349079,9.717533235,-8.807540325,25.48978405,6.088341582,5.691049352,163.0053435,53.32128869,43.67360721,0
Malaysia,2008,0,91.57418249,35.51150343,21.85949433,6.447270276,5140.172494,60.49976271,6.821786953,6.6136798,15.88681998,2.866116433,97.23131127,103.6425888,12.468954,4.448970082,78.60763128,30.53870752,93.56865416,0
Malaysia,2009,0,45.02410958,71.80801483,19.0230247,0.925582096,54879.61317,34.56061272,-13.93900686,-12.11133665,4.815277991,4.999955769,31.08550999,91.24600004,3.753010767,-0.90744554,88.73246269,75.57060908,20.65368739,1
Malaysia,2010,0,33.24423934,70.67976692,39.51631091,-5.6312351,29601.19279,3.159757447,9.447501182,9.91772132,-3.073005943,11.1696091,-21.19880444,40.19407657,0.791263176,0.974419265,131.4969109,65.62633475,29.76838341,0
Malaysia,2011,0,138.4456652,29.9344194,33.73932691,0.848202574,27051.03943,37.11227762,9.832679858,7.056223122,4.927318456,1.922539175,78.82126818,91.27790562,7.447861118,0.958045546,122.2600292,55.47156489,78.66755599,0
Malaysia,2012,0,126.6659756,13.13192799,20.22430693,-2.577766724,58406.43265,57.36797909,-0.054465535,2.004005586,-3.925603772,3.420427781,-2.078668115,146.6833547,14.64800191,0.482759203,107.9548057,29.91526933,41.07532837,1
Malaysia,2013,0,118.8045372,46.83246164,30.4552367,3.949980721,59425.93541,25.15014843,-6.711394908,-9.402402816,13.52142407,3.515560428,-6.67889674,102.0170287,0.962378423,-2.596077254,161.9049972,59.08880056,77.85434089,1
Malaysia,2014,0,26.33962145,36.02738368,14.43465926,-0.484124165,39115.63412,84.03481035,-9.423775792,-11.39885497,-0.707256797,7.06572807,-0.883814982,78.38835029,1.050847391,1.810746368,134.7127345,30.24177867,86.58028886,0
Malaysia,2015,0,129.6847431,82.80799747,8.505926418,6.722256099,7889.021724,10.86551671,-8.087740108,-10.47526031,16.04853439,5.223433177,65.22958723,127.5792234,8.926748474,-2.344692071,156.5407781,12.63416889,40.36928135,1
Malaysia,2016,0,76.94572987,82.03277696,17.33508589,3.561450246,30518.35411,33.54855439,-13.74736434,-16.27980154,0.392323234,1.418512751,-24.01805754,47.66692313,3.751015693,4.217268126,72.98824435,45.59042113,35.35554303,0
Malaysia,2017,0,64.51136603,51.1321557,19.104048,3.690888661,31891.03713,8.114910059,-3.122226038,-5.968116786,6.414735585,7.735586728,7.267867039,73.86243601,6.153468505,3.221764286,159.3482443,44.20791814,31.62405061,0
Malaysia,2018,0,91.04192693,64.58610028,5.57879936,-5.65689333,31012.45176,37.50737407,-13.56689323,-16.23672694,19.90977684,1.639395442,-45.37508408,88.60982594,12.45760729,0.17463306,119.2292162,63.41041811,36.00708887,0
Malaysia,2019,0,31.87592155,64.38335644,33.51772006,9.68499533,34298.66276,-0.835562978,2.961855369,2.616490504,-14.12136636,7.473771718,73.9939926,85.59018597,2.982730263,2.82422744,55.06519035,70.59717176,41.37483113,0
Malaysia,2020,0,118.3640514,84.44423336,17.57176908,6.833504185,1417.865414,23.61768648,-5.701763612,-7.184649992,9.469165949,6.330596373,1.107814946,139.726421,10.78949905,-0.902666941,85.1737331,34.81279421,89.49998532,0
Malaysia,2021,0,95.71656,48.25021727,25.3146358,5.780097691,42760.2687,37.07720179,-10.01588171,-12.25666041,-14.44511088,6.177189598,-12.77406203,58.04685394,7.567282699,-0.612749415,53.86345876,41.46311071,81.60035306,1
Malaysia,2022,0,44.25671259,34.79020118,7.588711554,-3.395695497,42829.93983,45.20736314,-1.378661054,-0.426427798,13.55465463,1.276206821,36.98398636,27.34548369,13.57436539,-0.172798348,118.5311783,42.92802938,20.14754535,0
Tanzania,1980,0,44.47018597,33.85314263,11.12488901,0.712633057,7193.545578,52.08811764,9.343982681,7.700654145,3.858135246,7.851035139,55.74878256,139.1290366,3.451559323,5.756658003,169.55174,32.81158324,89.92953137,0
Tanzania,1981,0,43.9523247,58.25730514,36.13928039,-7.257936239,34343.29471,23.87406863,2.378276225,-0.508028842,17.52638242,5.460182974,71.93440558,48.21879543,12.05653175,1.364647071,81.60370203,79.12146919,26.30498398,0
Tanzania,1982,1,27.41031038,50.42333825,26.30406348,0.769519533,34231.16259,49.91934013,-2.706328747,-3.195810045,14.63826408,5.227720406,2.167741825,69.27363662,7.198065902,2.261823532,134.4171841,70.79528819,72.4212494,0
Tanzania,1983,0,96.41379842,49.61086939,38.25994176,-7.08221507,41042.29009,48.44548526,4.422857481,3.285455433,-17.0051185,7.359191059,71.84512752,89.01591119,9.154529613,3.712582867,80.07006716,67.79696022,32.11798146,0
Tanzania,1984,0,129.2452631,18.20236052,39.9562512,1.06075688,5398.24222,28.19869534,3.436911797,2.348538386,-14.50789833,7.471852689,19.73215006,146.8644612,1.382301258,-0.131932723,92.75561376,45.07815843,24.98206484,0
Tanzania,1985,0,22.27476782,74.67433666,18.01510404,2.974437603,37702.24744,82.17103472,7.293386526,6.965006696,4.046837144,0.672882901,-34.82865987,89.58489741,3.07547375,-0.959336845,85.32219395,66.49612495,80.7816558,1
Tanzania,1986,0,26.37060385,29.23630192,15.45810724,-2.196080655,17060.89146,52.29231829,-9.88327631,-8.869792747,0.732585598,1.940097864,76.94612241,78.20662985,11.60036822,5.682166552,146.7507007,28.68087532,57.37624911,1
Tanzania,1987,0,94.46013597,27.72582672,35.04246193,-0.029102433,30568.07853,29.88832047,6.471939406,7.170814127,-13.25739478,3.21995954,32.14521732,95.87300234,3.358626618,0.893538521,129.0093417,49.24546275,67.92500106,0
Tanzania,1988,0,126.5344391,47.14824882,39.95139995,7.513067753,46467.4161,94.47054377,-7.474347824,-4.850778165,-14.82563087,8.296739333,40.37043579,146.2050608,1.387947413,-2.985682561,158.1948719,37.50426429,54.0282415,0
Tanzania,1989,0,62.47605577,30.50005075,27.0374432,-7.828737106,42427.0624,83.73680337,8.524973196,8.631273193,2.559631338,7.132522961,90.62369045,126.3327978,8.958049234,4.539464687,82.9915156,21.99393381,25.373749,0
Tanzania,1990,0,65.44987185,62.54724406,32.82992529,5.83465786,7398.510155,98.17172021,-7.973371276,-8.137951818,-18.04313808,9.212735022,33.87272274,41.96585772,8.219047742,2.396977452,51.37228036,15.0829402,79.1694533,0
Tanzania,1991,0,97.52504467,43.43170054,32.36110506,-6.58490898,35593.73179,67.68455684,8.171213579,6.45170019,14.94941212,9.016989764,-49.1624704,124.4238019,9.118408935,-1.482972936,152.0764351,49.07528681,85.62808969,0
Tanzania,1992,0,55.64767559,50.40205503,17.43688979,-9.265840344,58156.2569,34.71340508,9.094767862,10.62705559,12.28331679,10.311603,80.59237615,129.3428778,9.274582445,-2.728742761,67.22809377,16.83473944,23.31364345,0
Tanzania,1993,1,23.45908759,58.34523894,25.09946331,-6.288507945,9659.135409,24.49037,-11.36271606,-13.51806141,11.41479887,4.833370905,-7.287337951,109.7902335,7.502960188,-0.376658121,86.94578366,60.26021677,50.05737576,0
Tanzania,1994,0,115.5797074,28.31819702,34.15699294,5.300863799,51218.55314,64.64837359,9.362497082,9.30929442,-19.36011412,4.468234461,25.26503812,105.4403497,7.406608809,5.350983859,95.85292287,74.50279351,64.58532297,0
Tanzania,1995,1,101.3344887,24.01764606,29.08398567,-1.897478533,42242.12041,97.98574116,-12.85692579,-13.3289926,-18.09436226,10.05667714,-19.26700962,77.31401011,13.86248348,5.40142053,162.0203138,21.34742768,68.41467382,1
Tanzania,1996,0,95.49827988,89.23797126,5.740733489,7.450410337,46507.99778,60.80508341,-9.535805335,-8.586000064,1.993564846,3.232417639,-5.452464732,103.4204003,8.008225873,-0.200968623,143.8837716,42.9657005,66.25223529,0
Tanzania,1997,0,116.4189368,49.03513325,16.78469841,0.494150824,17132.91213,87.5695688,-3.895780478,-1.390051658,19.77702756,5.803482297,52.99732721,115.8847464,9.259503036,4.523378935,77.63981548,61.71422151,75.43525231,0
Tanzania,1998,0,107.7800089,47.08842487,10.05664938,-9.554992961,17486.96908,29.55586026,9.839934143,12.51950769,-6.307351961,2.734744998,14.43600266,35.96663225,4.004540879,0.976607909,139.6831716,30.07877627,97.34529619,0
Tanzania,1999,0,46.76465846,13.20509352,13.15402742,4.334272192,54389.36151,37.73014716,-2.785923721,-4.779128118,-6.225007344,11.00916853,44.06959459,53.45289482,13.06639801,2.889102742,156.2221993,74.45351637,51.24692169,0
Tanzania,2000,0,65.8225361,54.81786723,36.69213171,-7.795341826,21781.97232,90.15890016,-1.239763921,-2.668860611,-14.62888133,5.189734651,73.5363537,45.23064427,0.36552139,0.009994883,108.3345804,72.19258912,64.52988536,0
Tanzania,2001,0,36.39431842,59.87527494,6.291265112,5.787592669,4062.018824,74.47100371,2.360623738,4.230435658,6.97343215,2.94359933,1.123303328,129.3575388,8.358401434,1.643753366,86.8929371,17.2628049,75.92629036,0
Tanzania,2002,0,36.88141174,60.29567839,12.69302492,-6.637949004,36155.6232,98.04808364,9.207338957,9.317017532,5.86706756,8.458153992,35.25100575,108.4003369,5.757754428,-0.355984981,151.8474159,11.91798401,67.39390577,0
Tanzania,2003,1,107.905447,73.63280524,15.83492733,-3.091072284,7751.614842,76.35024202,4.583785003,4.301992413,-15.94710334,3.313413799,66.63818401,78.60121014,9.058562933,-2.449970739,141.63368,78.35209381,50.9400824,1
Tanzania,2004,0,131.6180139,25.97336515,26.59094252,5.225428593,47856.79561,42.09414926,-9.396149889,-8.132397175,-1.303508517,11.35029144,57.26847892,127.3872476,5.402580747,-1.745596324,61.68682377,76.95325173,69.92634304,1
Tanzania,2005,0,145.1552359,32.70008208,23.69355915,9.08462715,38612.26262,50.76214208,-7.425226733,-6.813677018,6.682996353,4.72759567,30.9765154,113.1815742,10.76531868,-0.38392955,150.001946,39.55999231,72.00892244,0
Tanzania,2006,0,101.6851253,82.96574187,12.6394319,-2.571320987,52521.17236,89.55412671,-12.55929401,-9.735009683,-0.259354547,8.143368189,7.507526609,138.7671006,0.304971645,5.786284056,123.2776899,13.53943269,66.79747803,0
Tanzania,2007,0,43.93317204,95.24535552,10.74843735,6.588004404,47154.78381,52.92290729,1.111309104,1.615157018,6.974543275,4.470316708,11.12529718,29.98490949,6.088341582,5.691049352,163.0053435,53.32128869,36.40885286,0
Tanzania,2008,0,33.73454491,22.23394726,13.28793121,-6.18415469,6993.184806,21.81672429,-10.48149234,-10.68564938,12.6508159,9.783324204,14.9702818,86.1904596,12.468954,4.448970082,78.60763128,30.53870752,60.47850865,0
Tanzania,2009,0,125.6706263,54.78845991,22.58853693,6.143595404,23049.91938,40.74008034,-8.564877788,-8.307973616,7.432617325,10.81461152,2.326829342,111.8772275,3.753010767,-0.90744554,88.73246269,75.57060908,90.74854478,0
Tanzania,2010,0,95.23834193,29.27586275,14.4912225,3.149881185,46541.24692,49.21317883,7.20284138,9.05408028,4.644569433,9.561061133,54.86134523,46.97411428,0.791263176,0.974419265,131.4969109,65.62633475,89.48815024,0
Tanzania,2011,0,100.3770527,15.40658515,38.16608756,-6.145129856,25215.28595,5.155582523,-6.831108117,-6.155057776,14.14361028,10.25773872,-31.18771216,62.52641016,7.447861118,0.958045546,122.2600292,55.47156489,80.063034,0
Tanzania,2012,0,121.5900715,39.29530043,21.23528275,-3.949920793,58350.21944,73.0950808,-0.833832041,0.048456507,16.02354271,1.671629521,95.11811811,74.46691267,14.64800191,0.482759203,107.9548057,29.91526933,75.77564115,0
Tanzania,2013,0,111.4260396,22.93188627,7.057860579,-7.364582228,44223.70486,6.482163002,-5.06084978,-2.2322165,-4.444542513,11.12674379,66.8478253,123.2623304,0.962378423,-2.596077254,161.9049972,59.08880056,32.26233102,0
Tanzania,2014,0,128.4795729,73.89397661,30.5243242,-2.340659779,1225.345026,37.5163599,-13.14921781,-12.43884491,-13.07000449,7.679458382,-5.275542175,84.16490614,1.050847391,1.810746368,134.7127345,30.24177867,56.75717316,0
Tanzania,2015,0,27.30780771,58.03528723,16.50958509,-5.927027178,52835.14579,79.48535636,-5.928404253,-6.646692763,12.71441616,10.49600162,-43.61786461,84.07310427,8.926748474,-2.344692071,156.5407781,12.63416889,28.87610478,1
Tanzania,2016,0,117.1776828,22.94510239,27.87211262,2.879959073,6318.045657,44.09488797,-4.798294924,-3.650338762,-11.44987571,8.371022788,56.69547586,76.01539041,3.751015693,4.217268126,72.98824435,45.59042113,85.38275597,1
Tanzania,2017,0,130.6108585,10.83174296,14.78580297,9.890102084,8689.266334,83.41162957,7.392527548,8.34928393,17.15802679,2.821248188,60.15385675,49.71658161,6.153468505,3.221764286,159.3482443,44.20791814,43.28345652,0
Tanzania,2018,0,57.19755552,82.73413441,24.97603096,-9.759816738,44149.19632,30.89753882,-6.888733659,-9.805647846,-19.08488219,7.509883669,94.54339158,139.9992996,12.45760729,0.17463306,119.2292162,63.41041811,81.34926914,0
Tanzania,2019,0,103.2581456,25.85749655,32.02533767,0.818396266,51938.623,95.55181087,-5.518972006,-5.714996225,16.8508473,1.545881757,-11.94416636,61.31414569,2.982730263,2.82422744,55.06519035,70.59717176,85.16631132,0
Tanzania,2020,0,60.8410683,64.5594978,37.48030596,1.473331951,32320.07279,16.99418534,4.572419217,6.029840834,3.567319704,8.500814848,-37.59123647,93.7705359,10.78949905,-0.902666941,85.1737331,34.81279421,91.39968779,0
Tanzania,2021,0,144.5362386,40.32297218,14.13945006,8.284175794,17556.26906,-0.982264776,3.97391628,3.968165027,10.98968466,5.203513122,87.27021366,39.34136562,7.567282699,-0.612749415,53.86345876,41.46311071,80.30640628,0
Tanzania,2022,0,24.34506442,62.69373445,16.71999328,0.120106695,21273.53805,86.60478701,4.957131916,6.634858732,-4.060296517,2.244931491,-11.20264481,76.45164097,13.57436539,-0.172798348,118.5311783,42.92802938,65.17832004,0
Cyprus,1980,0,95.3730697,38.40882643,21.24932471,0.874028393,20770.49298,73.98128517,8.844268502,8.54957068,19.66865168,11.76114288,58.2297171,137.4944571,3.451559323,5.756658003,169.55174,32.81158324,67.85479318,0
Cyprus,1981,0,41.64546112,17.82456046,37.45111932,-0.566943973,19802.6828,19.35830289,4.88893746,7.788867046,-10.8979429,10.86247088,-40.90105433,149.410481,12.05653175,1.364647071,81.60370203,79.12146919,45.64658215,0
Cyprus,1982,0,112.5886267,30.06550077,36.54853999,-4.621913909,14801.70741,98.39786875,-4.80979492,-6.052445384,-9.426253494,10.7757527,64.08772075,67.02774138,7.198065902,2.261823532,134.4171841,70.79528819,34.15969531,0
Cyprus,1983,0,42.86573684,26.92527098,8.145739804,-8.879417335,36649.36555,47.73941357,5.537712922,3.090448571,-17.94270224,9.571433523,-30.94611543,40.01877102,9.154529613,3.712582867,80.07006716,67.79696022,30.45089639,0
Cyprus,1984,0,50.59982405,48.52174172,9.617543901,-1.826846356,54054.19752,94.86187122,-2.283134198,-2.703063391,17.61893452,8.457782939,54.33795221,60.87869847,1.382301258,-0.131932723,92.75561376,45.07815843,34.56188169,0
Cyprus,1985,0,84.26820544,69.24554051,22.34282121,-8.948170575,18632.82006,48.028021,-8.057149187,-7.806895038,-1.758827856,8.033414023,29.85145718,62.54142989,3.07547375,-0.959336845,85.32219395,66.49612495,94.71615099,0
Cyprus,1986,0,138.9285435,33.74254675,8.731674548,1.009849389,11445.64956,44.54683161,-7.427073297,-8.332510907,6.994096589,1.720079134,93.32321957,103.7861433,11.60036822,5.682166552,146.7507007,28.68087532,33.15466034,0
Cyprus,1987,0,47.52286838,11.08629418,17.09533057,-3.854127135,50363.08668,42.1595464,-9.403940286,-10.95025333,7.497629099,10.85651171,-44.46235354,84.50037418,3.358626618,0.893538521,129.0093417,49.24546275,77.89899559,0
Cyprus,1988,0,38.75120275,56.70436278,10.19348824,0.672048031,44584.46485,30.16190399,-11.37517605,-10.34282391,14.98008369,10.63297656,-6.19268813,119.8997647,1.387947413,-2.985682561,158.1948719,37.50426429,34.77028347,1
Cyprus,1989,0,118.6669881,64.51835404,27.26141243,-7.314060712,55870.97078,51.0386572,-10.3877397,-11.1249891,6.597010026,9.100305205,-39.5736624,111.169427,8.958049234,4.539464687,82.9915156,21.99393381,98.02318162,1
Cyprus,1990,0,85.0805392,96.65834446,38.23234011,8.652599315,10181.52822,42.5182395,-13.42054875,-12.63233758,2.480847292,11.16412203,81.87964529,52.67013411,8.219047742,2.396977452,51.37228036,15.0829402,49.32676284,0
Cyprus,1991,0,138.5320646,63.05237228,39.88568196,7.890424871,8911.803453,-1.141577955,7.211271623,8.885700315,8.412740968,6.860459691,39.08517305,121.9532397,9.118408935,-1.482972936,152.0764351,49.07528681,52.97091432,0
Cyprus,1992,0,39.05989243,52.40553034,18.13343964,-6.200069816,32623.33484,22.34569951,8.275195241,9.841211008,10.03883196,5.647886849,30.24544185,130.1700427,9.274582445,-2.728742761,67.22809377,16.83473944,52.3609263,0
Cyprus,1993,0,103.9706261,61.60614633,25.9654423,-3.131114334,36981.68919,17.37789401,-0.330740188,-1.078884324,-12.56288215,11.63139512,-30.28131618,97.79072467,7.502960188,-0.376658121,86.94578366,60.26021677,85.31673472,1
Cyprus,1994,0,50.274289,93.51105669,34.96936787,2.269855437,28966.35448,86.08073824,6.012238915,6.419628289,-15.61331844,5.83750866,23.3548386,140.5968022,7.406608809,5.350983859,95.85292287,74.50279351,37.46324198,1
Cyprus,1995,0,40.37885572,84.5540331,9.111172548,-8.086275854,36058.30819,57.88134761,-10.41072243,-10.71277309,-17.00604598,7.875231072,9.805548276,121.783256,13.86248348,5.40142053,162.0203138,21.34742768,86.48197887,0
Cyprus,1996,0,108.845824,39.068086,29.13475439,-2.908643578,11068.6722,75.18672555,7.541845631,9.766677147,-5.037860219,4.790214689,-2.637219779,97.40146789,8.008225873,-0.200968623,143.8837716,42.9657005,72.56470836,1
Cyprus,1997,0,97.17900059,31.35289273,19.30952816,-4.977754264,28932.94112,95.46673396,-2.340961009,-0.06841013,-0.079990406,7.817751599,65.82834332,137.8015797,9.259503036,4.523378935,77.63981548,61.71422151,37.62241342,0
Cyprus,1998,0,118.1275696,33.63702511,12.21511561,8.310334574,39588.12589,62.62412362,-13.32087518,-14.25842569,4.625995932,8.78113845,-40.80859402,98.04660243,4.004540879,0.976607909,139.6831716,30.07877627,25.23260367,0
Cyprus,1999,0,60.23013494,55.39789357,19.09637666,7.050212726,26132.57502,98.1740491,-11.46718139,-13.9167567,18.32138079,7.683538541,47.0028591,87.75484655,13.06639801,2.889102742,156.2221993,74.45351637,81.99940332,0
Cyprus,2000,0,78.23631533,76.96445061,7.658610044,1.596654825,40863.00595,27.73522542,-7.27558848,-9.27009358,-6.768487192,6.417473824,73.44895468,66.31358425,0.36552139,0.009994883,108.3345804,72.19258912,37.51704367,0
Cyprus,2001,0,72.71131792,55.28972865,29.3392502,0.406926737,27236.11945,14.55805414,-13.91106049,-14.70905004,10.43496208,3.951274173,86.09609243,134.772233,8.358401434,1.643753366,86.8929371,17.2628049,91.12534638,1
Cyprus,2002,0,147.9316303,16.10167562,13.84599341,8.614515891,20215.89498,37.34753824,-7.26766555,-6.882165821,1.254304784,7.904225276,61.88748921,35.95453221,5.757754428,-0.355984981,151.8474159,11.91798401,30.38282219,0
Cyprus,2003,0,57.99236438,75.12226304,15.89919758,8.64855566,18425.22131,44.43393857,-13.50173917,-12.56101711,-11.19640272,10.9469323,-7.631648171,81.55535285,9.058562933,-2.449970739,141.63368,78.35209381,69.30916518,1
Cyprus,2004,0,58.32624099,82.53731158,9.237845438,9.386602507,24830.85292,89.012962,-9.09930987,-10.11108359,4.612217165,0.579494798,40.07611908,89.86373314,5.402580747,-1.745596324,61.68682377,76.95325173,75.3734715,1
Cyprus,2005,0,66.09126715,36.05480786,35.26306899,-7.492422318,1678.450474,53.7937461,-8.358256104,-7.353261386,18.68704713,2.040183815,-28.78945836,92.11738388,10.76531868,-0.38392955,150.001946,39.55999231,72.61619316,1
Cyprus,2006,0,93.39723057,69.77131654,22.27054977,-6.788843785,40210.95077,25.67900494,9.859224409,12.48566431,-15.02766803,1.877391323,-32.44090644,104.745678,0.304971645,5.786284056,123.2776899,13.53943269,45.28238516,0
Cyprus,2007,0,52.80195675,48.39327109,25.02514072,3.534733974,50752.80677,72.9765997,-9.111333156,-8.199248393,0.291190582,11.11686098,45.79362132,85.75343115,6.088341582,5.691049352,163.0053435,53.32128869,90.04188186,0
Cyprus,2008,1,138.9876922,90.02074202,24.93014391,0.828689532,21471.23754,48.1123534,-9.020338777,-11.0689474,-17.93566583,8.121598423,77.66614819,53.38635919,12.468954,4.448970082,78.60763128,30.53870752,81.58442534,0
Cyprus,2009,0,54.53912343,86.07030023,19.36725901,-9.630681902,3048.178228,12.02385425,2.169724209,2.647737687,-7.151348044,11.44556322,-39.91278115,131.4027715,3.753010767,-0.90744554,88.73246269,75.57060908,60.81650733,0
Cyprus,2010,0,136.4560451,57.28887985,11.73854704,-8.76049928,59210.50316,55.5660777,6.483936963,6.735310064,4.824107104,7.202352642,-34.09944018,105.4782926,0.791263176,0.974419265,131.4969109,65.62633475,68.26344224,0
Cyprus,2011,0,33.45175827,72.23549912,31.0796462,7.761607645,16042.78585,90.69642636,-5.323614685,-3.09941402,13.64227744,5.809928317,34.84109611,131.5644158,7.447861118,0.958045546,122.2600292,55.47156489,65.30969816,0
Cyprus,2012,0,105.3531513,89.50147309,9.446969288,7.377415911,7859.280965,83.47537483,6.890450499,5.99226883,9.213136869,9.611943486,-17.26822085,55.88565383,14.64800191,0.482759203,107.9548057,29.91526933,95.73588619,0
Cyprus,2013,0,137.9081174,54.61453091,8.63558266,-2.85458156,22374.22473,56.61504713,-6.496449481,-6.958775821,-1.485728871,2.350836076,41.77271842,102.8173963,0.962378423,-2.596077254,161.9049972,59.08880056,91.71305894,0
Cyprus,2014,0,41.93742699,38.19256664,29.85507632,7.821012339,44391.85533,34.59373326,-10.07460301,-9.482648677,16.36891028,4.885388338,-17.81842621,112.8425869,1.050847391,1.810746368,134.7127345,30.24177867,38.83978281,1
Cyprus,2015,1,145.8825048,77.82995241,12.30929572,1.873501488,17846.82083,4.132768862,-6.759029392,-6.612477521,-7.891413399,5.862153766,-32.52770385,69.84267085,8.926748474,-2.344692071,156.5407781,12.63416889,41.02078222,0
Cyprus,2016,0,78.87483685,29.80596293,15.7370463,6.11811294,34609.78127,44.31313695,0.233909348,1.548008903,10.15933641,3.932271537,31.83624732,125.5917354,3.751015693,4.217268126,72.98824435,45.59042113,98.51504577,0
Cyprus,2017,0,142.9429641,44.96780332,21.63296135,-1.451378577,25108.93167,73.96834094,-5.821421017,-8.579087072,-1.03963913,4.769784543,79.3292707,20.32614073,6.153468505,3.221764286,159.3482443,44.20791814,38.92485616,0
Cyprus,2018,0,107.9866057,87.91545134,20.72729609,-7.732033453,7330.510339,32.82874057,1.8223451,2.203441215,15.94543019,1.39820965,52.76829582,97.33956753,12.45760729,0.17463306,119.2292162,63.41041811,96.27834596,0
Cyprus,2019,0,59.20629308,75.19801062,29.80026938,-1.325458747,20018.13465,19.72191668,-9.076603014,-11.34657166,11.89731287,2.776811279,72.80877063,99.76390115,2.982730263,2.82422744,55.06519035,70.59717176,71.98029641,0
Cyprus,2020,0,44.47932824,46.34299047,26.82011277,-0.85400404,43574.76919,92.79487052,2.52482235,1.416076305,16.05878645,4.358212284,-10.04972384,89.3996021,10.78949905,-0.902666941,85.1737331,34.81279421,24.00875512,0
Cyprus,2021,0,59.48555601,29.32700522,27.55386568,1.018883877,36836.63267,81.26334855,-6.314040919,-5.34427975,-11.43008604,9.652739982,82.89679769,101.9063033,7.567282699,-0.612749415,53.86345876,41.46311071,46.85817596,1
Cyprus,2022,0,32.0922632,42.03715517,29.99190157,-7.888345742,7450.769279,62.01894004,-3.60329071,-5.658805506,6.726017285,2.598719581,6.555876186,41.73949141,13.57436539,-0.172798348,118.5311783,42.92802938,58.09232575,1
Gabon,1980,0,38.70283562,35.56937343,15.24144546,9.828037261,10050.34786,9.362251112,-1.056371489,-2.203320476,9.538536323,4.486364301,77.86715018,109.0215926,3.451559323,5.756658003,169.55174,32.81158324,86.64743132,0
Gabon,1981,0,33.60585725,25.84803591,16.28166591,-5.117263584,38551.78155,10.21542824,2.15562508,3.373663977,9.696570611,1.246583314,20.67633852,63.65256517,12.05653175,1.364647071,81.60370203,79.12146919,46.28683306,0
Gabon,1982,0,74.98266069,76.89996222,20.32992118,-6.028951929,48860.90023,5.838057103,-9.032157704,-8.127326249,0.160018019,6.906699966,-9.821352896,78.76698653,7.198065902,2.261823532,134.4171841,70.79528819,44.84626497,0
Gabon,1983,0,123.4251889,32.68628982,15.76117606,0.536058377,21163.62741,59.71115002,5.898638435,3.444876451,-19.54997911,7.529385214,-10.96117535,63.30421732,9.154529613,3.712582867,80.07006716,67.79696022,93.62106072,0
Gabon,1984,0,38.37986205,50.87507232,39.47282541,0.744163588,35840.05189,7.13409363,3.046068744,3.509679705,-9.542768645,10.45343933,35.15018265,81.61170645,1.382301258,-0.131932723,92.75561376,45.07815843,26.32274763,0
Gabon,1985,0,36.94165631,44.72735022,33.49181742,-1.203585243,10487.42225,83.47585588,-9.147552024,-11.26402525,-7.067965,9.919833983,-38.14845947,100.8039994,3.07547375,-0.959336845,85.32219395,66.49612495,64.12169718,0
Gabon,1986,0,103.6457634,98.38696408,10.76291409,5.437842927,18889.16731,99.26132519,9.374364065,7.887992337,14.08146469,3.781846479,89.50842919,128.9846512,11.60036822,5.682166552,146.7507007,28.68087532,60.33914159,0
Gabon,1987,0,45.63378766,45.19830197,5.195795456,0.333088015,1510.131279,33.46655939,1.619924776,1.375192448,13.63543268,2.074967426,-9.280475645,82.84655749,3.358626618,0.893538521,129.0093417,49.24546275,24.58678082,0
Gabon,1988,1,32.68930495,17.19842345,6.497414389,2.193909103,46166.07408,42.63533393,-3.689327838,-6.033246899,-15.81279584,2.294956595,0.343722677,62.01909759,1.387947413,-2.985682561,158.1948719,37.50426429,27.02073764,1
Gabon,1989,0,41.69031517,18.08431773,13.54222079,4.474927708,24240.28624,69.72505358,-11.06181686,-8.099935054,17.99343527,11.64308534,-15.00476694,83.43244426,8.958049234,4.539464687,82.9915156,21.99393381,50.55739464,1
Gabon,1990,0,140.0850815,63.16783492,9.000195004,-9.499497969,49022.69675,93.40106566,-1.669474942,-3.677257576,-12.70170053,8.242096861,-49.54880592,109.5444763,8.219047742,2.396977452,51.37228036,15.0829402,30.73289755,1
Gabon,1991,0,126.7912629,63.94271966,23.66683402,1.412883651,42589.86786,88.87984622,-10.88060283,-9.192727059,-3.425621948,0.98956406,53.88253552,65.07109317,9.118408935,-1.482972936,152.0764351,49.07528681,58.24575236,0
Gabon,1992,0,66.02839311,47.68830914,35.0298328,7.683889425,49776.03266,1.047142019,-4.262708033,-2.283674962,-11.39372136,2.072961433,38.58293516,73.85666971,9.274582445,-2.728742761,67.22809377,16.83473944,68.71111083,0
Gabon,1993,0,105.2566998,48.86593231,30.78625773,-9.652225141,17353.82257,12.75253927,-4.782186932,-1.815403112,14.41329875,6.086700749,71.44668103,93.16917621,7.502960188,-0.376658121,86.94578366,60.26021677,75.31173476,0
Gabon,1994,0,89.84583758,14.85393246,12.54631721,-1.896357924,11350.99121,74.23270585,2.998491109,2.570410416,9.976081274,2.890031249,-43.84838398,58.2212043,7.406608809,5.350983859,95.85292287,74.50279351,63.71760527,0
Gabon,1995,0,108.0261543,56.48918594,18.97547396,8.524549004,58322.76925,67.33377634,-10.19042047,-7.945853349,-5.858847724,9.742078328,89.29834671,47.18100574,13.86248348,5.40142053,162.0203138,21.34742768,50.37280127,0
Gabon,1996,0,108.7472498,55.42655278,22.77629733,-2.936911954,43124.46889,8.987952374,5.546783872,8.292020506,7.275145041,7.091996852,-0.366958991,38.2509969,8.008225873,-0.200968623,143.8837716,42.9657005,30.38069013,0
Gabon,1997,0,101.735422,23.45943867,33.35720473,-0.825423516,50092.3234,47.71678111,-6.846691825,-8.809326955,-12.62532463,7.54527039,86.96047938,65.83929781,9.259503036,4.523378935,77.63981548,61.71422151,39.79883318,0
Gabon,1998,0,54.59317791,19.34554475,34.36925611,9.630827861,1084.06241,76.98553626,-3.900284326,-4.023667791,-4.708116305,5.822493803,-33.93027769,26.28457784,4.004540879,0.976607909,139.6831716,30.07877627,53.55373416,0
Gabon,1999,0,25.0708347,21.12152415,36.84014092,-6.013522821,21461.35873,17.97197164,4.308524389,1.668589302,-4.915696466,3.444721917,61.58808722,95.85272847,13.06639801,2.889102742,156.2221993,74.45351637,93.92915867,1
Gabon,2000,0,79.22368166,19.09254218,22.82358377,-8.694896217,44646.15643,86.48520175,0.634809993,1.359154065,-10.48253273,7.278141552,36.90373471,42.86821758,0.36552139,0.009994883,108.3345804,72.19258912,36.2080465,0
Gabon,2001,0,135.826605,64.8737376,29.29961613,7.188451817,4955.57513,0.562036356,-7.299366205,-6.810929264,15.05248198,8.745155531,3.728682288,69.061323,8.358401434,1.643753366,86.8929371,17.2628049,53.06753847,0
Gabon,2002,0,94.03464361,27.68343872,8.913012993,7.369306824,34170.1938,77.13048393,-5.344926886,-7.120169178,7.153829419,4.765902893,-38.12864061,54.998966,5.757754428,-0.355984981,151.8474159,11.91798401,78.58470859,0
Gabon,2003,0,128.2108354,32.6287137,24.7851136,-0.558443306,25915.64422,59.66098448,-7.35532965,-5.567913097,-8.802427577,6.306851752,40.71047648,101.9506956,9.058562933,-2.449970739,141.63368,78.35209381,76.41626816,1
Gabon,2004,1,148.9111646,25.62149297,13.70421333,0.28414349,1351.705476,28.0959314,-0.130745818,-2.907133481,-10.31516957,10.15636566,-46.03401754,130.544936,5.402580747,-1.745596324,61.68682377,76.95325173,97.24740756,0
Gabon,2005,0,41.27010654,96.2051774,20.11009098,6.716127392,14387.74195,70.69791758,-6.68438667,-4.847022725,-19.28186116,2.209840261,25.19231487,102.3291356,10.76531868,-0.38392955,150.001946,39.55999231,35.27210373,0
Gabon,2006,0,109.9310931,86.91557168,27.19176779,4.771189962,17302.08175,77.14840849,3.14244237,0.302314117,-6.136709848,6.770080822,40.63128637,90.52564073,0.304971645,5.786284056,123.2776899,13.53943269,21.32156893,1
Gabon,2007,1,107.6581646,30.74453536,13.99450782,-4.697019956,6978.038797,93.05939199,-0.505321035,0.435651837,1.070851333,4.506745611,59.87856209,106.9808861,6.088341582,5.691049352,163.0053435,53.32128869,45.78586088,0
Gabon,2008,0,147.3942082,39.48096645,6.826477023,-9.662132899,38002.75351,33.61634058,-11.35733471,-13.88471762,-8.891562324,8.582139719,98.70019513,23.89878291,12.468954,4.448970082,78.60763128,30.53870752,31.975409,1
Gabon,2009,1,148.1280954,28.89035581,5.358184974,-0.405996749,14771.15321,67.03175728,-7.243284533,-8.735931417,8.018331057,0.716317796,-10.98594297,35.96980593,3.753010767,-0.90744554,88.73246269,75.57060908,63.87752419,0
Gabon,2010,0,109.2682195,54.26883635,5.775583744,7.178246522,16873.88413,58.27470908,-9.463813952,-8.132333856,-3.53001884,8.210442948,-1.641526794,32.34054068,0.791263176,0.974419265,131.4969109,65.62633475,91.90232442,0
Gabon,2011,0,51.66992296,11.76494792,5.292240813,7.916693534,53924.84431,50.14663729,-5.242169686,-6.559740888,-7.34728652,1.683323941,1.171802021,32.76563155,7.447861118,0.958045546,122.2600292,55.47156489,75.05814664,0
Gabon,2012,0,123.812259,70.4231208,8.86242698,9.124523942,28187.24863,88.49372979,-2.100397845,-2.033354752,17.56230635,1.244829159,59.73740678,53.86288298,14.64800191,0.482759203,107.9548057,29.91526933,30.86390851,0
Gabon,2013,0,33.91378745,57.08423348,13.38210501,7.591264752,23710.05037,-4.667432015,-2.330928568,0.160561049,-9.487964908,8.833167961,89.77289024,89.16679385,0.962378423,-2.596077254,161.9049972,59.08880056,29.28720195,0
Gabon,2014,0,121.4909095,90.87750355,12.742753,1.600871106,43515.10099,24.62171864,3.863091914,1.160898038,-4.069695196,7.863934758,96.14856244,34.90860523,1.050847391,1.810746368,134.7127345,30.24177867,92.91598506,0
Gabon,2015,0,138.3254961,24.79534159,39.5378808,-1.107888015,54603.94367,51.51911015,-10.27070341,-8.404224648,-4.708368459,10.79176321,91.87170498,141.5651114,8.926748474,-2.344692071,156.5407781,12.63416889,59.00876399,0
Gabon,2016,0,69.76834132,82.36983215,15.71021368,5.496996931,1794.669273,13.72079247,8.661820732,6.053452724,-10.35206617,6.476031992,81.90745116,131.0533843,3.751015693,4.217268126,72.98824435,45.59042113,93.89383936,0
Gabon,2017,0,101.9825883,81.2764913,9.459727418,4.796432687,27059.85914,90.32598604,-6.428872328,-8.668103262,-11.30093041,6.595280894,98.64660607,146.313766,6.153468505,3.221764286,159.3482443,44.20791814,78.89741724,0
Gabon,2018,0,75.91855517,21.44630703,24.09468905,0.762868602,36763.64696,62.99748735,-7.493778827,-9.777864204,-7.904799247,8.630705109,6.391859025,25.52500586,12.45760729,0.17463306,119.2292162,63.41041811,99.46787685,1
Gabon,2019,0,76.90945715,45.87033017,35.02851094,-8.253452549,19318.21696,45.17771444,2.129464455,5.094078154,14.5694468,4.219072128,92.248198,130.6823181,2.982730263,2.82422744,55.06519035,70.59717176,89.69821941,0
Gabon,2020,0,60.34821558,25.3137377,28.73211319,8.521626936,46412.74101,80.5436847,5.137915717,3.219033633,10.68331549,0.924493237,64.15299436,124.4854298,10.78949905,-0.902666941,85.1737331,34.81279421,53.13697538,0
Gabon,2021,0,119.0768507,32.92484504,15.36287312,-0.88794925,58297.1811,42.3430501,-5.53820588,-3.157634802,7.239980566,3.145526996,-24.73102107,137.2737624,7.567282699,-0.612749415,53.86345876,41.46311071,80.6582262,0
Gabon,2022,0,141.7029533,33.69215573,24.65656559,-2.733324362,56622.61377,53.65856625,3.671174372,6.61676735,-1.715880294,3.237154237,-43.18022182,88.6327418,13.57436539,-0.172798348,118.5311783,42.92802938,57.69825339,0
Zimbabwe,1980,0,142.2976117,60.06127546,30.0199591,2.591347903,16179.1576,-4.711145467,7.093398903,6.396107526,0.310159385,4.360076778,-17.82740632,122.4255792,3.451559323,5.756658003,169.55174,32.81158324,38.64578345,1
Zimbabwe,1981,0,42.72156703,47.02698386,30.48365723,3.476759223,13812.39522,33.39855567,4.17009163,4.956382891,-9.31444618,11.34982143,66.81266864,26.66729431,12.05653175,1.364647071,81.60370203,79.12146919,39.2823407,1
Zimbabwe,1982,0,133.7166745,95.29595236,28.32884594,-5.786241659,57462.1847,9.572999597,-14.14508786,-12.47054034,-17.02736345,9.755692185,44.75453218,29.86411263,7.198065902,2.261823532,134.4171841,70.79528819,51.78577156,1
Zimbabwe,1983,0,115.8660874,21.37331278,35.47836487,6.738776896,27680.1207,67.41731147,5.684222784,5.040093275,-6.758377731,11.26349682,-16.3465614,35.40919132,9.154529613,3.712582867,80.07006716,67.79696022,28.91729808,0
Zimbabwe,1984,0,52.86886209,97.63229214,35.45369104,-4.201258127,12735.37407,45.29783069,4.362023961,2.332908804,-0.17664976,11.98401029,61.28821817,138.9225522,1.382301258,-0.131932723,92.75561376,45.07815843,34.22130279,0
Zimbabwe,1985,0,28.74699968,30.75747762,25.26277958,-6.266321482,42507.71873,26.68454351,1.732255954,1.334832417,-17.70747814,5.488458547,-28.80166408,27.95201542,3.07547375,-0.959336845,85.32219395,66.49612495,60.0486947,0
Zimbabwe,1986,0,54.83964469,79.55865427,20.04497292,-1.872002943,17279.89334,44.12239563,4.000560477,5.631886347,-16.47066792,3.111343142,73.27620908,33.01943847,11.60036822,5.682166552,146.7507007,28.68087532,96.31379819,0
Zimbabwe,1987,0,138.5870708,40.50729336,27.45496034,4.611201618,16254.64441,17.01113823,9.485634896,11.17021147,-9.478990685,6.940047854,69.1241464,140.9533523,3.358626618,0.893538521,129.0093417,49.24546275,66.21490736,1
Zimbabwe,1988,0,102.3132277,22.87732559,33.63742005,9.309163569,52791.16787,92.13409641,-4.222177805,-5.838945052,-5.316785056,10.63304576,95.88639561,33.96103564,1.387947413,-2.985682561,158.1948719,37.50426429,52.67973994,1
Zimbabwe,1989,0,113.7371059,87.21002667,5.197823669,6.185625287,10000.00546,0.667126418,-13.31941913,-15.26962529,-4.267327555,5.855916402,-27.45806531,133.0683188,8.958049234,4.539464687,82.9915156,21.99393381,39.41602559,0
Zimbabwe,1990,0,53.42980564,37.79748093,39.71989532,8.806967553,4144.258904,85.86878871,-3.477750759,-0.954386547,-15.28455735,6.31209198,85.99194916,122.6052024,8.219047742,2.396977452,51.37228036,15.0829402,35.67210438,0
Zimbabwe,1991,0,113.5204602,69.29698638,11.40128203,-7.187883918,16370.43048,48.69267282,-13.83915862,-16.57516443,-10.96714582,2.046049718,1.165399558,25.23665851,9.118408935,-1.482972936,152.0764351,49.07528681,72.67256235,0
Zimbabwe,1992,0,23.65579582,60.97993166,21.4587145,-8.576464023,36534.64115,59.98938209,-7.643739798,-6.235308943,-9.534109917,5.335238165,12.40897972,22.8401616,9.274582445,-2.728742761,67.22809377,16.83473944,87.86602539,0
Zimbabwe,1993,1,68.79177495,52.45806785,35.52104072,1.154095238,7648.344848,26.7735902,-0.328005205,-3.049476892,-17.29460495,4.950440313,20.26675943,89.47048986,7.502960188,-0.376658121,86.94578366,60.26021677,51.90847412,0
Zimbabwe,1994,0,101.4779353,54.62375254,12.87641397,-4.194050339,28454.20193,96.50324976,-7.259427677,-5.232027372,-6.956011976,4.544417783,44.03560798,149.6328025,7.406608809,5.350983859,95.85292287,74.50279351,64.05272371,0
Zimbabwe,1995,0,38.99255352,75.90141227,21.68783284,6.561099459,37752.02549,24.59435064,2.134881148,4.567370028,-17.11113709,10.7039347,99.21450552,134.2479208,13.86248348,5.40142053,162.0203138,21.34742768,76.5381409,1
Zimbabwe,1996,0,126.9904647,17.89956227,9.640376306,3.439757428,50969.59846,56.8321897,5.549658192,4.334172938,8.138313724,1.181966482,39.99382046,60.30330634,8.008225873,-0.200968623,143.8837716,42.9657005,24.663646,0
Zimbabwe,1997,0,50.55406885,70.13625958,18.82767139,9.41456328,14023.21459,99.30875404,-4.489020518,-7.045406657,-4.558089338,11.6796926,89.00737976,70.22020044,9.259503036,4.523378935,77.63981548,61.71422151,48.07176379,0
Zimbabwe,1998,0,104.7965447,90.62308913,11.19974092,-4.904152885,49095.57551,87.51491162,7.503448782,7.387556,-6.929904425,0.594838491,-11.74576969,70.42777951,4.004540879,0.976607909,139.6831716,30.07877627,78.38023118,0
Zimbabwe,1999,0,72.67562853,15.20093773,17.72697121,-0.284317713,14323.90379,51.31463166,-13.00402672,-14.2132485,-14.93911314,11.37433116,9.761749272,115.4432461,13.06639801,2.889102742,156.2221993,74.45351637,74.76952212,0
Zimbabwe,2000,0,97.48566741,22.65880053,18.07124759,0.024809549,40702.96251,98.98932491,6.002829105,5.505645962,-10.93985378,6.802546283,25.67492942,64.34725785,0.36552139,0.009994883,108.3345804,72.19258912,24.26781795,0
Zimbabwe,2001,0,33.96857184,74.4968743,39.76097764,-5.216464103,26011.21222,68.64383548,5.714328636,6.704241357,-10.69179164,8.578120311,-1.564701532,39.21361798,8.358401434,1.643753366,86.8929371,17.2628049,39.02547987,0
Zimbabwe,2002,0,22.19866399,49.35534834,39.81845603,1.80186799,7146.47017,16.91354369,-6.950152592,-8.691196376,19.40816859,2.652027771,96.53006544,117.1239631,5.757754428,-0.355984981,151.8474159,11.91798401,74.39657716,0
Zimbabwe,2003,0,138.2433756,46.31937587,9.017519753,-1.134280278,42941.52873,37.5876021,-7.532120322,-8.390410905,13.41397518,8.023432699,58.85253308,79.54203037,9.058562933,-2.449970739,141.63368,78.35209381,41.71328339,1
Zimbabwe,2004,0,55.05190114,22.32699711,30.40890728,-1.06556888,13300.42833,30.12180007,-7.372625471,-5.677250529,-19.38950833,10.64251319,21.83220283,29.98123408,5.402580747,-1.745596324,61.68682377,76.95325173,85.15282351,0
Zimbabwe,2005,0,126.5580104,55.60930366,6.811091788,-2.745267041,10844.41853,31.12143937,5.284842809,6.147414508,4.673463631,2.104021608,62.69570518,122.7067949,10.76531868,-0.38392955,150.001946,39.55999231,22.36038874,1
Zimbabwe,2006,0,149.9155391,21.38907801,6.056720537,-9.661412951,21691.87884,74.84792613,5.79133719,4.748990137,-9.763596143,1.961438541,20.11637486,96.09046431,0.304971645,5.786284056,123.2776899,13.53943269,35.22776234,0
Zimbabwe,2007,0,47.48606354,52.89584107,8.686686299,0.441904738,39301.42761,56.34760736,-6.756938529,-5.771128928,-15.82492285,3.995745955,-47.41620089,83.61801228,6.088341582,5.691049352,163.0053435,53.32128869,42.5050384,0
Zimbabwe,2008,0,54.47219635,78.72537691,38.791998,-3.295043286,14269.58978,-1.000265283,-0.185241314,1.406636223,8.223990525,2.359847763,31.47901117,107.5346117,12.468954,4.448970082,78.60763128,30.53870752,94.02318678,0
Zimbabwe,2009,0,106.1717724,33.24379221,37.93022418,-9.97360262,11264.59387,87.13209078,-11.52666926,-10.97175578,-14.73577802,1.772427253,43.77778281,85.69779877,3.753010767,-0.90744554,88.73246269,75.57060908,83.70551651,1
Zimbabwe,2010,1,145.5083225,53.27075514,11.78747371,-3.841125847,894.2314551,26.16359475,-3.280531543,-4.843550548,-2.250368819,8.300668914,97.18111281,104.2946192,0.791263176,0.974419265,131.4969109,65.62633475,90.73160692,0
Zimbabwe,2011,0,139.0558653,99.28143725,10.65853174,-4.427433338,28457.0929,99.69286208,9.969821271,6.971293014,5.286606594,2.95900606,-43.88107276,132.7735109,7.447861118,0.958045546,122.2600292,55.47156489,55.23833177,0
Zimbabwe,2012,0,85.37381761,71.7985381,13.41872803,-2.131036936,25890.14049,95.19002669,-11.02902131,-9.211926665,2.179790246,8.170671343,26.81454362,99.75686785,14.64800191,0.482759203,107.9548057,29.91526933,85.8049673,0
Zimbabwe,2013,0,123.3643367,85.72210942,23.04414479,-7.362960207,14261.9043,93.75572525,8.689065999,10.62486733,19.10516393,10.41218611,-35.27678649,105.7480647,0.962378423,-2.596077254,161.9049972,59.08880056,88.27948575,0
Zimbabwe,2014,1,37.6469609,47.33628459,24.93966212,0.153676493,3503.034191,80.16839843,5.606368049,6.791995057,11.42970452,7.998285101,-27.65061476,99.80128902,1.050847391,1.810746368,134.7127345,30.24177867,51.99654591,1
Zimbabwe,2015,0,147.0669639,79.10748308,12.75577007,3.84880705,25926.57571,18.16439983,9.305366274,6.764851862,10.96773505,1.872721304,41.56950085,89.05337109,8.926748474,-2.344692071,156.5407781,12.63416889,99.55694782,1
Zimbabwe,2016,1,145.3659204,13.64582556,31.48179758,2.603711381,47355.84513,50.92643812,-10.51053098,-9.99919726,-5.776184237,7.096142102,-15.26484316,42.35641343,3.751015693,4.217268126,72.98824435,45.59042113,88.09909034,0
Zimbabwe,2017,1,41.28476452,21.06200643,15.83436093,6.075098951,43002.34324,18.55177582,-9.662037739,-7.735913711,-19.66418032,5.026729868,62.37611669,63.63809366,6.153468505,3.221764286,159.3482443,44.20791814,97.9277575,1
Zimbabwe,2018,0,58.92500622,28.27635336,37.27459639,-0.95983424,51689.45492,22.26592284,-14.57832046,-15.24031054,9.376437187,4.448765772,27.12980389,110.1041658,12.45760729,0.17463306,119.2292162,63.41041811,89.31976869,0
Zimbabwe,2019,1,33.02014968,46.17567322,27.98529473,0.381834607,872.0864565,59.14993579,3.117545323,1.305549728,19.98928337,4.163111889,-17.26806723,75.31189387,2.982730263,2.82422744,55.06519035,70.59717176,82.09629122,1
Zimbabwe,2020,0,55.32328786,86.11703905,20.2722918,6.208038817,57995.23321,-0.712477738,1.102367336,1.628131119,-3.76483569,11.18847057,24.06875164,72.79677155,10.78949905,-0.902666941,85.1737331,34.81279421,95.50750988,0
Zimbabwe,2021,0,126.0742526,41.16394457,32.64692006,-1.445976584,20682.31148,96.79314952,-10.54836404,-8.590524278,19.42073996,9.038835752,-49.86774096,118.7050069,7.567282699,-0.612749415,53.86345876,41.46311071,53.58553957,0
Zimbabwe,2022,0,69.18102893,68.91590742,33.62701191,4.031986998,59426.74843,91.46068312,4.778624139,2.071843891,-14.33167562,2.03926108,79.41100655,20.72395188,13.57436539,-0.172798348,118.5311783,42.92802938,82.66667468,0
Cuba,1980,0,31.49160573,73.83828653,15.1668562,-1.307952626,15381.3818,34.98059508,-7.520112347,-6.938405044,-8.139505935,5.974063017,-48.09824344,108.2692824,3.451559323,5.756658003,169.55174,32.81158324,37.03129647,0
Cuba,1981,0,64.48931822,62.75641187,16.89000903,-1.64527611,28450.72234,49.11935704,-11.62511077,-10.76606799,-13.17092273,4.159565365,-48.94851613,83.59944636,12.05653175,1.364647071,81.60370203,79.12146919,78.62350838,0
Cuba,1982,0,147.5798335,42.15177714,37.75843038,5.204112491,21429.48229,43.94253902,-4.435933375,-3.821731138,-0.992961083,11.74629059,41.72559148,68.97913556,7.198065902,2.261823532,134.4171841,70.79528819,82.82826264,0
Cuba,1983,1,101.8588674,61.93480075,10.76593634,-6.503261691,21538.91469,87.63097675,-12.72575379,-11.82555168,11.87925606,11.74733319,96.02813887,64.2697595,9.154529613,3.712582867,80.07006716,67.79696022,77.32195279,0
Cuba,1984,0,74.10092303,40.80390335,6.475264594,-3.228280561,50584.2413,67.30319701,-8.418908593,-7.630656748,-6.373532338,4.174646455,78.39002265,42.47381439,1.382301258,-0.131932723,92.75561376,45.07815843,87.98504523,0
Cuba,1985,0,41.65000675,17.54863647,20.89193629,-5.516554465,44861.2107,24.20168098,-5.716666039,-7.934242729,16.24915749,4.549300836,-12.19716311,63.45277076,3.07547375,-0.959336845,85.32219395,66.49612495,53.06683575,0
Cuba,1986,0,148.2029836,99.35235804,33.04234651,-2.817801141,59531.44068,41.91833172,6.296604363,4.706225025,1.793216533,7.393263382,-20.49997833,70.88440137,11.60036822,5.682166552,146.7507007,28.68087532,63.58145057,1
Cuba,1987,0,126.7103712,21.44642083,32.00838372,-5.392503553,36926.82656,40.04142745,4.813718532,5.527682564,-1.38302345,6.012030665,43.9168271,76.86835953,3.358626618,0.893538521,129.0093417,49.24546275,20.85339286,1
Cuba,1988,1,56.59204932,16.51135455,37.18357201,1.588112622,27956.41928,95.73019267,-3.931142856,-6.824983889,11.48143369,2.95066003,73.39566205,107.399083,1.387947413,-2.985682561,158.1948719,37.50426429,31.68425304,1
Cuba,1989,0,29.10893044,89.06776743,23.66202325,5.963416052,5677.409618,13.4076456,3.114376444,3.922843556,-15.94226012,8.09473992,4.311800635,78.96423252,8.958049234,4.539464687,82.9915156,21.99393381,71.53551405,0
Cuba,1990,1,27.36132246,37.16511948,8.502263505,5.732261224,59794.71674,4.405515416,-0.783759096,0.208560647,10.95009885,4.342479405,14.85318856,123.5169595,8.219047742,2.396977452,51.37228036,15.0829402,64.98537597,0
Cuba,1991,0,35.64915944,68.52672767,25.6041141,-2.709980709,33226.37998,87.46497738,-6.478953623,-8.043905064,-10.28191999,8.017739731,-32.67657295,103.1659397,9.118408935,-1.482972936,152.0764351,49.07528681,35.78660108,1
Cuba,1992,0,95.49991587,39.61051567,32.2438465,9.775208118,42118.50494,89.1520289,3.146858587,3.735655566,-8.767498113,4.912337507,-27.07603681,44.64762033,9.274582445,-2.728742761,67.22809377,16.83473944,39.47718353,0
Cuba,1993,0,140.7392448,45.23088437,8.266484209,1.877087294,24582.52052,86.53260423,2.087478862,2.292019226,3.978150933,8.552413779,35.25273925,56.03251246,7.502960188,-0.376658121,86.94578366,60.26021677,47.52657615,0
Cuba,1994,0,84.57664564,33.59016748,11.04300904,-2.011993964,32998.62778,48.65257614,0.477361055,-0.958489656,16.077377,8.179693915,-34.60157814,30.30239424,7.406608809,5.350983859,95.85292287,74.50279351,77.31317704,0
Cuba,1995,0,129.5829127,40.87396052,5.43017314,6.710785585,56571.89059,64.27316497,0.448888026,0.226732097,3.136277991,6.351346693,-19.69308128,142.9438281,13.86248348,5.40142053,162.0203138,21.34742768,68.77732821,0
Cuba,1996,0,77.96526058,46.96303605,25.77784028,4.597480253,10235.24044,54.15311999,2.074549808,4.532296985,5.957973952,8.604509893,-14.7984464,135.2515626,8.008225873,-0.200968623,143.8837716,42.9657005,25.56570113,1
Cuba,1997,0,112.1158609,74.83744622,36.03570372,4.985506736,17754.64328,2.292021736,-5.386362184,-5.826745501,11.06378358,5.801105277,16.58867998,31.02350931,9.259503036,4.523378935,77.63981548,61.71422151,80.79513192,0
Cuba,1998,0,115.1434558,56.03825748,28.47321606,-6.077213005,9377.965748,57.56266417,6.726895377,7.505960438,-9.62700964,1.835590446,-43.15820538,94.62988206,4.004540879,0.976607909,139.6831716,30.07877627,41.01276504,0
Cuba,1999,0,42.61528177,94.92086954,39.37140307,-0.633513853,47595.28946,-3.570514538,-10.94230386,-13.73019894,13.08934691,2.594221913,24.96564575,144.8522365,13.06639801,2.889102742,156.2221993,74.45351637,73.74077427,0
Cuba,2000,0,66.95808767,13.76923545,7.206177837,7.236562616,4004.102047,29.123678,7.097136581,4.563937261,-3.281594037,3.328921043,89.30116096,117.1285627,0.36552139,0.009994883,108.3345804,72.19258912,29.86902757,0
Cuba,2001,0,102.8492803,55.27614904,36.60503798,0.080760153,5173.409496,92.89072047,-6.442953924,-8.955105484,-12.97377226,1.227132675,-46.33045083,83.93558522,8.358401434,1.643753366,86.8929371,17.2628049,99.83370214,0
Cuba,2002,0,29.19055906,62.58023099,33.49239006,3.669054868,18120.09853,26.92475331,-11.87420961,-10.20476503,-5.995276822,8.680884037,44.64772978,51.34338856,5.757754428,-0.355984981,151.8474159,11.91798401,26.42681366,0
Cuba,2003,0,67.00022441,92.81772875,15.99845322,1.758674661,30997.0344,93.68179748,0.000685067,-0.897773564,-10.15475553,4.724987609,75.37635477,56.27481976,9.058562933,-2.449970739,141.63368,78.35209381,79.33872227,0
Cuba,2004,0,89.52393062,14.42426713,39.07342931,6.847135754,24554.60559,21.2640655,-5.600333273,-7.234663143,-10.85145579,1.575517908,-3.130873618,115.7109341,5.402580747,-1.745596324,61.68682377,76.95325173,63.30642874,0
Cuba,2005,0,149.5091841,61.61496264,15.07782119,-4.308783205,2975.533747,28.02903525,5.387493178,6.871440588,-8.697472051,9.929518388,-30.27221825,121.4747855,10.76531868,-0.38392955,150.001946,39.55999231,26.8751353,0
Cuba,2006,0,81.68936314,86.82669357,36.12566533,1.509505558,57462.246,60.98278713,-4.230363287,-6.210602911,-12.76276741,8.362024271,-43.49903186,88.73013217,0.304971645,5.786284056,123.2776899,13.53943269,22.1448366,1
Cuba,2007,0,126.0873784,31.77349553,35.8262002,-7.53530664,57186.31037,74.97083214,1.714063139,0.193018289,6.708070283,5.700578727,46.58545892,35.7233312,6.088341582,5.691049352,163.0053435,53.32128869,49.0132574,1
Cuba,2008,0,76.16874706,88.86631137,31.51801658,3.804215534,16977.5725,47.64571564,-7.293550262,-7.707961603,3.199670281,3.345391354,32.83515703,141.4028886,12.468954,4.448970082,78.60763128,30.53870752,84.17791456,0
Cuba,2009,0,123.5307939,11.71390683,24.72146658,4.639356767,43972.07923,87.62214716,-9.763690624,-10.77506221,5.937675719,2.245077779,-15.60575174,129.8191555,3.753010767,-0.90744554,88.73246269,75.57060908,23.29209922,0
Cuba,2010,0,97.40392421,75.92091662,9.200096237,-9.143253576,34840.95206,-0.774755731,-5.298774226,-4.78642096,-6.251011047,5.771303205,74.74259614,38.27004127,0.791263176,0.974419265,131.4969109,65.62633475,76.35189307,0
Cuba,2011,0,135.2574074,93.98018991,23.61901071,3.515819273,14477.35869,91.83045806,0.170195865,-0.80276042,10.7893361,10.68032604,60.32595282,27.37458587,7.447861118,0.958045546,122.2600292,55.47156489,72.4301021,0
Cuba,2012,0,73.42253181,69.14778955,17.48786895,-1.706196917,15951.64164,15.61231899,1.42366848,0.781378295,-14.81565036,2.666546218,-8.535682252,89.66279876,14.64800191,0.482759203,107.9548057,29.91526933,41.24301414,0
Cuba,2013,0,98.55957458,49.51263196,32.72759616,-7.518062478,29621.84451,87.84506823,-0.544833368,1.632486282,2.845468378,7.039581133,63.00445343,56.9385403,0.962378423,-2.596077254,161.9049972,59.08880056,26.19936286,0
Cuba,2014,0,101.9024285,14.03929148,31.53452223,-1.601849046,25328.44541,37.09063385,9.701392966,12.0085816,-8.98188111,11.55938895,-13.25086797,56.82246222,1.050847391,1.810746368,134.7127345,30.24177867,93.22575684,0
Cuba,2015,0,74.25978243,92.8102432,36.87143776,-6.115341406,17686.3909,82.43949087,2.277254662,4.243521807,1.104396028,7.82684061,51.29011928,31.33880706,8.926748474,-2.344692071,156.5407781,12.63416889,44.02798422,0
Cuba,2016,0,38.76056568,52.32666004,5.519055685,-1.688809358,48508.4423,65.52488273,8.28799069,10.47697629,-7.05451299,5.559594397,-32.21824384,143.9401586,3.751015693,4.217268126,72.98824435,45.59042113,28.91065854,1
Cuba,2017,0,32.1627229,12.60970699,33.31861259,-2.313219441,29043.33618,13.47387141,-12.05167013,-11.63329811,11.6204706,8.738289189,53.8359195,127.9216398,6.153468505,3.221764286,159.3482443,44.20791814,74.52136627,0
Cuba,2018,0,22.16730158,72.08389642,37.84617186,4.767832739,39394.42932,91.39499484,-13.46567675,-12.58827747,15.65087355,9.982646069,-14.18383715,34.79849694,12.45760729,0.17463306,119.2292162,63.41041811,37.3344983,0
Cuba,2019,0,133.5594544,53.36535282,32.62551572,5.484311163,11599.62796,20.779326,-7.22513245,-6.88209345,9.703248935,7.290937426,35.87040314,133.9578398,2.982730263,2.82422744,55.06519035,70.59717176,58.05046045,0
Cuba,2020,0,50.74173859,21.19107857,9.556806095,2.140573088,32150.40745,20.63471246,-11.58527654,-9.871748036,-12.97665149,10.52607213,-24.13041997,108.7842873,10.78949905,-0.902666941,85.1737331,34.81279421,24.03244354,0
Cuba,2021,1,47.49587741,29.28446284,7.844768669,-9.546263156,19283.17015,80.48878415,-1.853286794,-1.54728388,-9.005324064,6.417805233,58.89504214,62.30734714,7.567282699,-0.612749415,53.86345876,41.46311071,99.43871591,0
Cuba,2022,0,115.6846021,15.80416124,5.729583393,8.620445581,31726.89254,6.116691835,-2.025468662,-4.359006875,16.77432262,10.04533353,-40.86806384,133.2625721,13.57436539,-0.172798348,118.5311783,42.92802938,55.80969014,1
Morcco,1980,0,61.6020947,61.68641857,27.0060829,3.724665602,46915.30225,18.31377017,-0.623820839,1.233659884,-2.511194894,11.44822126,-25.18733198,97.74288441,3.451559323,5.756658003,169.55174,32.81158324,99.9287985,0
Morcco,1981,0,85.78581001,65.98265313,27.03854282,-9.316091002,46204.11864,47.88614521,3.630697021,5.194208045,17.64721637,6.264299871,-22.37952802,130.3270798,12.05653175,1.364647071,81.60370203,79.12146919,50.85399015,0
Morcco,1982,0,41.12643849,55.51680685,39.54198,6.376657984,21446.97448,82.20008801,9.283242505,11.20504608,-4.301932446,7.457519729,-43.79846212,81.00483018,7.198065902,2.261823532,134.4171841,70.79528819,47.82820448,1
Morcco,1983,0,144.7669438,83.53919197,18.93151109,-5.994676906,41748.34389,10.48581735,6.956467286,5.099044066,18.07098642,7.508876744,61.75187742,85.08463522,9.154529613,3.712582867,80.07006716,67.79696022,93.16578626,0
Morcco,1984,0,130.705582,87.49079392,16.61671997,1.584423791,56495.01004,52.50516462,-12.04081901,-13.41111669,17.02955951,9.486500931,97.14287571,57.83130382,1.382301258,-0.131932723,92.75561376,45.07815843,46.35726831,0
Morcco,1985,1,132.292651,65.4061957,26.85487245,-0.667312601,37652.459,69.68026214,-6.537157781,-7.762647597,6.421075599,9.964107162,66.75966826,70.40004995,3.07547375,-0.959336845,85.32219395,66.49612495,54.56044379,0
Morcco,1986,0,72.88058731,11.14808317,33.89630354,-1.603224353,9160.084366,85.3624986,-8.604424374,-8.555941157,-19.64691806,0.813137136,79.09479432,93.80776899,11.60036822,5.682166552,146.7507007,28.68087532,26.24883494,0
Morcco,1987,0,119.1069578,72.57066902,37.78708823,7.794274402,40878.60517,93.23438382,-10.57956606,-12.77630355,-3.986612721,8.933634987,-49.09885095,143.1176991,3.358626618,0.893538521,129.0093417,49.24546275,96.43699104,0
Morcco,1988,0,38.7039002,47.61992952,33.10934582,-1.252774169,6562.791865,77.38719102,-1.381878084,-2.069587564,16.44940519,9.513875313,-32.31950543,98.0153088,1.387947413,-2.985682561,158.1948719,37.50426429,26.81209927,0
Morcco,1989,0,21.12047034,60.90017349,19.93358932,-8.493117649,52364.9914,63.54698181,-1.168389949,-3.075440983,15.40441156,8.554938554,33.85305089,39.15916493,8.958049234,4.539464687,82.9915156,21.99393381,81.69479468,0
Morcco,1990,0,22.59648124,68.41725418,27.22199824,8.932774544,31144.6316,40.53010896,-9.318879303,-10.73030302,-12.504488,8.707500082,96.68033272,20.90950411,8.219047742,2.396977452,51.37228036,15.0829402,63.0892315,0
Morcco,1991,0,96.25822586,41.52129529,34.97047644,8.410704625,23292.90196,6.77156619,2.797431258,4.035757065,-4.032700161,0.976132881,49.10693966,130.6284212,9.118408935,-1.482972936,152.0764351,49.07528681,24.91241152,1
Morcco,1992,0,79.20133768,92.53886547,22.17133909,3.688653792,3703.293701,69.52240522,3.322857479,5.451724417,13.42039712,5.583444612,6.120504061,67.36230504,9.274582445,-2.728742761,67.22809377,16.83473944,20.13630624,0
Morcco,1993,0,87.34199536,22.05773801,12.58403253,-0.642149437,23032.78896,99.23741697,-14.47550013,-17.33806493,3.11511413,9.909065972,-28.07760418,60.94557215,7.502960188,-0.376658121,86.94578366,60.26021677,94.84429108,0
Morcco,1994,0,20.97020825,70.43606266,10.94032039,-8.142810541,54221.43807,72.35986245,-5.106057407,-4.710675627,13.89196934,11.24108212,-27.07464584,124.095046,7.406608809,5.350983859,95.85292287,74.50279351,79.37387234,0
Morcco,1995,0,74.94926056,10.3923622,5.00552106,5.814962372,1552.684878,-3.245335158,7.25351603,4.469874602,13.06269538,3.138881087,4.412980348,142.8973589,13.86248348,5.40142053,162.0203138,21.34742768,74.91489948,0
Morcco,1996,0,113.348861,93.21859949,30.13832982,-8.490441712,28636.49502,47.10729769,-1.992034794,-4.480539324,16.29928028,7.160741814,57.0715296,117.2458615,8.008225873,-0.200968623,143.8837716,42.9657005,55.08452245,0
Morcco,1997,0,77.55018126,20.12537199,8.88840231,-8.627980302,55890.13804,59.53789641,-6.309304964,-5.078800756,-15.31117647,9.749797755,-45.22710635,42.60015068,9.259503036,4.523378935,77.63981548,61.71422151,39.08910294,0
Morcco,1998,0,115.1884968,18.53958071,13.53436849,0.747676849,23872.00769,67.41579112,-8.65809621,-7.244447571,-14.19139434,9.152687893,77.82663872,70.87917817,4.004540879,0.976607909,139.6831716,30.07877627,74.38904598,1
Morcco,1999,0,50.29246537,39.97068697,15.4256716,-6.797435196,25862.08854,70.57121274,-8.916137002,-7.032252963,-16.68763884,7.617236345,91.23271535,118.7218118,13.06639801,2.889102742,156.2221993,74.45351637,68.66408549,0
Morcco,2000,0,125.7084606,43.62096574,24.6132951,-9.845394653,34840.0353,53.60138633,-12.50579915,-12.66035008,17.41075364,0.714948665,83.32246908,137.9003559,0.36552139,0.009994883,108.3345804,72.19258912,78.10737559,0
Morcco,2001,0,96.49606126,29.28700651,18.92850471,-1.53773138,27937.35881,18.45283494,5.430660477,7.589505369,-0.993504625,8.824687161,86.95403641,149.8180083,8.358401434,1.643753366,86.8929371,17.2628049,49.26340148,1
Morcco,2002,0,47.39920293,62.66094948,28.61358972,-7.255655368,10365.52097,93.93106946,-12.83356487,-14.83253512,-17.42698866,9.392288788,-47.69910809,86.50291793,5.757754428,-0.355984981,151.8474159,11.91798401,98.95390084,0
Morcco,2003,0,50.77366186,49.86226882,6.947353077,-6.789691694,1407.765682,68.1499791,-7.692630853,-9.194332372,-7.138803899,8.812769326,96.66884739,126.9282264,9.058562933,-2.449970739,141.63368,78.35209381,25.36069243,1
Morcco,2004,1,101.6439604,13.07580301,9.337871799,-8.461787225,36705.75598,19.86820387,-13.85810654,-16.05109365,-5.943494355,9.306805357,4.953567234,26.06211356,5.402580747,-1.745596324,61.68682377,76.95325173,26.37612936,0
Morcco,2005,0,127.8921471,38.7686856,22.47240262,-5.898124926,55272.15324,28.84379239,4.534664243,6.319887807,12.38239294,5.455521266,80.39216775,57.15721747,10.76531868,-0.38392955,150.001946,39.55999231,93.35006781,1
Morcco,2006,0,74.03161166,82.93896222,16.79376757,4.309683595,6649.938742,91.80240542,-14.01790794,-15.64585723,9.419075687,11.92814968,-21.9786694,68.29674244,0.304971645,5.786284056,123.2776899,13.53943269,71.81651479,0
Morcco,2007,0,53.57905579,72.07313814,15.3534677,6.178546144,12893.87734,88.1859446,-7.292472403,-9.359404947,7.575481983,9.364049533,16.9788614,146.8180999,6.088341582,5.691049352,163.0053435,53.32128869,46.10672545,1
Morcco,2008,0,132.7115089,75.23837682,7.345982766,-0.949327119,22402.7003,37.54037603,-0.667565748,0.071098378,-19.1254579,7.154820061,-43.37534171,20.44117427,12.468954,4.448970082,78.60763128,30.53870752,80.95622062,0
Morcco,2009,0,107.0048779,72.83052317,36.35017112,0.131076318,48581.91107,-0.977741691,-4.760965993,-7.298473834,16.42783186,11.2431996,-43.98860047,60.04269591,3.753010767,-0.90744554,88.73246269,75.57060908,56.22187103,0
Morcco,2010,0,78.25111335,37.98757192,29.21365051,-9.346899308,16374.84089,0.092223734,-7.943223319,-10.67382166,-11.37778932,10.9442809,91.49141512,140.9535937,0.791263176,0.974419265,131.4969109,65.62633475,21.6897207,0
Morcco,2011,0,83.42702539,18.96975299,9.256635489,-8.613674773,52958.64794,24.81142055,-8.120273189,-10.4799673,5.162456188,9.867521251,71.59099188,59.86817056,7.447861118,0.958045546,122.2600292,55.47156489,72.08829355,1
Morcco,2012,0,46.55334083,34.52204656,7.276608521,-4.848645487,3580.985117,61.05783303,4.94475765,1.946202954,-17.52723828,6.982491568,29.47390666,49.25867956,14.64800191,0.482759203,107.9548057,29.91526933,39.44895497,0
Morcco,2013,0,101.4843419,84.86067702,39.12053867,0.877968414,56475.11029,56.34043671,9.349452377,10.5313933,-16.73895633,6.56166172,28.81872603,114.9115065,0.962378423,-2.596077254,161.9049972,59.08880056,29.22680933,0
Morcco,2014,0,66.63652637,98.2423718,28.84103927,4.791022975,33776.60055,61.55191763,-6.298973239,-5.925561308,-19.61690815,4.280141218,62.31319277,116.8940561,1.050847391,1.810746368,134.7127345,30.24177867,38.0218546,0
Morcco,2015,0,149.433873,54.44623133,19.61096249,2.100061227,39629.02741,70.31471205,-14.02136216,-15.76211151,2.637105782,3.38509676,1.250317236,81.38312474,8.926748474,-2.344692071,156.5407781,12.63416889,58.09263049,0
Morcco,2016,0,82.42385698,10.87303194,29.56058643,-2.1574429,22251.0645,-3.001613373,-14.08585555,-15.68782586,5.175186785,6.392134445,64.28039138,143.0992711,3.751015693,4.217268126,72.98824435,45.59042113,23.9885145,0
Morcco,2017,0,83.1651288,22.60403309,31.47161253,-7.63351854,46985.05885,6.033987493,3.98033538,5.846146971,-17.98150787,7.14449026,22.751257,46.35192034,6.153468505,3.221764286,159.3482443,44.20791814,90.65219094,0
Morcco,2018,0,93.56073236,38.98725178,32.29867708,5.615464698,10244.00513,32.74576244,-1.19075446,-1.179833765,-8.380604609,3.312053962,45.68761044,138.7440584,12.45760729,0.17463306,119.2292162,63.41041811,64.79344133,0
Morcco,2019,0,139.1782804,62.07268137,21.7257057,-2.724278968,3220.035969,11.26029974,4.589816435,5.780986578,14.05817657,11.1099143,94.72441752,118.2160499,2.982730263,2.82422744,55.06519035,70.59717176,43.43969441,1
Morcco,2020,0,124.106353,16.75842812,20.04589653,4.72108029,23912.3615,2.908604467,2.437425257,2.153957965,-15.94766533,6.908650962,20.69733363,67.86708431,10.78949905,-0.902666941,85.1737331,34.81279421,74.96038785,0
Morcco,2021,0,78.64690907,94.90215688,5.385982949,0.259576838,51265.63412,62.30126158,7.687658732,6.113966888,-11.33811342,6.554811242,12.76069896,124.8981206,7.567282699,-0.612749415,53.86345876,41.46311071,84.33891976,0
Morcco,2022,0,113.4309046,42.8575306,37.42949903,4.773241071,45369.13215,80.61033014,7.145607276,9.96802408,-3.024351661,5.509841466,85.86237609,37.31628293,13.57436539,-0.172798348,118.5311783,42.92802938,69.11397024,0
Seychelles,1980,0,96.21061484,92.13257961,26.11577574,8.145791229,31174.21144,74.02579903,4.708184891,5.102070271,13.69096411,1.167819901,85.38707424,37.02772412,3.451559323,5.756658003,169.55174,32.81158324,36.19957455,0
Seychelles,1981,0,84.00771633,80.24696225,12.1103878,8.420590321,34456.62351,80.78917675,-3.120270999,-5.334379576,-9.806037821,10.64761535,98.86280528,140.8918364,12.05653175,1.364647071,81.60370203,79.12146919,28.82307361,1
Seychelles,1982,0,45.00105046,77.98935453,37.18611968,0.7021356,8054.60173,64.91493713,-7.29683981,-7.860299557,19.88548061,4.145433604,32.6294499,32.32146602,7.198065902,2.261823532,134.4171841,70.79528819,88.79197576,0
Seychelles,1983,0,80.31171425,64.60476218,37.02261656,0.230167295,50488.68606,72.21125879,-2.324330314,-3.348305842,-5.789527474,7.888293846,1.639231154,20.53034889,9.154529613,3.712582867,80.07006716,67.79696022,38.77499308,0
Seychelles,1984,0,51.95641631,66.41054353,39.62144575,-4.68643069,47281.49307,23.53677129,-2.448209817,-4.163685005,-4.542053661,7.485485928,-13.94149052,70.57396391,1.382301258,-0.131932723,92.75561376,45.07815843,21.60659445,0
Seychelles,1985,0,138.9294795,67.42029117,35.59197971,8.715996631,39491.28252,99.26584381,0.256888722,2.857528658,-15.11575183,7.221598492,-44.88554646,33.50062668,3.07547375,-0.959336845,85.32219395,66.49612495,71.43216865,0
Seychelles,1986,0,63.60288575,66.58492483,39.92245357,-0.841616656,28131.60487,14.23239372,-10.34756081,-8.062040833,7.207916034,6.545690323,59.00929363,132.1947441,11.60036822,5.682166552,146.7507007,28.68087532,32.23082639,0
Seychelles,1987,0,143.7943219,59.83554083,13.56401658,-7.448175214,57878.21832,17.52185681,1.390497011,-0.41462029,-10.26139269,2.586558084,-14.97857394,139.9501567,3.358626618,0.893538521,129.0093417,49.24546275,99.27758558,0
Seychelles,1988,0,89.29718771,98.77726166,34.47873548,-1.345901707,52778.20872,25.33679234,-3.584976895,-4.472089561,5.154703812,3.726966022,40.99613278,82.71542737,1.387947413,-2.985682561,158.1948719,37.50426429,89.57846654,0
Seychelles,1989,0,102.1007692,75.90615107,33.80599081,-7.458934995,38772.50046,97.40990516,0.505120799,2.079013149,-11.07369086,6.52816282,87.4888548,75.31129929,8.958049234,4.539464687,82.9915156,21.99393381,68.67565808,1
Seychelles,1990,0,90.58225778,79.92517496,13.08291257,0.050633685,22496.51956,98.77030188,-9.009879427,-10.75884314,-4.485109311,9.577438193,92.53204111,90.075106,8.219047742,2.396977452,51.37228036,15.0829402,86.70925141,0
Seychelles,1991,0,36.81948021,88.52165336,8.445314215,1.225510297,37195.93004,78.46384372,-4.140127653,-3.590738477,14.26688368,5.467873162,-49.3384799,49.40530123,9.118408935,-1.482972936,152.0764351,49.07528681,57.64285606,0
Seychelles,1992,0,68.85675847,29.40757865,39.27971798,-3.24488477,34653.82331,61.05104785,-9.744969639,-8.546205986,9.556236459,2.84510936,-2.438745294,58.73556198,9.274582445,-2.728742761,67.22809377,16.83473944,83.07889956,1
Seychelles,1993,0,32.8889946,17.54237432,15.3608593,-8.566987715,23836.24667,49.60657039,6.882628919,7.806462873,-13.816364,1.511360885,75.60670442,33.12703216,7.502960188,-0.376658121,86.94578366,60.26021677,71.72268419,1
Seychelles,1994,0,100.9840257,53.46049929,35.48121267,8.870070713,18608.43611,96.9151888,-2.800973874,-1.562522032,4.308326695,8.12462654,30.4667808,78.03851184,7.406608809,5.350983859,95.85292287,74.50279351,22.29157184,0
Seychelles,1995,0,78.09364538,56.26726261,5.144450414,5.46706227,24598.5443,68.0403943,-9.375464611,-8.135267076,5.145626067,5.368409662,71.12631002,99.51991093,13.86248348,5.40142053,162.0203138,21.34742768,95.9006134,0
Seychelles,1996,0,121.1380463,84.6263602,5.735868253,6.77762161,34562.51094,94.19666347,-13.96978261,-11.18094709,-16.37726106,1.941765265,77.99849243,140.9290855,8.008225873,-0.200968623,143.8837716,42.9657005,88.87356626,1
Seychelles,1997,0,48.66116253,49.94052214,21.3054958,-2.662632114,25859.65023,28.23783395,1.893466616,0.972459953,-1.367773827,8.25636912,16.39393299,116.0795122,9.259503036,4.523378935,77.63981548,61.71422151,96.27259125,0
Seychelles,1998,0,41.3935876,61.3767723,13.35501394,5.2166206,16035.39695,30.04635319,-9.63388215,-7.362339604,-9.573264173,2.887155405,3.847440704,113.9982854,4.004540879,0.976607909,139.6831716,30.07877627,78.50927476,0
Seychelles,1999,0,72.82319003,57.43638447,29.14444492,-0.292542097,45729.51007,84.74608238,9.739554808,6.870397183,-1.314794289,6.353684555,18.31498991,60.03986507,13.06639801,2.889102742,156.2221993,74.45351637,52.96487373,0
Seychelles,2000,0,140.4560998,13.43825054,24.79475139,-5.978330232,32028.60951,10.73476666,-1.657490665,-2.928272885,11.08283965,4.021161713,47.91928039,135.4781287,0.36552139,0.009994883,108.3345804,72.19258912,36.55881786,0
Seychelles,2001,0,112.354836,65.36934069,7.712002911,-7.511532462,4340.207245,94.32242544,-7.775575094,-10.4836404,-13.66961761,11.21443574,5.073872933,143.1042406,8.358401434,1.643753366,86.8929371,17.2628049,34.39970781,0
Seychelles,2002,0,74.46007122,84.52389572,10.69199037,-3.098982614,22288.49539,48.28480724,1.441935845,2.349159605,-15.06783178,3.125312762,66.2482433,141.1941818,5.757754428,-0.355984981,151.8474159,11.91798401,31.59329987,1
Seychelles,2003,0,87.24538207,24.17504933,18.58172445,-7.24895777,53129.3334,92.27345725,-8.119501914,-10.51475969,-9.227340196,5.329062998,85.59891905,25.04439345,9.058562933,-2.449970739,141.63368,78.35209381,37.64877141,0
Seychelles,2004,0,30.94769145,63.48985605,11.49614224,9.965379524,45387.62091,30.36324282,5.506857348,7.58109853,18.09101801,11.53417636,-7.653319676,98.56558272,5.402580747,-1.745596324,61.68682377,76.95325173,64.05088107,0
Seychelles,2005,1,147.9948665,63.424949,32.72778215,-9.016220195,19597.833,70.17568493,-7.294098727,-6.414548624,9.912968447,4.165339569,94.74844663,103.6192637,10.76531868,-0.38392955,150.001946,39.55999231,74.69960506,0
Seychelles,2006,0,106.6329496,24.77664677,19.56245824,-1.177128013,56309.53418,45.70188781,9.70619331,6.879085716,-19.22176549,7.912821375,43.40878701,58.35847083,0.304971645,5.786284056,123.2776899,13.53943269,45.12452488,0
Seychelles,2007,0,57.1025289,21.11172164,8.270115339,-0.958129552,4873.193629,60.81438118,0.128619636,1.417283829,-3.959806301,4.142361003,81.72531568,149.0135838,6.088341582,5.691049352,163.0053435,53.32128869,63.89975756,0
Seychelles,2008,0,96.15509125,98.20467487,21.95200158,-3.987361428,57685.71182,47.95911178,6.110278724,8.282488407,-9.704080837,1.77276226,-34.41253471,57.85436965,12.468954,4.448970082,78.60763128,30.53870752,47.30021276,1
Seychelles,2009,0,34.23270759,45.43472527,8.179336337,1.427031314,14968.59402,96.54713982,-13.17961326,-12.21288721,5.525782735,7.716793176,-12.27512944,48.15951556,3.753010767,-0.90744554,88.73246269,75.57060908,75.72079789,0
Seychelles,2010,0,145.5587669,30.46795559,9.51280569,-7.000459517,842.9225641,67.67106677,-6.292514565,-9.10936927,-1.628301859,11.03436266,-1.847138085,82.93893456,0.791263176,0.974419265,131.4969109,65.62633475,99.07889763,0
Seychelles,2011,0,42.72204842,25.419209,13.38634412,5.678247612,26198.33978,21.38849171,3.437177154,5.584694445,18.57994099,5.704493673,-4.576677324,62.00915937,7.447861118,0.958045546,122.2600292,55.47156489,75.12135747,0
Seychelles,2012,1,104.2439413,70.08415422,35.08346968,-3.351045635,21730.53465,90.5160768,1.376475434,2.771258911,-11.24086196,7.701030241,-24.22082651,140.1238298,14.64800191,0.482759203,107.9548057,29.91526933,24.72244615,0
Seychelles,2013,0,51.90908013,64.85007676,37.36143863,1.826851796,32483.61361,25.87312251,-10.14392196,-10.87321409,3.51425664,7.502331752,80.23014213,77.20997507,0.962378423,-2.596077254,161.9049972,59.08880056,58.17879663,0
Seychelles,2014,0,113.2829797,67.91969107,33.91902053,4.312784721,47867.33978,34.01853543,-6.094926737,-7.123145187,8.0084006,5.27353158,12.79182119,73.31944211,1.050847391,1.810746368,134.7127345,30.24177867,81.63099941,0
Seychelles,2015,0,120.9867777,17.92054248,16.69270261,7.780842354,50593.11889,5.722988292,-8.413914813,-8.534993724,13.02257957,7.571311346,94.46953187,101.3620769,8.926748474,-2.344692071,156.5407781,12.63416889,63.3793285,0
Seychelles,2016,0,107.5445648,90.41811251,14.53562544,6.715748729,24253.43098,89.49648458,0.334254244,2.53686475,-3.721158783,3.482157971,37.52085502,30.54490726,3.751015693,4.217268126,72.98824435,45.59042113,96.08504238,0
Seychelles,2017,0,99.88492983,45.03397571,24.22044918,2.166180562,25961.7909,25.04176244,-6.385794264,-7.873438152,7.476876306,4.847435903,-29.24080465,118.3752831,6.153468505,3.221764286,159.3482443,44.20791814,24.38173434,1
Seychelles,2018,0,136.0209822,38.20324658,30.26486062,-2.232136392,9146.210501,22.18634988,-7.27364395,-9.667861083,-7.871941145,5.586666848,31.88570648,119.8918468,12.45760729,0.17463306,119.2292162,63.41041811,43.29244346,0
Seychelles,2019,0,30.22147243,51.61253025,39.76804759,0.064093401,3138.59225,91.62757279,-9.815550489,-7.627732251,-2.580956306,10.43609986,99.03177216,81.62335851,2.982730263,2.82422744,55.06519035,70.59717176,37.65744861,0
Seychelles,2020,0,63.01891955,45.10594592,9.604974916,5.374695868,38580.53492,79.58032055,-4.774321977,-7.616582884,15.82508525,4.505828291,34.77575306,144.2407323,10.78949905,-0.902666941,85.1737331,34.81279421,81.40977614,0
Seychelles,2021,0,52.27737235,87.72193028,6.725219966,7.550910851,4146.926245,9.81328676,-10.11243525,-7.646453112,17.99630437,7.804076053,-49.71959823,95.3140844,7.567282699,-0.612749415,53.86345876,41.46311071,61.90344548,0
Seychelles,2022,0,148.4418151,93.63348777,29.30245611,-7.924361436,44109.65813,75.77907291,9.064239684,7.89871085,8.752693877,2.95414413,89.96198554,110.3807391,13.57436539,-0.172798348,118.5311783,42.92802938,31.06753691,1
Chile ,1980,0,70.62067136,37.31078948,34.12790242,-2.30287475,32483.68166,90.8684753,-11.13745471,-11.0881185,-5.025924369,3.404551884,-14.76583908,140.1648442,3.451559323,5.756658003,169.55174,32.81158324,42.84746108,0
Chile ,1981,0,115.2396509,87.75422267,34.6222073,5.522331968,12155.4038,3.243677912,7.832617874,5.626391022,12.8023116,7.956932068,53.27935796,106.6248946,12.05653175,1.364647071,81.60370203,79.12146919,61.81274584,0
Chile ,1982,0,109.0142713,80.33708166,28.74622422,-1.366964748,32509.51973,81.64757446,-4.288172546,-1.87464273,-18.96531673,9.266564165,27.26202324,76.137381,7.198065902,2.261823532,134.4171841,70.79528819,99.6903185,0
Chile ,1983,1,47.57056087,93.77269051,38.39055314,-3.355444719,11224.96368,52.47910545,-5.553350211,-4.054332871,-15.89016358,5.81434753,-1.184936474,23.22025283,9.154529613,3.712582867,80.07006716,67.79696022,49.14338859,1
Chile ,1984,0,51.06969843,32.1175281,22.88516672,-1.773546064,26492.61129,65.26573218,-9.217004977,-6.672071458,6.454949455,4.353646513,-7.604071449,114.678911,1.382301258,-0.131932723,92.75561376,45.07815843,32.54608779,0
Chile ,1985,0,56.56699326,61.92632351,36.98351794,2.056894936,48033.75088,46.74970559,0.893908359,1.993282666,-8.350056989,10.96812289,89.31397938,145.4325815,3.07547375,-0.959336845,85.32219395,66.49612495,59.76532206,0
Chile ,1986,0,73.44654617,34.70901263,38.87342479,9.996102883,27876.58182,68.26932392,2.138200375,0.246363036,18.05544874,2.061789873,86.78888439,81.13056606,11.60036822,5.682166552,146.7507007,28.68087532,44.81491018,0
Chile ,1987,0,50.46225853,84.16850414,34.650511,-0.140151418,9177.349302,-1.419724525,-3.310725944,-4.461123926,-2.557575516,8.788213733,26.97022601,64.16992291,3.358626618,0.893538521,129.0093417,49.24546275,65.27734591,1
Chile ,1988,0,22.55469276,10.47917715,15.84154971,-5.830110501,43512.5723,75.08420594,-13.60732761,-13.68623616,-2.825407184,8.436963622,-11.22572067,87.50372543,1.387947413,-2.985682561,158.1948719,37.50426429,57.33682422,0
Chile ,1989,0,134.3210974,60.83372466,11.86754779,-6.743068494,11450.07445,-1.498911725,7.962753767,8.606302999,7.123180408,8.437819371,-34.64869517,114.6968367,8.958049234,4.539464687,82.9915156,21.99393381,75.15919374,0
Chile ,1990,0,145.5292781,40.52830881,24.18420227,-9.15300505,44391.4275,42.80648401,9.508228322,12.06698495,10.70274249,11.25733511,-26.51354257,20.08976168,8.219047742,2.396977452,51.37228036,15.0829402,93.14325671,0
Chile ,1991,0,64.40415031,39.04153364,20.85551626,1.176344698,28917.33167,10.85132428,-4.22391462,-4.920205825,-0.977650475,8.874188461,28.33775886,135.337524,9.118408935,-1.482972936,152.0764351,49.07528681,36.04114806,0
Chile ,1992,0,64.00589433,68.04156915,35.72154198,0.89144183,27388.38302,81.47529912,0.341520185,1.559952317,-11.43996393,3.967999678,-3.825505913,135.2271718,9.274582445,-2.728742761,67.22809377,16.83473944,85.69440563,0
Chile ,1993,0,20.92193566,86.63360044,8.501108487,-5.895321464,51130.67176,27.93439546,-3.742534344,-0.97648125,10.93234571,4.564206079,-43.68977866,90.36873137,7.502960188,-0.376658121,86.94578366,60.26021677,95.94125724,0
Chile ,1994,1,108.4325895,64.82758523,14.02090215,3.906588129,42603.6304,42.67982218,-6.953008728,-9.038764347,-7.185949005,4.997776192,18.2751078,35.9092396,7.406608809,5.350983859,95.85292287,74.50279351,49.88877452,0
Chile ,1995,0,127.3071864,86.78556808,31.31296306,4.822140833,2264.774578,40.01882784,-13.06703018,-10.89077265,-12.99556923,0.854299752,61.92839387,107.3347533,13.86248348,5.40142053,162.0203138,21.34742768,29.09301605,1
Chile ,1996,0,39.05907905,33.81374007,8.324532574,-4.818035892,17981.60658,76.1127064,-3.59830674,-4.074070318,5.265607597,11.00536863,83.75426739,37.91993619,8.008225873,-0.200968623,143.8837716,42.9657005,85.75289366,0
Chile ,1997,0,40.75662542,56.75516693,16.22675449,-3.118004719,52293.96345,45.52015778,5.459613909,6.854144565,-16.38185332,1.345854944,37.79260685,85.98112969,9.259503036,4.523378935,77.63981548,61.71422151,76.08766476,0
Chile ,1998,0,122.7108225,50.54828852,18.55043879,9.809433447,1394.072262,77.84062518,-14.57421347,-15.81298344,18.854107,8.547634244,58.49381858,32.17189636,4.004540879,0.976607909,139.6831716,30.07877627,37.01697639,0
Chile ,1999,0,100.1177973,11.04804096,26.79078288,-2.514710643,32851.63074,2.718369064,-0.44730792,-1.443402611,5.295890576,8.896851556,4.61057063,96.57849398,13.06639801,2.889102742,156.2221993,74.45351637,55.61788745,0
Chile ,2000,0,25.83187249,60.11309288,10.5346426,5.216033435,43751.19245,15.11736663,7.019302718,4.182102067,19.43582084,10.20272308,24.43572688,61.34901227,0.36552139,0.009994883,108.3345804,72.19258912,66.23937652,0
Chile ,2001,0,100.9311088,69.53718917,35.12115716,-0.945491467,37424.8083,52.91109621,-9.56126425,-6.732839331,-6.444263061,6.863665939,59.44402848,128.0288839,8.358401434,1.643753366,86.8929371,17.2628049,33.58832693,0
Chile ,2002,0,60.15930397,63.2722964,20.66397824,5.866896557,45703.77247,94.4442741,-10.41860338,-8.537887931,18.84820645,8.840540874,59.14873411,123.9929964,5.757754428,-0.355984981,151.8474159,11.91798401,77.19302613,0
Chile ,2003,0,67.93427021,76.26519089,37.09575992,5.380464776,43623.80338,2.849573906,4.306915643,1.87042339,-14.17751009,3.981313631,13.67893969,149.8016038,9.058562933,-2.449970739,141.63368,78.35209381,75.19061931,0
Chile ,2004,0,120.0650844,61.42055756,21.37544698,3.355120504,41614.2325,-0.476157304,-8.622839222,-5.625786448,-18.37220911,9.074216125,31.55010123,53.47541271,5.402580747,-1.745596324,61.68682377,76.95325173,90.970129,0
Chile ,2005,0,125.421575,16.00752294,14.62640906,7.095566926,49345.9297,11.43782087,-10.20039331,-9.570245728,-18.68063758,4.449280979,88.57830093,28.03414206,10.76531868,-0.38392955,150.001946,39.55999231,65.38183715,0
Chile ,2006,0,72.04636149,20.48009717,9.964009004,8.784369898,38847.73291,62.32107853,-5.550268736,-3.427896908,-1.405185176,10.8826425,44.79964074,77.59042447,0.304971645,5.786284056,123.2776899,13.53943269,65.94504246,0
Chile ,2007,0,143.1298817,63.68271198,5.131078315,1.599666409,24324.38411,36.89425625,-5.187449693,-7.787485114,-16.6798321,2.378890789,46.38619385,30.84243355,6.088341582,5.691049352,163.0053435,53.32128869,69.55098848,0
Chile ,2008,0,72.84015333,34.74812728,23.62551197,-5.250621856,28472.97386,81.68299984,6.852526575,6.189233646,0.486715367,4.131209073,67.69304386,43.20496296,12.468954,4.448970082,78.60763128,30.53870752,41.90266091,1
Chile ,2009,0,120.3386846,17.16806161,8.750484392,-2.027420767,43088.46953,2.552980906,0.461086798,1.478993532,-6.89997986,6.235848693,-32.71656555,97.64901838,3.753010767,-0.90744554,88.73246269,75.57060908,80.6884681,1
Chile ,2010,0,82.90404439,48.66424691,18.71047173,5.16611427,52615.46997,15.62347912,-4.850963592,-7.212361279,-6.574840301,9.422281407,28.43264375,96.97701067,0.791263176,0.974419265,131.4969109,65.62633475,72.9999409,1
Chile ,2011,0,136.6792024,59.88903383,25.62451164,3.017669702,16551.46241,26.50277257,-1.640300893,-1.706883861,5.424359862,9.111189709,93.91476044,25.6325721,7.447861118,0.958045546,122.2600292,55.47156489,87.13165004,1
Chile ,2012,0,138.0089617,39.58713895,14.64900639,-6.444033229,20721.98472,60.8066591,8.849130833,8.50519808,-13.47607975,2.923244055,4.249058826,77.57761768,14.64800191,0.482759203,107.9548057,29.91526933,81.4868804,1
Chile ,2013,0,31.36418502,74.8390332,11.13285023,-8.975209177,55865.14196,66.94313248,-12.16963308,-13.87339174,10.66213481,2.158710511,-5.761078037,88.92843007,0.962378423,-2.596077254,161.9049972,59.08880056,71.08577844,0
Chile ,2014,0,141.7441331,67.93935473,32.11525679,3.659231871,34837.15401,8.041345866,-9.807111957,-11.00549294,3.281236791,3.995650449,40.18119484,54.84315092,1.050847391,1.810746368,134.7127345,30.24177867,32.87137207,1
Chile ,2015,0,127.3195294,39.9536525,38.13769103,-4.978419519,10984.02048,94.09949444,9.063217665,11.86592779,16.59778515,6.063172744,-16.83208632,133.3656136,8.926748474,-2.344692071,156.5407781,12.63416889,93.53178586,0
Chile ,2016,0,122.8703929,77.9385276,8.515414625,-0.006595125,39922.59979,30.80963419,8.933121213,7.665012129,-5.406373849,6.698558015,33.39177348,40.94282419,3.751015693,4.217268126,72.98824435,45.59042113,49.37697451,1
Chile ,2017,0,46.11847416,68.38255383,10.44566135,4.93493545,59448.50069,69.88272012,-10.57086447,-12.29030766,19.30859968,5.435082296,-26.65219837,53.00723465,6.153468505,3.221764286,159.3482443,44.20791814,97.14388548,0
Chile ,2018,0,124.6654971,67.37008408,38.600443,1.253335613,49460.1778,50.04181049,-11.37227957,-11.15502455,3.033105869,8.125536341,36.9690191,40.40927395,12.45760729,0.17463306,119.2292162,63.41041811,52.14966416,0
Chile ,2019,1,130.5172555,59.80849307,6.322447763,-8.333948338,44820.74585,18.38960192,-4.472871642,-3.447123437,18.93607825,5.416927851,40.35687755,35.1510624,2.982730263,2.82422744,55.06519035,70.59717176,31.67506341,1
Chile ,2020,0,57.58954348,11.02507013,39.21713178,-6.288395264,12720.38526,83.85397393,-13.75704269,-12.40648402,-18.91757384,11.38278361,12.76007185,134.2672939,10.78949905,-0.902666941,85.1737331,34.81279421,90.7871798,0
Chile ,2021,0,143.7938102,72.68564651,5.162556908,-5.613436319,52605.54515,80.91499296,1.372588307,2.898071414,9.119052896,3.501141752,7.411963816,56.12169146,7.567282699,-0.612749415,53.86345876,41.46311071,83.60469921,0
Chile ,2022,0,26.48181903,43.8437612,35.57840295,-4.842714927,31689.59396,36.58754466,-13.06259946,-15.84160451,12.66486097,7.714779388,-13.18125824,113.9281225,13.57436539,-0.172798348,118.5311783,42.92802938,82.90368449,0
Serbia,1980,0,39.48820292,94.83487391,15.75638133,1.308067839,53390.61432,56.8037965,-13.54925932,-14.18669692,-17.87306853,7.530846295,-0.361653825,75.63770676,3.451559323,5.756658003,169.55174,32.81158324,27.15286006,0
Serbia,1981,0,89.88554795,83.6186294,37.85061004,0.079315597,19990.72142,22.07169807,-2.870326595,-1.226578116,3.158786561,3.738109302,24.75189508,102.6635525,12.05653175,1.364647071,81.60370203,79.12146919,90.34238664,0
Serbia,1982,0,94.85302125,62.89250226,16.0930851,-5.936799233,4004.447842,67.43442102,8.944665903,11.37377851,12.07769174,5.234407682,-12.85116485,140.6629055,7.198065902,2.261823532,134.4171841,70.79528819,67.71205097,0
Serbia,1983,0,103.8695108,32.69637836,27.90072125,-8.648903131,28715.76533,27.44781533,-4.330101598,-3.716900858,2.441549009,4.702946624,67.42516951,129.7990227,9.154529613,3.712582867,80.07006716,67.79696022,57.6284589,0
Serbia,1984,0,22.20598681,28.33456539,7.801139942,-6.571355911,16409.30501,83.62826711,-6.087971033,-8.774129912,-17.44745638,2.48373919,56.3552862,28.96823101,1.382301258,-0.131932723,92.75561376,45.07815843,93.05372971,1
Serbia,1985,0,144.8476807,40.63463539,13.4815434,9.687626252,42999.1886,17.82543595,9.948917888,9.328792723,7.737889636,5.988894945,-9.604119928,129.8763296,3.07547375,-0.959336845,85.32219395,66.49612495,73.2833082,0
Serbia,1986,0,25.79645206,52.89111492,32.07877713,-0.629061004,57439.26121,-3.445640604,-1.700775981,-4.255413285,-17.57612341,4.94661591,-35.38472553,78.73705699,11.60036822,5.682166552,146.7507007,28.68087532,30.64246591,0
Serbia,1987,0,38.59805385,36.6458959,23.50400488,7.346910094,41551.15682,23.19334441,-5.618964828,-4.127737652,12.6987558,2.550649641,-49.97299415,65.51894449,3.358626618,0.893538521,129.0093417,49.24546275,61.56297408,1
Serbia,1988,0,21.82188728,56.34365459,37.47891716,6.975049333,53249.9556,15.06051108,-5.353479666,-7.972446851,-18.27863267,5.673620522,39.50782786,107.4104303,1.387947413,-2.985682561,158.1948719,37.50426429,70.92932711,0
Serbia,1989,0,93.69159633,24.8833383,20.00629929,0.230391149,27345.53361,48.37007617,-10.1260126,-12.0116262,-14.50410476,5.351205635,-18.29543803,143.5270235,8.958049234,4.539464687,82.9915156,21.99393381,91.88405582,0
Serbia,1990,0,141.1946949,97.99415315,35.4434328,4.133754169,46366.95201,16.38884562,-2.194423564,-2.69267302,-8.995696379,2.010705293,-48.11262948,32.23761469,8.219047742,2.396977452,51.37228036,15.0829402,42.39152813,1
Serbia,1991,0,106.5731316,19.71320995,20.71344031,-6.144959792,50629.69317,75.13493643,-4.028624296,-4.252734093,5.33459169,2.008656732,3.862790589,119.8500139,9.118408935,-1.482972936,152.0764351,49.07528681,83.53871085,1
Serbia,1992,1,126.9454709,93.87497257,39.27368975,3.767934099,42739.27497,20.34391699,-8.230117591,-8.791227389,19.05436399,7.946334868,94.29976935,46.456044,9.274582445,-2.728742761,67.22809377,16.83473944,83.98503231,0
Serbia,1993,0,21.72655645,92.22202103,38.59420335,-4.552308415,30614.30398,69.23165889,-10.98649783,-11.20611796,-15.2870859,8.625679254,53.49142114,69.41769597,7.502960188,-0.376658121,86.94578366,60.26021677,30.24395879,0
Serbia,1994,0,90.4619888,57.28244336,16.51978469,6.641241935,37664.20674,55.73944692,-7.219028283,-5.939593371,-14.29169323,11.32357483,78.66455544,133.5969921,7.406608809,5.350983859,95.85292287,74.50279351,21.37865462,0
Serbia,1995,0,79.74318708,75.24192447,36.00732846,-8.325517338,42120.26764,98.55623493,-2.282916808,-3.06730387,-5.245184132,1.50055394,-28.28913526,90.95389392,13.86248348,5.40142053,162.0203138,21.34742768,66.51277567,1
Serbia,1996,0,84.86583275,49.24434682,34.6663981,5.462773458,15409.13887,99.98960259,-13.54166819,-13.25516544,13.44876551,1.855407162,-39.00677681,28.76936423,8.008225873,-0.200968623,143.8837716,42.9657005,83.1583109,1
Serbia,1997,0,29.38771409,66.70311198,12.37381391,-8.001261869,48631.88188,86.30023875,-11.15639929,-12.33618374,-1.31076189,1.095908477,-48.27053547,86.04631152,9.259503036,4.523378935,77.63981548,61.71422151,64.35446595,0
Serbia,1998,1,108.9765969,40.65183437,26.85016403,7.623784738,57034.37498,74.79825378,8.691431674,7.813196645,-7.13557599,6.620626954,93.3493435,122.6534472,4.004540879,0.976607909,139.6831716,30.07877627,85.06779882,0
Serbia,1999,0,85.41865393,37.10431178,7.543881046,-3.915909637,28074.78712,35.57792347,-1.428616224,-0.74582247,2.448153288,7.661586064,-4.969589697,88.75447641,13.06639801,2.889102742,156.2221993,74.45351637,69.78425124,0
Serbia,2000,0,119.4693505,62.04068076,34.28487522,3.087867297,42153.71083,74.09405635,-13.41376741,-13.4707995,-9.579072102,5.140519697,18.92574135,41.69560107,0.36552139,0.009994883,108.3345804,72.19258912,72.26338893,1
Serbia,2001,0,83.08778243,54.83167068,11.10910592,-0.249954428,44300.44658,95.45093139,2.327193969,3.665411738,-3.95360371,9.675875541,9.17854354,77.85533976,8.358401434,1.643753366,86.8929371,17.2628049,22.25235406,0
Serbia,2002,0,39.41961271,62.15827322,7.478514549,-2.673937095,39836.17859,-2.545354583,-13.45492825,-13.09169672,-6.695794031,8.397043514,59.56854031,140.1648978,5.757754428,-0.355984981,151.8474159,11.91798401,27.08785623,0
Serbia,2003,0,104.273404,35.79945232,19.00766834,2.908836664,32962.77197,51.48104352,3.471855676,5.293300188,12.1656409,11.83716484,-3.505267707,105.5665187,9.058562933,-2.449970739,141.63368,78.35209381,78.00236942,0
Serbia,2004,0,42.41022707,43.02620486,25.19227485,8.950459611,52934.38289,17.88982196,3.749068043,3.409517321,16.97022906,2.085792308,30.31793239,114.8852458,5.402580747,-1.745596324,61.68682377,76.95325173,81.02746259,0
Serbia,2005,0,133.4112932,17.55081646,34.92209355,-9.174605053,27100.92454,53.57701317,1.276974394,1.223176113,10.38288769,1.17063014,99.33733974,122.171746,10.76531868,-0.38392955,150.001946,39.55999231,63.37423825,0
Serbia,2006,0,99.70511108,14.7048735,39.09848839,8.377057118,3947.846502,43.97694442,3.305113615,4.324941709,-2.436656959,3.660242614,16.6095327,31.79014515,0.304971645,5.786284056,123.2776899,13.53943269,67.2132102,0
Serbia,2007,0,40.43650486,32.81114167,20.38223794,2.1816331,50720.01563,55.45570106,-12.80085547,-14.47339181,0.1733991,0.719077246,32.6907311,95.59975271,6.088341582,5.691049352,163.0053435,53.32128869,69.14926719,0
Serbia,2008,0,145.1039475,16.68221734,7.115642304,6.146286015,40536.68196,52.85103325,3.169513809,2.48509103,-14.99705224,11.22503142,25.37920935,68.86897511,12.468954,4.448970082,78.60763128,30.53870752,28.39930551,1
Serbia,2009,0,87.38751023,19.33972378,31.21904527,-2.322500931,51000.74,95.81123911,-11.58279201,-10.83374454,9.874588445,3.995444075,70.47792372,38.09069128,3.753010767,-0.90744554,88.73246269,75.57060908,73.43268834,0
Serbia,2010,0,29.47679874,83.16355649,24.78106397,-0.563140503,8571.282314,52.97954144,-6.512352318,-9.339094703,3.859027176,6.85294692,-9.974051895,46.35224258,0.791263176,0.974419265,131.4969109,65.62633475,58.27759814,0
Serbia,2011,0,101.4882776,13.49863273,20.67619707,7.377015036,2135.950548,83.85436925,8.568631338,8.190459939,16.09759985,4.157800778,-24.43429758,121.5508616,7.447861118,0.958045546,122.2600292,55.47156489,68.20183813,0
Serbia,2012,0,52.91585791,69.30485145,15.82441076,-1.703040604,56082.16006,28.58113011,-2.428113059,-1.835013441,-11.97555426,3.326799153,63.11397374,40.99358369,14.64800191,0.482759203,107.9548057,29.91526933,65.0513463,0
Serbia,2013,0,124.4801487,34.53019739,22.58394847,0.693191335,9119.379859,41.00057232,9.185660802,11.98991399,10.38904488,2.252194326,12.34272796,60.61441894,0.962378423,-2.596077254,161.9049972,59.08880056,81.04001988,0
Serbia,2014,0,126.3168696,88.43911126,16.85378616,-9.596101538,48636.24422,44.39341498,-12.77693853,-10.51483916,7.386866469,4.184208084,87.05890135,57.03353397,1.050847391,1.810746368,134.7127345,30.24177867,45.4854611,0
Serbia,2015,0,147.2631563,53.64930561,31.49541537,-6.828039883,49445.63355,24.26644455,-3.061085011,-4.376633293,-9.366178648,7.5773177,46.62389287,26.32194731,8.926748474,-2.344692071,156.5407781,12.63416889,49.88209961,1
Serbia,2016,0,85.24303903,37.50188134,24.03627938,2.833730159,42609.70047,34.87797746,-13.43994199,-13.39668137,6.695145582,11.6736438,34.65146676,80.0805984,3.751015693,4.217268126,72.98824435,45.59042113,51.32850452,1
Serbia,2017,0,79.14439436,56.58750421,35.6896721,4.339538021,8136.354002,57.84387334,0.75525656,-1.906257204,16.97493522,6.918058464,-39.43144178,119.5708795,6.153468505,3.221764286,159.3482443,44.20791814,80.99648793,0
Serbia,2018,0,117.9518287,44.37622171,24.02403701,1.652018736,40143.69789,55.91971515,-13.03232497,-14.58779848,16.73743951,6.62615426,59.56178577,22.87984226,12.45760729,0.17463306,119.2292162,63.41041811,54.48900974,0
Serbia,2019,0,37.22118532,60.78709582,13.33918447,-7.133799274,53378.46902,61.82571118,-10.61580494,-8.966669728,8.785062981,0.905524708,52.90605483,34.63168856,2.982730263,2.82422744,55.06519035,70.59717176,34.16598174,1
Serbia,2020,0,91.09901679,20.30795815,34.78821588,-1.091891428,25704.23919,31.94088112,-8.529242248,-10.78935817,-18.0770755,10.16113868,46.01078867,113.6242683,10.78949905,-0.902666941,85.1737331,34.81279421,98.64327763,0
Serbia,2021,0,91.01218802,99.72914525,24.50266657,-2.898104673,24986.95621,28.16230699,3.718596292,2.264739441,14.89057349,1.015675812,-9.813571464,97.16552879,7.567282699,-0.612749415,53.86345876,41.46311071,59.47054912,0
Serbia,2022,0,31.63150597,48.30002899,12.23943634,-0.086773119,26738.64108,59.21987769,-10.90094703,-8.236692019,6.31114428,10.92167115,92.01089825,112.9821898,13.57436539,-0.172798348,118.5311783,42.92802938,28.73984665,0
